dataset,n_full_obs,mcar_obs_prob,prop_budget,tau,mean_width,mean_width_se,coverage,n_seeds
bbh+gpqa+ifeval+math+musr,0.0,1e-05,0.275,0.05,0.03647068783640857,7.899705587340364e-06,0.9515461121157324,100
bbh+gpqa+ifeval+math+musr,0.0,1e-05,0.275,0.25,0.03353457935154434,1.8262048602038324e-06,0.9499547920433996,100
bbh+gpqa+ifeval+math+musr,0.0,1e-05,0.275,0.5,0.0330733291432261,1.1955033294788554e-06,0.9498508137432188,100
bbh+gpqa+ifeval+math+musr,0.0,1e-05,0.275,0.75,0.032897011898457965,9.694818055646042e-07,0.9498327305605787,100
bbh+gpqa+ifeval+math+musr,0.0,1e-05,0.3,0.05,0.03418509356677528,7.910029809166642e-06,0.9508996383363472,100
bbh+gpqa+ifeval+math+musr,0.0,1e-05,0.3,0.25,0.03151422452181573,1.8207933889249949e-06,0.9495840867992765,100
bbh+gpqa+ifeval+math+musr,0.0,1e-05,0.3,0.5,0.031096638105809638,1.1360121698021684e-06,0.9497920433996383,100
bbh+gpqa+ifeval+math+musr,0.0,1e-05,0.3,0.75,0.030936999786645124,9.086237067317458e-07,0.9499095840867993,100
bbh+gpqa+ifeval+math+musr,0.0,1e-05,0.325,0.05,0.03205758962780232,7.416672722818374e-06,0.9517314647377938,100
bbh+gpqa+ifeval+math+musr,0.0,1e-05,0.325,0.25,0.029704093243926713,1.6072714577956432e-06,0.9502215189873418,100
bbh+gpqa+ifeval+math+musr,0.0,1e-05,0.325,0.5,0.02932880787178869,1.0169854501668523e-06,0.9500858951175407,100
bbh+gpqa+ifeval+math+musr,0.0,1e-05,0.325,0.75,0.029183068275451605,8.218605088579722e-07,0.9501265822784809,100
bbh+gpqa+ifeval+math+musr,0.0,1e-05,0.35,0.05,0.030150333456695034,6.966531264221391e-06,0.9515958408679928,100
bbh+gpqa+ifeval+math+musr,0.0,1e-05,0.35,0.25,0.02806444887071843,1.641011503916341e-06,0.9502305605786618,100
bbh+gpqa+ifeval+math+musr,0.0,1e-05,0.35,0.5,0.02772593203932042,1.0333431552569926e-06,0.9501491862567812,100
bbh+gpqa+ifeval+math+musr,0.0,1e-05,0.35,0.75,0.02759297929704185,7.838955252112144e-07,0.9501808318264015,100
bbh+gpqa+ifeval+math+musr,0.0,1e-05,0.375,0.05,0.02847615256905551,5.381083371385734e-06,0.9510488245931283,100
bbh+gpqa+ifeval+math+musr,0.0,1e-05,0.375,0.25,0.026563516929745627,1.43304967028562e-06,0.9496066907775769,100
bbh+gpqa+ifeval+math+musr,0.0,1e-05,0.375,0.5,0.02625408077612514,9.109042351542749e-07,0.949882459312839,100
bbh+gpqa+ifeval+math+musr,0.0,1e-05,0.375,0.75,0.02613204417750235,7.120405539106525e-07,0.9500994575045207,100
bbh+gpqa+ifeval+math+musr,0.0,1e-05,0.4,0.05,0.026937959566712327,4.993576133928601e-06,0.9519077757685352,100
bbh+gpqa+ifeval+math+musr,0.0,1e-05,0.4,0.25,0.02518762392923231,1.2977545783670538e-06,0.9500949367088607,100
bbh+gpqa+ifeval+math+musr,0.0,1e-05,0.4,0.5,0.02490345254540438,8.989746565187236e-07,0.9500768535262206,100
bbh+gpqa+ifeval+math+musr,0.0,1e-05,0.4,0.75,0.024790292400866693,6.9346667042205e-07,0.9501537070524413,100
bbh+gpqa+ifeval+math+musr,0.0,1e-05,0.425,0.05,0.02540880741551514,4.786529579754904e-06,0.951008137432188,100
bbh+gpqa+ifeval+math+musr,0.0,1e-05,0.425,0.25,0.023902769740670876,1.2445593476484509e-06,0.9497920433996383,100
bbh+gpqa+ifeval+math+musr,0.0,1e-05,0.425,0.5,0.02364674059674139,8.223761228434963e-07,0.9499321880650995,100
bbh+gpqa+ifeval+math+musr,0.0,1e-05,0.425,0.75,0.02354280391708011,6.211909242453963e-07,0.9500180831826401,100
bbh+gpqa+ifeval+math+musr,0.0,1e-05,0.45,0.05,0.024062526188790755,4.6189705765415464e-06,0.9517947558770343,100
bbh+gpqa+ifeval+math+musr,0.0,1e-05,0.45,0.25,0.022703272141516163,1.1034597631467706e-06,0.9504882459312839,100
bbh+gpqa+ifeval+math+musr,0.0,1e-05,0.45,0.5,0.022468866109847975,7.367804757304351e-07,0.9505741410488245,100
bbh+gpqa+ifeval+math+musr,0.0,1e-05,0.45,0.75,0.022372534833848427,5.658625465419569e-07,0.9504520795660036,100
bbh+gpqa+ifeval+math+musr,0.0,1e-05,0.475,0.05,0.022794261649250934,4.485441626566167e-06,0.9513471971066907,100
bbh+gpqa+ifeval+math+musr,0.0,1e-05,0.475,0.25,0.02157918505370612,1.0725413429460155e-06,0.95,100
bbh+gpqa+ifeval+math+musr,0.0,1e-05,0.475,0.5,0.021365076806396197,6.84255636203474e-07,0.9502712477396021,100
bbh+gpqa+ifeval+math+musr,0.0,1e-05,0.475,0.75,0.02127569545060391,5.338335200876724e-07,0.9504113924050632,100
bbh+gpqa+ifeval+math+musr,0.0,1e-05,0.5,0.05,0.022849188558757255,6.247730407381991e-06,0.9519710669077758,100
bbh+gpqa+ifeval+math+musr,0.0,1e-05,0.5,0.25,0.020655491072684478,1.244462079549855e-06,0.9501627486437613,100
bbh+gpqa+ifeval+math+musr,0.0,1e-05,0.5,0.5,0.020345674697309683,6.838166072189802e-07,0.9501401446654612,100
bbh+gpqa+ifeval+math+musr,0.0,1e-05,0.5,0.75,0.020238545276224564,4.891473374079903e-07,0.9497061482820977,100
bbh+gpqa+ifeval+math+musr,0.0,0.0001,0.275,0.05,0.036470750756561705,7.981655642793597e-06,0.9515867992766727,100
bbh+gpqa+ifeval+math+musr,0.0,0.0001,0.275,0.25,0.033534982763230754,1.8151922010130943e-06,0.9500452079566003,100
bbh+gpqa+ifeval+math+musr,0.0,0.0001,0.275,0.5,0.03307363964617248,1.1954872239665545e-06,0.9498688969258589,100
bbh+gpqa+ifeval+math+musr,0.0,0.0001,0.275,0.75,0.032897660620510534,9.68901177990527e-07,0.9498372513562388,100
bbh+gpqa+ifeval+math+musr,0.0,0.0001,0.3,0.05,0.03418411258608098,7.990065229622412e-06,0.9509403254972875,100
bbh+gpqa+ifeval+math+musr,0.0,0.0001,0.3,0.25,0.03151391349732871,1.8288464633431771e-06,0.9498191681735985,100
bbh+gpqa+ifeval+math+musr,0.0,0.0001,0.3,0.5,0.03109623527154322,1.1380947726622725e-06,0.9497830018083182,100
bbh+gpqa+ifeval+math+musr,0.0,0.0001,0.3,0.75,0.030936660729348614,9.105017988066198e-07,0.9499141048824593,100
bbh+gpqa+ifeval+math+musr,0.0,0.0001,0.325,0.05,0.03205752216279502,7.448179610635439e-06,0.9517179023508138,100
bbh+gpqa+ifeval+math+musr,0.0,0.0001,0.325,0.25,0.02970410905778403,1.609287220572442e-06,0.9502757685352621,100
bbh+gpqa+ifeval+math+musr,0.0,0.0001,0.325,0.5,0.029328985568135933,1.018780585171417e-06,0.9500361663652802,100
bbh+gpqa+ifeval+math+musr,0.0,0.0001,0.325,0.75,0.029182967096567106,8.223732838902815e-07,0.9500858951175407,100
bbh+gpqa+ifeval+math+musr,0.0,0.0001,0.35,0.05,0.03015027485787864,6.9693435481154365e-06,0.9515596745027125,100
bbh+gpqa+ifeval+math+musr,0.0,0.0001,0.35,0.25,0.028064512703567693,1.6498051948328012e-06,0.9502124773960215,100
bbh+gpqa+ifeval+math+musr,0.0,0.0001,0.35,0.5,0.027725922763347576,1.0322034411941841e-06,0.9500316455696202,100
bbh+gpqa+ifeval+math+musr,0.0,0.0001,0.35,0.75,0.027593125458806704,7.829156211136632e-07,0.9501265822784809,100
bbh+gpqa+ifeval+math+musr,0.0,0.0001,0.375,0.05,0.028476499598473266,5.378455236438993e-06,0.9510352622061482,100
bbh+gpqa+ifeval+math+musr,0.0,0.0001,0.375,0.25,0.026563413348048882,1.431436959842601e-06,0.9497016274864376,100
bbh+gpqa+ifeval+math+musr,0.0,0.0001,0.375,0.5,0.026253915056586218,9.079155502094558e-07,0.9498056057866183,100
bbh+gpqa+ifeval+math+musr,0.0,0.0001,0.375,0.75,0.0261317896097898,7.125402447968452e-07,0.9500949367088607,100
bbh+gpqa+ifeval+math+musr,0.0,0.0001,0.4,0.05,0.026937763486057472,4.977788866705338e-06,0.9519303797468355,100
bbh+gpqa+ifeval+math+musr,0.0,0.0001,0.4,0.25,0.025187024250626515,1.3044474730584591e-06,0.9501537070524413,100
bbh+gpqa+ifeval+math+musr,0.0,0.0001,0.4,0.5,0.024903116617351725,8.986394242303496e-07,0.950131103074141,100
bbh+gpqa+ifeval+math+musr,0.0,0.0001,0.4,0.75,0.024789753220975354,6.925942203836089e-07,0.9501627486437613,100
bbh+gpqa+ifeval+math+musr,0.0,0.0001,0.425,0.05,0.02540813509374852,4.767797211214886e-06,0.9511573236889693,100
bbh+gpqa+ifeval+math+musr,0.0,0.0001,0.425,0.25,0.023902532253414342,1.240932878813059e-06,0.9498915009041591,100
bbh+gpqa+ifeval+math+musr,0.0,0.0001,0.425,0.5,0.02364641096442933,8.218537942012318e-07,0.9499593128390597,100
bbh+gpqa+ifeval+math+musr,0.0,0.0001,0.425,0.75,0.023542453292757223,6.22792998483462e-07,0.9500497287522603,100
bbh+gpqa+ifeval+math+musr,0.0,0.0001,0.45,0.05,0.024062187541276172,4.615931805361147e-06,0.9518037974683544,100
bbh+gpqa+ifeval+math+musr,0.0,0.0001,0.45,0.25,0.022702869959175538,1.1000378865810532e-06,0.9505605786618445,100
bbh+gpqa+ifeval+math+musr,0.0,0.0001,0.45,0.5,0.022468357775360298,7.347347960146466e-07,0.9505560578661845,100
bbh+gpqa+ifeval+math+musr,0.0,0.0001,0.45,0.75,0.02237181393429632,5.643470089428642e-07,0.9504204339963833,100
bbh+gpqa+ifeval+math+musr,0.0,0.0001,0.475,0.05,0.02279443746432657,4.421234757029751e-06,0.95125678119349,100
bbh+gpqa+ifeval+math+musr,0.0,0.0001,0.475,0.25,0.02157929265871639,1.0723551967083984e-06,0.9500180831826401,100
bbh+gpqa+ifeval+math+musr,0.0,0.0001,0.475,0.5,0.02136504767462607,6.842840343374443e-07,0.9503390596745027,100
bbh+gpqa+ifeval+math+musr,0.0,0.0001,0.475,0.75,0.021275511663407035,5.329741901984247e-07,0.9503616636528028,100
bbh+gpqa+ifeval+math+musr,0.0,0.0001,0.5,0.05,0.02284903822466726,6.366452633274633e-06,0.952002712477396,100
bbh+gpqa+ifeval+math+musr,0.0,0.0001,0.5,0.25,0.020655441079288676,1.2483359981349303e-06,0.9502215189873418,100
bbh+gpqa+ifeval+math+musr,0.0,0.0001,0.5,0.5,0.020345551967620792,6.842057729654614e-07,0.9500678119349005,100
bbh+gpqa+ifeval+math+musr,0.0,0.0001,0.5,0.75,0.02023865604773159,4.904783834805404e-07,0.9497151898734176,100
bbh+gpqa+ifeval+math+musr,0.0,0.001,0.275,0.05,0.03534264717251058,8.014023660687502e-06,0.9511166365280289,100
bbh+gpqa+ifeval+math+musr,0.0,0.001,0.275,0.25,0.03231420852243896,1.9016320306492252e-06,0.9498598553345389,100
bbh+gpqa+ifeval+math+musr,0.0,0.001,0.275,0.5,0.03179324414581056,1.2158188692224042e-06,0.949742314647378,100
bbh+gpqa+ifeval+math+musr,0.0,0.001,0.275,0.75,0.03160101331770415,1.0095291604836428e-06,0.9498417721518987,100
bbh+gpqa+ifeval+math+musr,0.0,0.001,0.3,0.05,0.03312406912446018,8.6804112910576e-06,0.9510669077757686,100
bbh+gpqa+ifeval+math+musr,0.0,0.001,0.3,0.25,0.0303555772453546,1.8401686762040823e-06,0.9500361663652802,100
bbh+gpqa+ifeval+math+musr,0.0,0.001,0.3,0.5,0.02987587587907906,1.1726344357007403e-06,0.9495840867992765,100
bbh+gpqa+ifeval+math+musr,0.0,0.001,0.3,0.75,0.029700220413505972,8.820958024593349e-07,0.9494936708860758,100
bbh+gpqa+ifeval+math+musr,0.0,0.001,0.325,0.05,0.031067124027758783,8.104203874120835e-06,0.9508996383363472,100
bbh+gpqa+ifeval+math+musr,0.0,0.001,0.325,0.25,0.02860420256853099,1.6260706369708185e-06,0.9499502712477396,100
bbh+gpqa+ifeval+math+musr,0.0,0.001,0.325,0.5,0.028164711985737036,1.0372006117766498e-06,0.949367088607595,100
bbh+gpqa+ifeval+math+musr,0.0,0.001,0.325,0.75,0.028002068921923584,8.09547233549868e-07,0.9500587703435803,100
bbh+gpqa+ifeval+math+musr,0.0,0.001,0.35,0.05,0.02921985002234573,6.5978099989094015e-06,0.9510171790235081,100
bbh+gpqa+ifeval+math+musr,0.0,0.001,0.35,0.25,0.02701980443671341,1.5424713774205526e-06,0.9496383363471971,100
bbh+gpqa+ifeval+math+musr,0.0,0.001,0.35,0.5,0.026614484973251775,1.025656089927103e-06,0.9498146473779384,100
bbh+gpqa+ifeval+math+musr,0.0,0.001,0.35,0.75,0.02646377936005588,8.040567597407885e-07,0.9500632911392405,100
bbh+gpqa+ifeval+math+musr,0.0,0.001,0.375,0.05,0.027606651224195904,5.414241049278765e-06,0.950881555153707,100
bbh+gpqa+ifeval+math+musr,0.0,0.001,0.375,0.25,0.025569775756448462,1.4530667126673136e-06,0.9501356238698011,100
bbh+gpqa+ifeval+math+musr,0.0,0.001,0.375,0.5,0.025192043501883695,9.018105118847125e-07,0.9500723327305606,100
bbh+gpqa+ifeval+math+musr,0.0,0.001,0.375,0.75,0.025051475651562165,7.183017459851017e-07,0.9497151898734176,100
bbh+gpqa+ifeval+math+musr,0.0,0.001,0.4,0.05,0.026131006292998745,5.491670822557313e-06,0.9513200723327305,100
bbh+gpqa+ifeval+math+musr,0.0,0.001,0.4,0.25,0.02424348600208754,1.3210497825740854e-06,0.9505153707052441,100
bbh+gpqa+ifeval+math+musr,0.0,0.001,0.4,0.5,0.02388787504285569,8.612507405153313e-07,0.9502486437613019,100
bbh+gpqa+ifeval+math+musr,0.0,0.001,0.4,0.75,0.02375571547076101,6.695505023157509e-07,0.9500452079566003,100
bbh+gpqa+ifeval+math+musr,0.0,0.001,0.425,0.05,0.02464550955221052,5.2559086159104575e-06,0.9510171790235081,100
bbh+gpqa+ifeval+math+musr,0.0,0.001,0.425,0.25,0.023005153816193294,1.2184050902713835e-06,0.9507278481012658,100
bbh+gpqa+ifeval+math+musr,0.0,0.001,0.425,0.5,0.022676332574337682,8.066445108122522e-07,0.9506057866184449,100
bbh+gpqa+ifeval+math+musr,0.0,0.001,0.425,0.75,0.0225521401688456,6.364724522902099e-07,0.9500723327305606,100
bbh+gpqa+ifeval+math+musr,0.0,0.001,0.45,0.05,0.023340186215937083,4.841777706652221e-06,0.9512160940325497,100
bbh+gpqa+ifeval+math+musr,0.0,0.001,0.45,0.25,0.02184895157814021,1.0509863483212142e-06,0.9504113924050632,100
bbh+gpqa+ifeval+math+musr,0.0,0.001,0.45,0.5,0.021540399938821744,7.43944396015366e-07,0.9502983725135624,100
bbh+gpqa+ifeval+math+musr,0.0,0.001,0.45,0.75,0.02142324794083829,5.76537817339044e-07,0.9499050632911391,100
bbh+gpqa+ifeval+math+musr,0.0,0.001,0.475,0.05,0.022127463743090582,4.727014547839813e-06,0.9510307414104883,100
bbh+gpqa+ifeval+math+musr,0.0,0.001,0.475,0.25,0.020770682282745784,1.1154290657435607e-06,0.9505379746835443,100
bbh+gpqa+ifeval+math+musr,0.0,0.001,0.475,0.5,0.0204780518636107,7.380771313957878e-07,0.9501039783001808,100
bbh+gpqa+ifeval+math+musr,0.0,0.001,0.475,0.75,0.020366807486861892,5.551516761011962e-07,0.9504792043399638,100
bbh+gpqa+ifeval+math+musr,0.0,0.001,0.5,0.05,0.022090762425214003,5.847104434664704e-06,0.9512839059674502,100
bbh+gpqa+ifeval+math+musr,0.0,0.001,0.5,0.25,0.019863300770521123,1.237900739837218e-06,0.9504339963833633,100
bbh+gpqa+ifeval+math+musr,0.0,0.001,0.5,0.5,0.0194917094521224,7.183637369393896e-07,0.9500180831826401,100
bbh+gpqa+ifeval+math+musr,0.0,0.001,0.5,0.75,0.019366926718503194,5.268597676935754e-07,0.9496247739602169,100
bbh+gpqa+ifeval+math+musr,0.0,0.01,0.275,0.05,0.03178113978356118,1.0459072293992962e-05,0.950370705244123,100
bbh+gpqa+ifeval+math+musr,0.0,0.01,0.275,0.25,0.02836661720648403,2.013354607262716e-06,0.9495433996383363,100
bbh+gpqa+ifeval+math+musr,0.0,0.01,0.275,0.5,0.02777325732633467,1.284477645816938e-06,0.949362567811935,100
bbh+gpqa+ifeval+math+musr,0.0,0.01,0.275,0.75,0.02763107219710941,9.850236952679065e-07,0.9496066907775769,100
bbh+gpqa+ifeval+math+musr,0.0,0.01,0.3,0.05,0.02978010252118106,8.459526606894501e-06,0.9508273056057865,100
bbh+gpqa+ifeval+math+musr,0.0,0.01,0.3,0.25,0.026623581275343845,1.8004162930491549e-06,0.9498282097649187,100
bbh+gpqa+ifeval+math+musr,0.0,0.01,0.3,0.5,0.026064718402922106,1.1842749777926767e-06,0.9498146473779384,100
bbh+gpqa+ifeval+math+musr,0.0,0.01,0.3,0.75,0.025934971570968583,9.250162381664154e-07,0.9496428571428571,100
bbh+gpqa+ifeval+math+musr,0.0,0.01,0.325,0.05,0.02794009752571578,7.42574327097222e-06,0.9505379746835443,100
bbh+gpqa+ifeval+math+musr,0.0,0.01,0.325,0.25,0.025066538359969807,1.695204120184374e-06,0.9496880650994575,100
bbh+gpqa+ifeval+math+musr,0.0,0.01,0.325,0.5,0.024542208388447718,9.96278142906995e-07,0.9497694394213382,100
bbh+gpqa+ifeval+math+musr,0.0,0.01,0.325,0.75,0.024422985464334444,8.25788099680042e-07,0.95000904159132,100
bbh+gpqa+ifeval+math+musr,0.0,0.01,0.35,0.05,0.026319660209119276,6.825435856839924e-06,0.9511030741410488,100
bbh+gpqa+ifeval+math+musr,0.0,0.01,0.35,0.25,0.02366295356303449,1.579010146270127e-06,0.9498236889692585,100
bbh+gpqa+ifeval+math+musr,0.0,0.01,0.35,0.5,0.023166344128549045,9.859622490661786e-07,0.9496383363471971,100
bbh+gpqa+ifeval+math+musr,0.0,0.01,0.35,0.75,0.023055653069168278,8.326209875334086e-07,0.9492179023508137,100
bbh+gpqa+ifeval+math+musr,0.0,0.01,0.375,0.05,0.024823176991194438,6.977825895777197e-06,0.9509041591320071,100
bbh+gpqa+ifeval+math+musr,0.0,0.01,0.375,0.25,0.02237402306869621,1.4350178086220344e-06,0.9498282097649187,100
bbh+gpqa+ifeval+math+musr,0.0,0.01,0.375,0.5,0.02190449835732574,8.995251236632329e-07,0.9496021699819168,100
bbh+gpqa+ifeval+math+musr,0.0,0.01,0.375,0.75,0.021801373176276635,7.24918425220642e-07,0.9495976491862568,100
bbh+gpqa+ifeval+math+musr,0.0,0.01,0.4,0.05,0.0235083544440567,6.9841077872641355e-06,0.9505018083182639,100
bbh+gpqa+ifeval+math+musr,0.0,0.01,0.4,0.25,0.02120263649150724,1.4245982151687686e-06,0.9495524412296564,100
bbh+gpqa+ifeval+math+musr,0.0,0.01,0.4,0.5,0.02074990447610612,9.008875079085424e-07,0.9496518987341771,100
bbh+gpqa+ifeval+math+musr,0.0,0.01,0.4,0.75,0.020652469415217586,6.746742438675547e-07,0.9501627486437613,100
bbh+gpqa+ifeval+math+musr,0.0,0.01,0.425,0.05,0.0222205930948257,6.1253261476151176e-06,0.9503435804701627,100
bbh+gpqa+ifeval+math+musr,0.0,0.01,0.425,0.25,0.02011134944856162,1.3288235482869195e-06,0.9496609403254972,100
bbh+gpqa+ifeval+math+musr,0.0,0.01,0.425,0.5,0.01967843916267152,8.105624209309885e-07,0.9494981916817359,100
bbh+gpqa+ifeval+math+musr,0.0,0.01,0.425,0.75,0.01958686981350179,6.241242117905948e-07,0.9496835443037974,100
bbh+gpqa+ifeval+math+musr,0.0,0.01,0.45,0.05,0.02102388320490713,5.408033254805739e-06,0.9500497287522603,100
bbh+gpqa+ifeval+math+musr,0.0,0.01,0.45,0.25,0.019088370744138907,1.252097447443044e-06,0.9501582278481012,100
bbh+gpqa+ifeval+math+musr,0.0,0.01,0.45,0.5,0.018674337267875627,7.895133461582055e-07,0.9495343580470162,100
bbh+gpqa+ifeval+math+musr,0.0,0.01,0.45,0.75,0.018588180746883103,5.856259280255484e-07,0.9500135623869801,100
bbh+gpqa+ifeval+math+musr,0.0,0.01,0.475,0.05,0.01991789316758509,4.87708571852468e-06,0.9502396021699819,100
bbh+gpqa+ifeval+math+musr,0.0,0.01,0.475,0.25,0.01813516465947027,1.1339480059320736e-06,0.9495795660036166,100
bbh+gpqa+ifeval+math+musr,0.0,0.01,0.475,0.5,0.01773587778210635,7.125350108124337e-07,0.9501853526220614,100
bbh+gpqa+ifeval+math+musr,0.0,0.01,0.475,0.75,0.01765435086563225,5.607533669410993e-07,0.9497061482820977,100
bbh+gpqa+ifeval+math+musr,0.0,0.01,0.5,0.05,0.020186188314109992,6.551511344946221e-06,0.9512160940325497,100
bbh+gpqa+ifeval+math+musr,0.0,0.01,0.5,0.25,0.017358903903514095,1.206946990910057e-06,0.9500632911392404,100
bbh+gpqa+ifeval+math+musr,0.0,0.01,0.5,0.5,0.016867386624216985,7.244206840721294e-07,0.950262206148282,100
bbh+gpqa+ifeval+math+musr,0.0,0.01,0.5,0.75,0.016771538648754313,5.470577540632118e-07,0.9499276672694394,100
bbh+gpqa+ifeval+math+musr,,1.0,0.275,0.05,0.024973828103393273,1.3598664555438634e-05,0.9455560578661845,100
bbh+gpqa+ifeval+math+musr,,1.0,0.275,0.25,0.018787076212465715,3.109110741222748e-06,0.9483273056057865,100
bbh+gpqa+ifeval+math+musr,,1.0,0.275,0.5,0.017653123550116966,1.8395813747264948e-06,0.9488110307414104,100
bbh+gpqa+ifeval+math+musr,,1.0,0.275,0.75,0.01824864692986007,1.2506044469812891e-06,0.9491772151898733,100
bbh+gpqa+ifeval+math+musr,,1.0,0.3,0.05,0.02264564791694278,1.1821096824359512e-05,0.9456509945750452,100
bbh+gpqa+ifeval+math+musr,,1.0,0.3,0.25,0.01728359574452037,2.859644125024665e-06,0.9482323688969259,100
bbh+gpqa+ifeval+math+musr,,1.0,0.3,0.5,0.016340514849871347,1.4929118109129463e-06,0.9485533453887883,100
bbh+gpqa+ifeval+math+musr,,1.0,0.3,0.75,0.01698976872488851,1.1427335651778538e-06,0.9488969258589512,100
bbh+gpqa+ifeval+math+musr,,1.0,0.325,0.05,0.020717609878629396,1.0928763076466568e-05,0.9454294755877034,100
bbh+gpqa+ifeval+math+musr,,1.0,0.325,0.25,0.016000359933823302,2.28242576271209e-06,0.9479746835443038,100
bbh+gpqa+ifeval+math+musr,,1.0,0.325,0.5,0.015204129545018027,1.2208921647712303e-06,0.9485804701627487,100
bbh+gpqa+ifeval+math+musr,,1.0,0.325,0.75,0.01589034331962461,9.744307116228753e-07,0.9488245931283906,100
bbh+gpqa+ifeval+math+musr,,1.0,0.35,0.05,0.01908041864633555,9.73766557098562e-06,0.944633815551537,100
bbh+gpqa+ifeval+math+musr,,1.0,0.35,0.25,0.014890826689079357,2.4177271726393786e-06,0.9483996383363471,100
bbh+gpqa+ifeval+math+musr,,1.0,0.35,0.5,0.014213198991492345,1.1193863793003944e-06,0.9495343580470162,100
bbh+gpqa+ifeval+math+musr,,1.0,0.35,0.75,0.014920205231755922,8.303396341435853e-07,0.9498688969258589,100
bbh+gpqa+ifeval+math+musr,,1.0,0.375,0.05,0.017699368931353047,8.322948527961439e-06,0.9450135623869801,100
bbh+gpqa+ifeval+math+musr,,1.0,0.375,0.25,0.013922483855858396,2.004362486025891e-06,0.9486121157323688,100
bbh+gpqa+ifeval+math+musr,,1.0,0.375,0.5,0.013337501343339638,9.841663901199819e-07,0.9496699819168174,100
bbh+gpqa+ifeval+math+musr,,1.0,0.375,0.75,0.01405292171053584,7.08039155442072e-07,0.949009945750452,100
bbh+gpqa+ifeval+math+musr,,1.0,0.4,0.05,0.016587918959557964,7.725813324534716e-06,0.9442359855334539,100
bbh+gpqa+ifeval+math+musr,,1.0,0.4,0.25,0.013088918579742264,1.771557306116957e-06,0.9485895117540687,100
bbh+gpqa+ifeval+math+musr,,1.0,0.4,0.5,0.012570354025810906,8.95025105738963e-07,0.9491591320072332,100
bbh+gpqa+ifeval+math+musr,,1.0,0.4,0.75,0.01327749853022392,6.341858004986891e-07,0.9493037974683545,100
bbh+gpqa+ifeval+math+musr,,1.0,0.425,0.05,0.015632949406281068,7.5452849860249984e-06,0.9443264014466546,100
bbh+gpqa+ifeval+math+musr,,1.0,0.425,0.25,0.012362320767715523,1.6008352512053103e-06,0.9485307414104882,100
bbh+gpqa+ifeval+math+musr,,1.0,0.425,0.5,0.011886586658656549,7.898775993053941e-07,0.9498191681735986,100
bbh+gpqa+ifeval+math+musr,,1.0,0.425,0.75,0.012575500467792107,5.596203803343099e-07,0.9501989150090415,100
bbh+gpqa+ifeval+math+musr,,1.0,0.45,0.05,0.014851895058527543,6.6857728305866825e-06,0.9446428571428571,100
bbh+gpqa+ifeval+math+musr,,1.0,0.45,0.25,0.011726101972162672,1.4716415054275906e-06,0.9494168173598553,100
bbh+gpqa+ifeval+math+musr,,1.0,0.45,0.5,0.011272496813908173,7.027874816542733e-07,0.9498508137432188,100
bbh+gpqa+ifeval+math+musr,,1.0,0.45,0.75,0.011932312482967923,4.803848515458316e-07,0.9500858951175407,100
bbh+gpqa+ifeval+math+musr,,1.0,0.475,0.05,0.014180371910333585,6.513108150746886e-06,0.9440370705244122,100
bbh+gpqa+ifeval+math+musr,,1.0,0.475,0.25,0.01116258504800493,1.4568652326299164e-06,0.9489285714285713,100
bbh+gpqa+ifeval+math+musr,,1.0,0.475,0.5,0.010719822337850881,6.499971298683684e-07,0.9498010849909584,100
bbh+gpqa+ifeval+math+musr,,1.0,0.475,0.75,0.011342297615483355,3.9691199223996554e-07,0.950135623869801,100
bbh+gpqa+ifeval+math+musr,,1.0,0.5,0.05,0.013635231899097513,6.024617779758081e-06,0.9436211573236889,100
bbh+gpqa+ifeval+math+musr,,1.0,0.5,0.25,0.010660979226231524,1.3611850380535131e-06,0.9490415913200724,100
bbh+gpqa+ifeval+math+musr,,1.0,0.5,0.5,0.010214651161804741,6.06878680145462e-07,0.9495207956600362,100
bbh+gpqa+ifeval+math+musr,,1.0,0.5,0.75,0.01079255787655706,3.740786357414442e-07,0.9500135623869801,100
mmlu-pro,0.0,1e-05,0.275,0.05,0.03220900584012266,6.098175787208818e-06,0.9517894261183913,100
mmlu-pro,0.0,1e-05,0.275,0.25,0.029819885771721556,1.4871101520825615e-06,0.9500180750112969,100
mmlu-pro,0.0,1e-05,0.275,0.5,0.029450492132455066,9.694987775522e-07,0.9500316312697695,100
mmlu-pro,0.0,1e-05,0.275,0.75,0.029310243260115335,7.841849284365617e-07,0.9496023497514686,100
mmlu-pro,0.0,1e-05,0.3,0.05,0.03017637547105546,6.214024030155613e-06,0.9519521012200634,100
mmlu-pro,0.0,1e-05,0.3,0.25,0.02802834136411543,1.4182025187613268e-06,0.9503705377315862,100
mmlu-pro,0.0,1e-05,0.3,0.5,0.027694930657744355,9.156252272489223e-07,0.9498373248983281,100
mmlu-pro,0.0,1e-05,0.3,0.75,0.027567937858402683,7.230524240171235e-07,0.949814731134207,100
mmlu-pro,0.0,1e-05,0.325,0.05,0.028325332552194552,5.946026922740373e-06,0.9519385449615906,100
mmlu-pro,0.0,1e-05,0.325,0.25,0.026418988890945867,1.273263311025738e-06,0.949814731134207,100
mmlu-pro,0.0,1e-05,0.325,0.5,0.026118529587984038,7.777810491490507e-07,0.949344780840488,100
mmlu-pro,0.0,1e-05,0.325,0.75,0.0260026721656322,6.388192038187264e-07,0.9493854496159061,100
mmlu-pro,0.0,1e-05,0.35,0.05,0.026654450334608507,4.865016314882672e-06,0.9516945323090827,100
mmlu-pro,0.0,1e-05,0.35,0.25,0.02495985308662052,1.153179215528999e-06,0.9494984184365116,100
mmlu-pro,0.0,1e-05,0.35,0.5,0.024688731376081657,7.776418709410081e-07,0.9493086308178943,100
mmlu-pro,0.0,1e-05,0.35,0.75,0.02458277774974699,6.004431641346901e-07,0.9496249435155897,100
mmlu-pro,0.0,1e-05,0.375,0.05,0.02533659590408201,4.379009134589241e-06,0.9518075011296883,100
mmlu-pro,0.0,1e-05,0.375,0.25,0.023640751279890484,1.0514813255894876e-06,0.950058743786715,100
mmlu-pro,0.0,1e-05,0.375,0.5,0.023383559677749827,6.857610634730744e-07,0.9499051061906915,100
mmlu-pro,0.0,1e-05,0.375,0.75,0.023284742198884444,5.575452573135426e-07,0.9496836873023047,100
mmlu-pro,0.0,1e-05,0.4,0.05,0.02381703965365882,3.8046992997834516e-06,0.9511884319927701,100
mmlu-pro,0.0,1e-05,0.4,0.25,0.022407365217804863,9.815236954893728e-07,0.949774062358789,100
mmlu-pro,0.0,1e-05,0.4,0.5,0.02218059910461302,6.740159056244148e-07,0.9491098056936287,100
mmlu-pro,0.0,1e-05,0.4,0.75,0.02209053209051485,5.388855042174804e-07,0.9495481247175781,100
mmlu-pro,0.0,1e-05,0.425,0.05,0.02248541105538602,4.084436114896309e-06,0.9518707636692273,100
mmlu-pro,0.0,1e-05,0.425,0.25,0.021264096368104165,9.82762611740108e-07,0.9498825124265703,100
mmlu-pro,0.0,1e-05,0.425,0.5,0.021059721559286072,6.388786592129321e-07,0.9500271125169454,100
mmlu-pro,0.0,1e-05,0.425,0.75,0.020977059621363828,4.879530906229151e-07,0.9499276999548125,100
mmlu-pro,0.0,1e-05,0.45,0.05,0.02129919111728663,3.6509593191834815e-06,0.9511161319475825,100
mmlu-pro,0.0,1e-05,0.45,0.25,0.02020036425441499,8.671484670082362e-07,0.9499457749661094,100
mmlu-pro,0.0,1e-05,0.45,0.5,0.020012931562960103,5.912502519495512e-07,0.9496565747853594,100
mmlu-pro,0.0,1e-05,0.45,0.75,0.019936154242604923,4.4891833634091713e-07,0.949403524627203,100
mmlu-pro,0.0,1e-05,0.475,0.05,0.020182514376938295,3.1657970827562383e-06,0.9512516945323091,100
mmlu-pro,0.0,1e-05,0.475,0.25,0.01919939501211042,8.157656871467636e-07,0.9501762313601446,100
mmlu-pro,0.0,1e-05,0.475,0.5,0.019028085749596305,5.364970545395712e-07,0.9498237686398555,100
mmlu-pro,0.0,1e-05,0.475,0.75,0.018956957887858103,3.9963979415493105e-07,0.9494396746497966,100
mmlu-pro,0.0,1e-05,0.5,0.05,0.020147882141172836,4.845090117700144e-06,0.9515544509715319,100
mmlu-pro,0.0,1e-05,0.5,0.25,0.01836740840226407,9.292700434457388e-07,0.9498599186624491,100
mmlu-pro,0.0,1e-05,0.5,0.5,0.018119509629905176,5.340245706266044e-07,0.9498192498870311,100
mmlu-pro,0.0,1e-05,0.5,0.75,0.01803410310298199,3.7878901473727594e-07,0.9496023497514686,100
mmlu-pro,0.0,0.0001,0.275,0.05,0.03220935087651009,6.1607227926506185e-06,0.9517894261183913,100
mmlu-pro,0.0,0.0001,0.275,0.25,0.02982008442282672,1.4836102573854387e-06,0.9499728874830546,100
mmlu-pro,0.0,0.0001,0.275,0.5,0.029450719971209717,9.724796202030458e-07,0.9500316312697695,100
mmlu-pro,0.0,0.0001,0.275,0.75,0.029310032315552192,7.843230394017079e-07,0.9495933122458201,100
mmlu-pro,0.0,0.0001,0.3,0.05,0.030174650456756304,6.25151604026736e-06,0.9519023949389969,100
mmlu-pro,0.0,0.0001,0.3,0.25,0.02802762277424331,1.415132219611799e-06,0.9503615002259377,100
mmlu-pro,0.0,0.0001,0.3,0.5,0.027694208174943877,9.144915838977569e-07,0.9497605061003164,100
mmlu-pro,0.0,0.0001,0.3,0.75,0.027567152138799376,7.236345639781147e-07,0.9497785811116133,100
mmlu-pro,0.0,0.0001,0.325,0.05,0.028324651308357665,5.9584685112008345e-06,0.9518662449164031,100
mmlu-pro,0.0,0.0001,0.325,0.25,0.026418119817972135,1.2817894680084086e-06,0.9498915499322187,100
mmlu-pro,0.0,0.0001,0.325,0.5,0.026117688268423027,7.801727941252439e-07,0.949344780840488,100
mmlu-pro,0.0,0.0001,0.325,0.75,0.026001740712672423,6.385009036744354e-07,0.9493131495707184,100
mmlu-pro,0.0,0.0001,0.35,0.05,0.026654000002890775,4.942925342514333e-06,0.9517442385901491,100
mmlu-pro,0.0,0.0001,0.35,0.25,0.024959690365940278,1.1603835185875114e-06,0.9496249435155897,100
mmlu-pro,0.0,0.0001,0.35,0.5,0.024688726793974585,7.794185743928198e-07,0.9494396746497966,100
mmlu-pro,0.0,0.0001,0.35,0.75,0.024582547638565252,6.013914032311855e-07,0.9495526434704022,100
mmlu-pro,0.0,0.0001,0.375,0.05,0.02533549403771753,4.3322556736198024e-06,0.9516809760506101,100
mmlu-pro,0.0,0.0001,0.375,0.25,0.023640146553516338,1.0456658144446936e-06,0.9500316312697695,100
mmlu-pro,0.0,0.0001,0.375,0.5,0.023382954970002125,6.817760927107777e-07,0.9498418436511522,100
mmlu-pro,0.0,0.0001,0.375,0.75,0.023284059986472084,5.56867727114668e-07,0.9496384997740625,100
mmlu-pro,0.0,0.0001,0.4,0.05,0.023816872239112802,3.819661823853319e-06,0.9512652507907817,100
mmlu-pro,0.0,0.0001,0.4,0.25,0.022406616471707778,9.885582681227084e-07,0.9499412562132852,100
mmlu-pro,0.0,0.0001,0.4,0.5,0.022179942969232754,6.737757306501247e-07,0.9492318120198826,100
mmlu-pro,0.0,0.0001,0.4,0.75,0.02208981867879624,5.398511384911438e-07,0.9497062810664256,100
mmlu-pro,0.0,0.0001,0.425,0.05,0.02248553490266199,4.128036850545158e-06,0.9516538635336648,100
mmlu-pro,0.0,0.0001,0.425,0.25,0.02126353545114393,9.811625647977515e-07,0.9499683687302306,100
mmlu-pro,0.0,0.0001,0.425,0.5,0.021059109382331322,6.420177984655188e-07,0.9499819249887032,100
mmlu-pro,0.0,0.0001,0.425,0.75,0.020976430717855647,4.900914405325285e-07,0.9499683687302304,100
mmlu-pro,0.0,0.0001,0.45,0.05,0.02129872702062125,3.5949550828209822e-06,0.9511296882060551,100
mmlu-pro,0.0,0.0001,0.45,0.25,0.02019976155832405,8.635286506629109e-07,0.9499186624491641,100
mmlu-pro,0.0,0.0001,0.45,0.5,0.020012237317860077,5.898271649268094e-07,0.9496972435607773,100
mmlu-pro,0.0,0.0001,0.45,0.75,0.019935379587113812,4.4772666604624803e-07,0.9494441934026209,100
mmlu-pro,0.0,0.0001,0.475,0.05,0.020182172637432765,3.169731213761453e-06,0.9510302756439224,100
mmlu-pro,0.0,0.0001,0.475,0.25,0.01919902287423606,8.142997079579791e-07,0.9499186624491641,100
mmlu-pro,0.0,0.0001,0.475,0.5,0.019027723297476717,5.364044466796356e-07,0.9498011748757343,100
mmlu-pro,0.0,0.0001,0.475,0.75,0.018956273235380603,4.002150633047436e-07,0.9494938996836874,100
mmlu-pro,0.0,0.0001,0.5,0.05,0.020148179177194785,4.817631990606588e-06,0.9515815634884772,100
mmlu-pro,0.0,0.0001,0.5,0.25,0.018367062304168888,9.278546948188882e-07,0.949774062358789,100
mmlu-pro,0.0,0.0001,0.5,0.5,0.01811935989186163,5.308634548710787e-07,0.949936737460461,100
mmlu-pro,0.0,0.0001,0.5,0.75,0.018033553622662974,3.7862256548587125e-07,0.949670131043832,100
mmlu-pro,0.0,0.001,0.275,0.05,0.030298374723643016,6.811473626846496e-06,0.9513691821057388,100
mmlu-pro,0.0,0.001,0.275,0.25,0.027914026845246506,1.437742089249296e-06,0.9500180750112969,100
mmlu-pro,0.0,0.001,0.275,0.5,0.02749144602566953,9.65584799464577e-07,0.9500903750564845,100
mmlu-pro,0.0,0.001,0.275,0.75,0.027347052283585024,7.463296741097902e-07,0.949322187076367,100
mmlu-pro,0.0,0.001,0.3,0.05,0.028348576314747284,6.013761677350031e-06,0.9514776321735201,100
mmlu-pro,0.0,0.001,0.3,0.25,0.026209507416933727,1.2790260239279022e-06,0.9500225937641211,100
mmlu-pro,0.0,0.001,0.3,0.5,0.025820350181311316,8.397890277028006e-07,0.9492272932670583,100
mmlu-pro,0.0,0.001,0.3,0.75,0.025688412450253915,6.897213345204793e-07,0.9491911432444645,100
mmlu-pro,0.0,0.001,0.325,0.05,0.026595948729664042,5.6198775390841605e-06,0.9513601446000903,100
mmlu-pro,0.0,0.001,0.325,0.25,0.024684724025428248,1.2526131096952564e-06,0.9500045187528242,100
mmlu-pro,0.0,0.001,0.325,0.5,0.024324839729815674,7.983683742829236e-07,0.949670131043832,100
mmlu-pro,0.0,0.001,0.325,0.75,0.024203035570681042,6.071887547766128e-07,0.9496159060099413,100
mmlu-pro,0.0,0.001,0.35,0.05,0.0250184903107583,5.010992457058161e-06,0.9511748757342974,100
mmlu-pro,0.0,0.001,0.35,0.25,0.023306231517344664,1.2247675887176477e-06,0.9498328061455039,100
mmlu-pro,0.0,0.001,0.35,0.5,0.022971932124346447,7.3426234642143e-07,0.949530049706281,100
mmlu-pro,0.0,0.001,0.35,0.75,0.02285884262993927,5.769073966848319e-07,0.9498328061455038,100
mmlu-pro,0.0,0.001,0.375,0.05,0.023755261171609116,4.6412310193924165e-06,0.950777225485766,100
mmlu-pro,0.0,0.001,0.375,0.25,0.022057688850909418,1.1225999755851605e-06,0.9498282873926795,100
mmlu-pro,0.0,0.001,0.375,0.5,0.021737406477332067,7.023802246495197e-07,0.949855399909625,100
mmlu-pro,0.0,0.001,0.375,0.75,0.021630593482404904,5.342179439243677e-07,0.9493990058743788,100
mmlu-pro,0.0,0.001,0.4,0.05,0.02234832333400841,4.767769929303623e-06,0.9507817442385901,100
mmlu-pro,0.0,0.001,0.4,0.25,0.020899314247071695,1.0435468434796483e-06,0.9503931314957071,100
mmlu-pro,0.0,0.001,0.4,0.5,0.020602594241499853,6.307373450756706e-07,0.9498689561680976,100
mmlu-pro,0.0,0.001,0.4,0.75,0.020503524914383845,5.023269157738579e-07,0.9496565747853594,100
mmlu-pro,0.0,0.001,0.425,0.05,0.021089283917099192,4.05477948766155e-06,0.950736556710348,100
mmlu-pro,0.0,0.001,0.425,0.25,0.01982491506263609,9.974497988096042e-07,0.9494170808856756,100
mmlu-pro,0.0,0.001,0.425,0.5,0.019547498617321205,6.073892285692396e-07,0.9497514685946679,100
mmlu-pro,0.0,0.001,0.425,0.75,0.019454207159578747,4.6567069211794895e-07,0.9498373248983281,100
mmlu-pro,0.0,0.001,0.45,0.05,0.01997524505481119,3.5740322071389003e-06,0.9514640759150476,100
mmlu-pro,0.0,0.001,0.45,0.25,0.018826243486255362,8.772255742118112e-07,0.9496384997740625,100
mmlu-pro,0.0,0.001,0.45,0.5,0.018563000038266136,5.95781387635634e-07,0.9496430185268866,100
mmlu-pro,0.0,0.001,0.45,0.75,0.018474866431206414,4.339695932522193e-07,0.9499276999548125,100
mmlu-pro,0.0,0.001,0.475,0.05,0.018930861055850935,3.0312920028531406e-06,0.9509444193402621,100
mmlu-pro,0.0,0.001,0.475,0.25,0.01788812285289163,8.529496657272484e-07,0.9500361500225938,100
mmlu-pro,0.0,0.001,0.475,0.5,0.01763814453035588,5.666769300306422e-07,0.9497288748305468,100
mmlu-pro,0.0,0.001,0.475,0.75,0.017554096505045844,4.235458297509459e-07,0.9495933122458201,100
mmlu-pro,0.0,0.001,0.5,0.05,0.018737546503543808,4.499519816424482e-06,0.9515499322187077,100
mmlu-pro,0.0,0.001,0.5,0.25,0.01708604844287033,9.45150041664492e-07,0.9500180750112969,100
mmlu-pro,0.0,0.001,0.5,0.5,0.016780043542385048,5.804740639018136e-07,0.9496249435155897,100
mmlu-pro,0.0,0.001,0.5,0.75,0.016686893347650722,3.8090516979604393e-07,0.9489109805693628,100
mmlu-pro,0.0,0.01,0.275,0.05,0.0251041260361671,5.872787411515766e-06,0.9500090375056485,100
mmlu-pro,0.0,0.01,0.275,0.25,0.02295032452791924,1.4296637797316154e-06,0.9490239493899684,100
mmlu-pro,0.0,0.01,0.275,0.5,0.022576950490474656,9.34884959035131e-07,0.9491640307275192,100
mmlu-pro,0.0,0.01,0.275,0.75,0.02257048567757006,7.766122283532643e-07,0.9485991866244916,100
mmlu-pro,0.0,0.01,0.3,0.05,0.023476485200226258,5.812078335233853e-06,0.950248531405332,100
mmlu-pro,0.0,0.01,0.3,0.25,0.021506241336464837,1.2707085679374946e-06,0.9488612742882965,100
mmlu-pro,0.0,0.01,0.3,0.5,0.021155484188348006,8.816399594787034e-07,0.9489877993673745,100
mmlu-pro,0.0,0.01,0.3,0.75,0.021157261300831988,6.88189075569309e-07,0.9488251242657028,100
mmlu-pro,0.0,0.01,0.325,0.05,0.02200625026598568,5.0682244162487216e-06,0.9501852688657931,100
mmlu-pro,0.0,0.01,0.325,0.25,0.02021701980382199,1.1138219729394179e-06,0.9496882060551287,100
mmlu-pro,0.0,0.01,0.325,0.5,0.019886414743959857,7.91874180243415e-07,0.9488386805241754,100
mmlu-pro,0.0,0.01,0.325,0.75,0.019895265307277397,6.458866859161291e-07,0.9494125621328514,100
mmlu-pro,0.0,0.01,0.35,0.05,0.02070766612887378,4.732796271940492e-06,0.9500180750112969,100
mmlu-pro,0.0,0.01,0.35,0.25,0.019055993054062078,1.0712865175758809e-06,0.9492046995029372,100
mmlu-pro,0.0,0.01,0.35,0.5,0.0187406812421977,7.761071178132102e-07,0.9491549932218707,100
mmlu-pro,0.0,0.01,0.35,0.75,0.018755524400621604,5.941208154814344e-07,0.9495526434704021,100
mmlu-pro,0.0,0.01,0.375,0.05,0.019651966374367426,4.645198843097359e-06,0.9500677812923634,100
mmlu-pro,0.0,0.01,0.375,0.25,0.018004532698541832,9.295136818183167e-07,0.9493764121102576,100
mmlu-pro,0.0,0.01,0.375,0.5,0.01769727915525431,6.562393481749338e-07,0.949159511974695,100
mmlu-pro,0.0,0.01,0.375,0.75,0.017715563662350123,5.376532595292971e-07,0.948933574333484,100
mmlu-pro,0.0,0.01,0.4,0.05,0.018496436513960313,4.278410565951432e-06,0.9501039313149572,100
mmlu-pro,0.0,0.01,0.4,0.25,0.017031276691704938,8.935033152977801e-07,0.9490239493899684,100
mmlu-pro,0.0,0.01,0.4,0.5,0.01673900239169593,5.988509328210412e-07,0.9494984184365116,100
mmlu-pro,0.0,0.01,0.4,0.75,0.016762788072228384,4.973212981101725e-07,0.9491369182105739,100
mmlu-pro,0.0,0.01,0.425,0.05,0.01741485826671119,3.9022698476650355e-06,0.9500632625395391,100
mmlu-pro,0.0,0.01,0.425,0.25,0.016127539686858608,8.300172568974595e-07,0.9491369182105739,100
mmlu-pro,0.0,0.01,0.425,0.5,0.01584898289293046,5.494450513634394e-07,0.9498373248983281,100
mmlu-pro,0.0,0.01,0.425,0.75,0.015877480078488538,4.527423538191719e-07,0.9496159060099413,100
mmlu-pro,0.0,0.01,0.45,0.05,0.016492020487785294,3.4867945496787875e-06,0.9494713059195662,100
mmlu-pro,0.0,0.01,0.45,0.25,0.015290552554652044,8.072898963616596e-07,0.9496384997740625,100
mmlu-pro,0.0,0.01,0.45,0.5,0.015020078858360597,4.902368176428978e-07,0.9496068685042929,100
mmlu-pro,0.0,0.01,0.45,0.75,0.015051756789907764,3.976452454595053e-07,0.9497966561229102,100
mmlu-pro,0.0,0.01,0.475,0.05,0.015622939905151671,3.3472753506401187e-06,0.9502801626751016,100
mmlu-pro,0.0,0.01,0.475,0.25,0.014504424165934273,7.327479602389199e-07,0.9491821057388161,100
mmlu-pro,0.0,0.01,0.475,0.5,0.014242077777162148,4.905417121805546e-07,0.9490917306823318,100
mmlu-pro,0.0,0.01,0.475,0.75,0.014277957100421138,3.874257120318504e-07,0.9492634432896522,100
mmlu-pro,0.0,0.01,0.5,0.05,0.015465809153392861,3.837489121018734e-06,0.9497785811116133,100
mmlu-pro,0.0,0.01,0.5,0.25,0.013830750593915532,7.912934799816398e-07,0.9497830998644374,100
mmlu-pro,0.0,0.01,0.5,0.5,0.013521521687507579,4.7039376225421757e-07,0.9497288748305468,100
mmlu-pro,0.0,0.01,0.5,0.75,0.013550758091732808,3.7265132165943004e-07,0.9492046995029372,100
mmlu-pro,,1.0,0.275,0.05,0.016196690034121223,8.710052081151735e-06,0.940162675101672,100
mmlu-pro,,1.0,0.275,0.25,0.013324438426643557,2.2099639568066334e-06,0.9465024853140533,100
mmlu-pro,,1.0,0.275,0.5,0.013057993249967642,1.3574884438387043e-06,0.9488974243108902,100
mmlu-pro,,1.0,0.275,0.75,0.013995078839361621,9.99333783801388e-07,0.9486714866696793,100
mmlu-pro,,1.0,0.3,0.05,0.014911508020013519,8.746852779114753e-06,0.9390329868956168,100
mmlu-pro,,1.0,0.3,0.25,0.012350724535062854,2.068423171112291e-06,0.9463443289652056,100
mmlu-pro,,1.0,0.3,0.5,0.012146483315154865,1.1621112519049839e-06,0.9491323994577497,100
mmlu-pro,,1.0,0.3,0.75,0.01306393940001721,8.783100914294345e-07,0.9488296430185269,100
mmlu-pro,,1.0,0.325,0.05,0.013828142797574352,7.724403860030409e-06,0.9391956619972888,100
mmlu-pro,,1.0,0.325,0.25,0.011508431071415491,1.8238378312238775e-06,0.9468594667871667,100
mmlu-pro,,1.0,0.325,0.5,0.011353463102132033,9.959116502318818e-07,0.9484952553095346,100
mmlu-pro,,1.0,0.325,0.75,0.01225049222819502,7.767581053585491e-07,0.9489426118391324,100
mmlu-pro,,1.0,0.35,0.05,0.012886476172134226,7.204460842801129e-06,0.9384455490284682,100
mmlu-pro,,1.0,0.35,0.25,0.010780608169734428,1.7040812383169653e-06,0.9471667419792138,100
mmlu-pro,,1.0,0.35,0.5,0.010661604162305542,9.357318758238826e-07,0.9494713059195662,100
mmlu-pro,,1.0,0.35,0.75,0.011530901333317113,6.542836430293046e-07,0.9494441934026209,100
mmlu-pro,,1.0,0.375,0.05,0.012150989044457626,7.307402075849041e-06,0.9391188431992771,100
mmlu-pro,,1.0,0.375,0.25,0.010153641887009098,1.573930244374961e-06,0.9470040668775418,100
mmlu-pro,,1.0,0.375,0.5,0.010053105708211612,8.052129867691906e-07,0.9491098056936287,100
mmlu-pro,,1.0,0.375,0.75,0.010889327069744426,6.323200535670414e-07,0.9492544057840037,100
mmlu-pro,,1.0,0.4,0.05,0.01151081783697004,6.22174644658635e-06,0.9389877993673746,100
mmlu-pro,,1.0,0.4,0.25,0.009609318301081611,1.4486568266270529e-06,0.947234523271577,100
mmlu-pro,,1.0,0.4,0.5,0.009516198225319336,7.326070852086373e-07,0.9490284681427926,100
mmlu-pro,,1.0,0.4,0.75,0.010311584845185231,5.488853157091415e-07,0.949570718481699,100
mmlu-pro,,1.0,0.425,0.05,0.010968090686947055,5.854942359822767e-06,0.9387980117487573,100
mmlu-pro,,1.0,0.425,0.25,0.00912628671154375,1.3711776536966804e-06,0.9469950293718934,100
mmlu-pro,,1.0,0.425,0.5,0.0090318912826478,7.163338163413579e-07,0.9496565747853594,100
mmlu-pro,,1.0,0.425,0.75,0.009784002574160648,4.846797803247761e-07,0.9492092182557614,100
mmlu-pro,,1.0,0.45,0.05,0.01048059499822552,5.750768985302158e-06,0.9390013556258474,100
mmlu-pro,,1.0,0.45,0.25,0.008691467605531163,1.2453406211847555e-06,0.9479168549480343,100
mmlu-pro,,1.0,0.45,0.5,0.008592010326683473,6.913971047913493e-07,0.9488386805241754,100
mmlu-pro,,1.0,0.45,0.75,0.009298926731571506,4.55771785055586e-07,0.9489426118391324,100
mmlu-pro,,1.0,0.475,0.05,0.010048856083303644,5.264625027323448e-06,0.9386082241301402,100
mmlu-pro,,1.0,0.475,0.25,0.008297017775475934,1.2438540391335908e-06,0.9474875734297334,100
mmlu-pro,,1.0,0.475,0.5,0.008189022401347713,6.162257438077318e-07,0.949426118391324,100
mmlu-pro,,1.0,0.475,0.75,0.00884924048557873,4.160599792383864e-07,0.9496610935381835,100
mmlu-pro,,1.0,0.5,0.05,0.009662377359345503,5.2932166357857364e-06,0.9390555806597379,100
mmlu-pro,,1.0,0.5,0.25,0.007937551811337422,1.1313872817543409e-06,0.9477948486217804,100
mmlu-pro,,1.0,0.5,0.5,0.007816629419103218,5.488604469017619e-07,0.949670131043832,100
mmlu-pro,,1.0,0.5,0.75,0.008428751500323363,3.570511562555023e-07,0.9494893809308631,100
