dataset,prop_budget,seed,mean_width,coverage
mmlu-pro,0.275,0,0.015024369582533836,0.9457749661093539
mmlu-pro,0.275,1,0.015023015439510345,0.9511974694984184
mmlu-pro,0.275,2,0.01500280387699604,0.9493899683687302
mmlu-pro,0.275,3,0.014981756918132305,0.9484862178038862
mmlu-pro,0.275,4,0.015015815384685993,0.947582467239042
mmlu-pro,0.275,5,0.014993252232670784,0.9453230908269318
mmlu-pro,0.275,6,0.01502061914652586,0.9462268413917759
mmlu-pro,0.275,7,0.014970295131206512,0.9435155896972436
mmlu-pro,0.275,8,0.014988791197538376,0.9430637144148215
mmlu-pro,0.275,9,0.014985944144427776,0.94713059195662
mmlu-pro,0.275,10,0.014981001615524292,0.9507455942159965
mmlu-pro,0.275,11,0.014993114396929741,0.9493899683687302
mmlu-pro,0.275,12,0.015033023431897163,0.9426118391323995
mmlu-pro,0.275,13,0.01499104592949152,0.94713059195662
mmlu-pro,0.275,14,0.01504741981625557,0.94713059195662
mmlu-pro,0.275,15,0.01501865778118372,0.9480343425214641
mmlu-pro,0.275,16,0.014985794201493263,0.94713059195662
mmlu-pro,0.275,17,0.015035395510494709,0.9511974694984184
mmlu-pro,0.275,18,0.014981323853135109,0.9448712155445097
mmlu-pro,0.275,19,0.01502505224198103,0.9534568459105287
mmlu-pro,0.275,20,0.015006711706519127,0.9530049706281066
mmlu-pro,0.275,21,0.014967299997806549,0.94713059195662
mmlu-pro,0.275,22,0.015022020787000656,0.9493899683687302
mmlu-pro,0.275,23,0.01502564549446106,0.9457749661093539
mmlu-pro,0.275,24,0.015005398541688919,0.94713059195662
mmlu-pro,0.275,25,0.015007114969193935,0.9516493447808405
mmlu-pro,0.275,26,0.015010516159236431,0.946678716674198
mmlu-pro,0.275,27,0.015009509399533272,0.9480343425214641
mmlu-pro,0.275,28,0.014971453696489334,0.9448712155445097
mmlu-pro,0.275,29,0.01502569392323494,0.9498418436511523
mmlu-pro,0.275,30,0.015016328543424606,0.9516493447808405
mmlu-pro,0.275,31,0.014992449432611465,0.9493899683687302
mmlu-pro,0.275,32,0.015037725679576397,0.9426118391323995
mmlu-pro,0.3,0,0.014291820116341114,0.9457749661093539
mmlu-pro,0.3,1,0.014290468767285347,0.9539087211929508
mmlu-pro,0.3,2,0.01426475215703249,0.946678716674198
mmlu-pro,0.3,3,0.014245627447962761,0.94713059195662
mmlu-pro,0.3,4,0.014279390685260296,0.9525530953456847
mmlu-pro,0.3,5,0.01426411047577858,0.9435155896972436
mmlu-pro,0.3,6,0.014294791035354137,0.94713059195662
mmlu-pro,0.3,7,0.014239317737519741,0.9408043380027112
mmlu-pro,0.3,8,0.0142592191696167,0.947582467239042
mmlu-pro,0.3,9,0.014264185912907124,0.9435155896972436
mmlu-pro,0.3,10,0.014248647727072239,0.9521012200632626
mmlu-pro,0.3,11,0.014261358417570591,0.956168097605061
mmlu-pro,0.3,12,0.014296247623860836,0.947582467239042
mmlu-pro,0.3,13,0.01426172349601984,0.94713059195662
mmlu-pro,0.3,14,0.014305142685770988,0.9507455942159965
mmlu-pro,0.3,15,0.014289517886936665,0.9457749661093539
mmlu-pro,0.3,16,0.014253919944167137,0.9498418436511523
mmlu-pro,0.3,17,0.014300794340670109,0.956168097605061
mmlu-pro,0.3,18,0.014259709976613522,0.9394487121554451
mmlu-pro,0.3,19,0.014290546998381615,0.9575237234523272
mmlu-pro,0.3,20,0.014275586232542992,0.9525530953456847
mmlu-pro,0.3,21,0.014239173382520676,0.9502937189335744
mmlu-pro,0.3,22,0.014284892939031124,0.9511974694984184
mmlu-pro,0.3,23,0.014283454976975918,0.9502937189335744
mmlu-pro,0.3,24,0.014276777394115925,0.9525530953456847
mmlu-pro,0.3,25,0.014266435988247395,0.9521012200632626
mmlu-pro,0.3,26,0.014274791814386845,0.9457749661093539
mmlu-pro,0.3,27,0.01426862832158804,0.9484862178038862
mmlu-pro,0.3,28,0.014246242120862007,0.9457749661093539
mmlu-pro,0.3,29,0.01429388951510191,0.9507455942159965
mmlu-pro,0.3,30,0.014277764596045017,0.9493899683687302
mmlu-pro,0.3,31,0.014260937459766865,0.946678716674198
mmlu-pro,0.3,32,0.01430890616029501,0.9430637144148215
mmlu-pro,0.325,0,0.013651353307068348,0.9489380930863082
mmlu-pro,0.325,1,0.013651990331709385,0.9530049706281066
mmlu-pro,0.325,2,0.013628161512315273,0.946678716674198
mmlu-pro,0.325,3,0.013607473112642765,0.9430637144148215
mmlu-pro,0.325,4,0.013634907081723213,0.9579755987347492
mmlu-pro,0.325,5,0.013626710511744022,0.9457749661093539
mmlu-pro,0.325,6,0.01365449745208025,0.946678716674198
mmlu-pro,0.325,7,0.013606444001197815,0.9426118391323995
mmlu-pro,0.325,8,0.013617845252156258,0.9539087211929508
mmlu-pro,0.325,9,0.013626648113131523,0.9493899683687302
mmlu-pro,0.325,10,0.013609695248305798,0.956168097605061
mmlu-pro,0.325,11,0.013625281862914562,0.9543605964753729
mmlu-pro,0.325,12,0.013654187321662903,0.9462268413917759
mmlu-pro,0.325,13,0.013623053207993507,0.9493899683687302
mmlu-pro,0.325,14,0.01366050262004137,0.9530049706281066
mmlu-pro,0.325,15,0.013650850392878056,0.9448712155445097
mmlu-pro,0.325,16,0.01361199002712965,0.947582467239042
mmlu-pro,0.325,17,0.013656429946422577,0.9543605964753729
mmlu-pro,0.325,18,0.013629933819174767,0.938093086308179
mmlu-pro,0.325,19,0.01364973932504654,0.9570718481699051
mmlu-pro,0.325,20,0.013643809594213963,0.9575237234523272
mmlu-pro,0.325,21,0.013600562699139118,0.9502937189335744
mmlu-pro,0.325,22,0.01364137977361679,0.9516493447808405
mmlu-pro,0.325,23,0.013639562763273716,0.9480343425214641
mmlu-pro,0.325,24,0.01363988034427166,0.9548124717577949
mmlu-pro,0.325,25,0.013631986454129219,0.9521012200632626
mmlu-pro,0.325,26,0.013640502467751503,0.9484862178038862
mmlu-pro,0.325,27,0.013640020973980427,0.9457749661093539
mmlu-pro,0.325,28,0.013616115786135197,0.94713059195662
mmlu-pro,0.325,29,0.013647901825606823,0.9489380930863082
mmlu-pro,0.325,30,0.013635308481752872,0.9489380930863082
mmlu-pro,0.325,31,0.013622807338833809,0.9462268413917759
mmlu-pro,0.325,32,0.013668899424374104,0.94713059195662
mmlu-pro,0.35,0,0.013083997182548046,0.9502937189335744
mmlu-pro,0.35,1,0.013085247948765755,0.9521012200632626
mmlu-pro,0.35,2,0.0130701195448637,0.9493899683687302
mmlu-pro,0.35,3,0.013037764467298985,0.9462268413917759
mmlu-pro,0.35,4,0.013075688853859901,0.9570718481699051
mmlu-pro,0.35,5,0.01306852139532566,0.946678716674198
mmlu-pro,0.35,6,0.013093443587422371,0.9484862178038862
mmlu-pro,0.35,7,0.013046400621533394,0.9417080885675554
mmlu-pro,0.35,8,0.013056873343884945,0.946678716674198
mmlu-pro,0.35,9,0.013065151870250702,0.9457749661093539
mmlu-pro,0.35,10,0.013042377308011055,0.955716222322639
mmlu-pro,0.35,11,0.013057881966233253,0.9498418436511523
mmlu-pro,0.35,12,0.01308533176779747,0.9516493447808405
mmlu-pro,0.35,13,0.01306248176842928,0.9439674649796657
mmlu-pro,0.35,14,0.013092455454170704,0.9493899683687302
mmlu-pro,0.35,15,0.013079855591058731,0.9462268413917759
mmlu-pro,0.35,16,0.013045590370893478,0.9426118391323995
mmlu-pro,0.35,17,0.01309102401137352,0.9552643470402169
mmlu-pro,0.35,18,0.01306275837123394,0.9408043380027112
mmlu-pro,0.35,19,0.01308449637144804,0.9579755987347492
mmlu-pro,0.35,20,0.01308208517730236,0.955716222322639
mmlu-pro,0.35,21,0.013045906089246273,0.9498418436511523
mmlu-pro,0.35,22,0.013073288835585117,0.9426118391323995
mmlu-pro,0.35,23,0.013086376711726189,0.9525530953456847
mmlu-pro,0.35,24,0.013077632524073124,0.9525530953456847
mmlu-pro,0.35,25,0.013070682995021343,0.9507455942159965
mmlu-pro,0.35,26,0.013083826750516891,0.947582467239042
mmlu-pro,0.35,27,0.013086315244436264,0.94713059195662
mmlu-pro,0.35,28,0.013057579286396503,0.9502937189335744
mmlu-pro,0.35,29,0.01308827381581068,0.9498418436511523
mmlu-pro,0.35,30,0.01307547278702259,0.9530049706281066
mmlu-pro,0.35,31,0.013056142255663872,0.94713059195662
mmlu-pro,0.35,32,0.0131003949791193,0.947582467239042
mmlu-pro,0.375,0,0.012580501846969128,0.9530049706281066
mmlu-pro,0.375,1,0.012587126344442368,0.9484862178038862
mmlu-pro,0.375,2,0.012568388134241104,0.9448712155445097
mmlu-pro,0.375,3,0.012540794909000397,0.947582467239042
mmlu-pro,0.375,4,0.012572156265377998,0.9530049706281066
mmlu-pro,0.375,5,0.012572301551699638,0.947582467239042
mmlu-pro,0.375,6,0.01259063184261322,0.9498418436511523
mmlu-pro,0.375,7,0.012548774480819702,0.9408043380027112
mmlu-pro,0.375,8,0.012550649233162403,0.9462268413917759
mmlu-pro,0.375,9,0.012562904506921768,0.9435155896972436
mmlu-pro,0.375,10,0.01255948655307293,0.9552643470402169
mmlu-pro,0.375,11,0.012559378519654274,0.955716222322639
mmlu-pro,0.375,12,0.012583506293594837,0.9498418436511523
mmlu-pro,0.375,13,0.012559403665363789,0.9403524627202893
mmlu-pro,0.375,14,0.012591874226927757,0.9521012200632626
mmlu-pro,0.375,15,0.012581266462802887,0.9453230908269318
mmlu-pro,0.375,16,0.012541210278868675,0.9417080885675554
mmlu-pro,0.375,17,0.012592949904501438,0.9543605964753729
mmlu-pro,0.375,18,0.012561773881316185,0.938093086308179
mmlu-pro,0.375,19,0.012577320449054241,0.955716222322639
mmlu-pro,0.375,20,0.012587868608534336,0.9566199728874831
mmlu-pro,0.375,21,0.012548414058983326,0.9493899683687302
mmlu-pro,0.375,22,0.012574178166687489,0.9444193402620877
mmlu-pro,0.375,23,0.012588552199304104,0.9493899683687302
mmlu-pro,0.375,24,0.012571494095027447,0.9530049706281066
mmlu-pro,0.375,25,0.012568389065563679,0.9521012200632626
mmlu-pro,0.375,26,0.012578165158629417,0.9435155896972436
mmlu-pro,0.375,27,0.012582178227603436,0.947582467239042
mmlu-pro,0.375,28,0.012553752399981022,0.9521012200632626
mmlu-pro,0.375,29,0.012586859986186028,0.9462268413917759
mmlu-pro,0.375,30,0.012576896697282791,0.947582467239042
mmlu-pro,0.375,31,0.01255581434816122,0.9457749661093539
mmlu-pro,0.375,32,0.012598407454788685,0.946678716674198
mmlu-pro,0.4,0,0.01213636714965105,0.9575237234523272
mmlu-pro,0.4,1,0.012134280987083912,0.9484862178038862
mmlu-pro,0.4,2,0.012122741900384426,0.946678716674198
mmlu-pro,0.4,3,0.012096498161554337,0.9421599638499775
mmlu-pro,0.4,4,0.012119941413402557,0.9511974694984184
mmlu-pro,0.4,5,0.012120723724365234,0.9430637144148215
mmlu-pro,0.4,6,0.012143086642026901,0.94713059195662
mmlu-pro,0.4,7,0.01210047397762537,0.9417080885675554
mmlu-pro,0.4,8,0.012107784859836102,0.94713059195662
mmlu-pro,0.4,9,0.012109286151826382,0.9484862178038862
mmlu-pro,0.4,10,0.01211533509194851,0.9575237234523272
mmlu-pro,0.4,11,0.012110192328691483,0.9489380930863082
mmlu-pro,0.4,12,0.01212962344288826,0.9498418436511523
mmlu-pro,0.4,13,0.012115069665014744,0.9426118391323995
mmlu-pro,0.4,14,0.012142996303737164,0.9525530953456847
mmlu-pro,0.4,15,0.012136666104197502,0.9507455942159965
mmlu-pro,0.4,16,0.012094383127987385,0.9448712155445097
mmlu-pro,0.4,17,0.012140494771301746,0.9543605964753729
mmlu-pro,0.4,18,0.01211269199848175,0.9367374604609128
mmlu-pro,0.4,19,0.01212875172495842,0.9579755987347492
mmlu-pro,0.4,20,0.012138736434280872,0.9543605964753729
mmlu-pro,0.4,21,0.01210495550185442,0.9516493447808405
mmlu-pro,0.4,22,0.012123938649892807,0.947582467239042
mmlu-pro,0.4,23,0.012143604457378387,0.9539087211929508
mmlu-pro,0.4,24,0.012127580121159554,0.9534568459105287
mmlu-pro,0.4,25,0.012118730694055557,0.9530049706281066
mmlu-pro,0.4,26,0.012129833921790123,0.9439674649796657
mmlu-pro,0.4,27,0.0121350958943367,0.9462268413917759
mmlu-pro,0.4,28,0.012107163667678833,0.9521012200632626
mmlu-pro,0.4,29,0.012142125517129898,0.94713059195662
mmlu-pro,0.4,30,0.012125053443014622,0.9435155896972436
mmlu-pro,0.4,31,0.01211570855230093,0.94713059195662
mmlu-pro,0.4,32,0.012147285975515842,0.9530049706281066
mmlu-pro,0.425,0,0.011725635267794132,0.9521012200632626
mmlu-pro,0.425,1,0.011726555414497852,0.9453230908269318
mmlu-pro,0.425,2,0.011721635237336159,0.9453230908269318
mmlu-pro,0.425,3,0.011690078303217888,0.9412562132851333
mmlu-pro,0.425,4,0.011712644249200821,0.9521012200632626
mmlu-pro,0.425,5,0.011716693639755249,0.9421599638499775
mmlu-pro,0.425,6,0.011734070256352425,0.9511974694984184
mmlu-pro,0.425,7,0.011691664345562458,0.9421599638499775
mmlu-pro,0.425,8,0.011704972945153713,0.947582467239042
mmlu-pro,0.425,9,0.011700568720698357,0.9534568459105287
mmlu-pro,0.425,10,0.01171138696372509,0.9539087211929508
mmlu-pro,0.425,11,0.011700489558279514,0.9453230908269318
mmlu-pro,0.425,12,0.011725638061761856,0.9507455942159965
mmlu-pro,0.425,13,0.011709028854966164,0.9426118391323995
mmlu-pro,0.425,14,0.01173260249197483,0.9498418436511523
mmlu-pro,0.425,15,0.01172894611954689,0.9530049706281066
mmlu-pro,0.425,16,0.011689568869769573,0.947582467239042
mmlu-pro,0.425,17,0.011729732155799866,0.9530049706281066
mmlu-pro,0.425,18,0.011708389036357403,0.9371893357433349
mmlu-pro,0.425,19,0.011719980277121067,0.955716222322639
mmlu-pro,0.425,20,0.0117273461073637,0.9575237234523272
mmlu-pro,0.425,21,0.011698479764163494,0.9502937189335744
mmlu-pro,0.425,22,0.01171247847378254,0.9498418436511523
mmlu-pro,0.425,23,0.011735640466213226,0.9498418436511523
mmlu-pro,0.425,24,0.011730565689504147,0.94713059195662
mmlu-pro,0.425,25,0.011716910637915134,0.9543605964753729
mmlu-pro,0.425,26,0.011724505573511124,0.9435155896972436
mmlu-pro,0.425,27,0.01172569114714861,0.9480343425214641
mmlu-pro,0.425,28,0.011705690063536167,0.9502937189335744
mmlu-pro,0.425,29,0.011733658611774445,0.9489380930863082
mmlu-pro,0.425,30,0.011718851514160633,0.9457749661093539
mmlu-pro,0.425,31,0.011714097112417221,0.9489380930863082
mmlu-pro,0.425,32,0.011738138273358345,0.9534568459105287
bbh+gpqa+ifeval+math+musr,0.275,0,0.02058401331305504,0.9543399638336347
bbh+gpqa+ifeval+math+musr,0.275,1,0.0205080509185791,0.9471066907775768
bbh+gpqa+ifeval+math+musr,0.275,2,0.02055630087852478,0.9452983725135623
bbh+gpqa+ifeval+math+musr,0.275,3,0.02055123634636402,0.9462025316455696
bbh+gpqa+ifeval+math+musr,0.275,4,0.020556597039103508,0.9525316455696202
bbh+gpqa+ifeval+math+musr,0.275,5,0.02055419608950615,0.9547920433996383
bbh+gpqa+ifeval+math+musr,0.275,6,0.020559681579470634,0.9502712477396021
bbh+gpqa+ifeval+math+musr,0.275,7,0.02056189253926277,0.9394213381555153
bbh+gpqa+ifeval+math+musr,0.275,8,0.020516412332654,0.9471066907775768
bbh+gpqa+ifeval+math+musr,0.275,9,0.020539231598377228,0.9466546112115732
bbh+gpqa+ifeval+math+musr,0.275,10,0.020556336268782616,0.9412296564195298
bbh+gpqa+ifeval+math+musr,0.275,11,0.020545417442917824,0.9452983725135623
bbh+gpqa+ifeval+math+musr,0.275,12,0.0205474104732275,0.9543399638336347
bbh+gpqa+ifeval+math+musr,0.275,13,0.020559260621666908,0.9448462929475587
bbh+gpqa+ifeval+math+musr,0.275,14,0.020524950698018074,0.9489150090415913
bbh+gpqa+ifeval+math+musr,0.275,15,0.02052648551762104,0.953887884267631
bbh+gpqa+ifeval+math+musr,0.275,16,0.020553473383188248,0.9475587703435805
bbh+gpqa+ifeval+math+musr,0.275,17,0.020528115332126617,0.9484629294755876
bbh+gpqa+ifeval+math+musr,0.275,18,0.020559854805469513,0.9484629294755876
bbh+gpqa+ifeval+math+musr,0.275,19,0.02051948942244053,0.9489150090415913
bbh+gpqa+ifeval+math+musr,0.275,20,0.020537761971354485,0.9480108499095841
bbh+gpqa+ifeval+math+musr,0.275,21,0.020519688725471497,0.9493670886075949
bbh+gpqa+ifeval+math+musr,0.275,22,0.02057690918445587,0.9502712477396021
bbh+gpqa+ifeval+math+musr,0.275,23,0.020547645166516304,0.953887884267631
bbh+gpqa+ifeval+math+musr,0.275,24,0.02052081748843193,0.9511754068716094
bbh+gpqa+ifeval+math+musr,0.275,25,0.020520668476819992,0.9471066907775768
bbh+gpqa+ifeval+math+musr,0.275,26,0.02054094895720482,0.9507233273056057
bbh+gpqa+ifeval+math+musr,0.275,27,0.020558487623929977,0.95750452079566
bbh+gpqa+ifeval+math+musr,0.275,28,0.02054002322256565,0.9511754068716094
bbh+gpqa+ifeval+math+musr,0.275,29,0.020569443702697754,0.9448462929475587
bbh+gpqa+ifeval+math+musr,0.275,30,0.020538317039608955,0.9529837251356238
bbh+gpqa+ifeval+math+musr,0.275,31,0.02058577351272106,0.9480108499095841
bbh+gpqa+ifeval+math+musr,0.275,32,0.020552942529320717,0.9471066907775768
bbh+gpqa+ifeval+math+musr,0.3,0,0.01956765539944172,0.953887884267631
bbh+gpqa+ifeval+math+musr,0.3,1,0.0194981899112463,0.9462025316455696
bbh+gpqa+ifeval+math+musr,0.3,2,0.01954711228609085,0.939873417721519
bbh+gpqa+ifeval+math+musr,0.3,3,0.01953931897878647,0.9493670886075949
bbh+gpqa+ifeval+math+musr,0.3,4,0.019543718546628952,0.9484629294755876
bbh+gpqa+ifeval+math+musr,0.3,5,0.019540540874004364,0.9570524412296564
bbh+gpqa+ifeval+math+musr,0.3,6,0.019545642659068108,0.9534358047016275
bbh+gpqa+ifeval+math+musr,0.3,7,0.019553303718566895,0.9480108499095841
bbh+gpqa+ifeval+math+musr,0.3,8,0.019513752311468124,0.9434900542495479
bbh+gpqa+ifeval+math+musr,0.3,9,0.01952928490936756,0.9466546112115732
bbh+gpqa+ifeval+math+musr,0.3,10,0.019540833309292793,0.9430379746835442
bbh+gpqa+ifeval+math+musr,0.3,11,0.019532039761543274,0.9443942133815552
bbh+gpqa+ifeval+math+musr,0.3,12,0.019537383690476418,0.9511754068716094
bbh+gpqa+ifeval+math+musr,0.3,13,0.01954270526766777,0.9439421338155515
bbh+gpqa+ifeval+math+musr,0.3,14,0.019520796835422516,0.9489150090415913
bbh+gpqa+ifeval+math+musr,0.3,15,0.019522113725543022,0.9547920433996383
bbh+gpqa+ifeval+math+musr,0.3,16,0.0195377916097641,0.9412296564195298
bbh+gpqa+ifeval+math+musr,0.3,17,0.019520988687872887,0.9520795660036167
bbh+gpqa+ifeval+math+musr,0.3,18,0.019551068544387817,0.9502712477396021
bbh+gpqa+ifeval+math+musr,0.3,19,0.019511288031935692,0.9552441229656419
bbh+gpqa+ifeval+math+musr,0.3,20,0.019528435543179512,0.9502712477396021
bbh+gpqa+ifeval+math+musr,0.3,21,0.01951068826019764,0.9520795660036167
bbh+gpqa+ifeval+math+musr,0.3,22,0.019563745707273483,0.9556962025316456
bbh+gpqa+ifeval+math+musr,0.3,23,0.01953706331551075,0.9547920433996383
bbh+gpqa+ifeval+math+musr,0.3,24,0.019511185586452484,0.9529837251356238
bbh+gpqa+ifeval+math+musr,0.3,25,0.019512739032506943,0.951627486437613
bbh+gpqa+ifeval+math+musr,0.3,26,0.019530028104782104,0.9507233273056057
bbh+gpqa+ifeval+math+musr,0.3,27,0.01954692043364048,0.9561482820976491
bbh+gpqa+ifeval+math+musr,0.3,28,0.019530821591615677,0.9525316455696202
bbh+gpqa+ifeval+math+musr,0.3,29,0.019565366208553314,0.9520795660036167
bbh+gpqa+ifeval+math+musr,0.3,30,0.019527345895767212,0.9543399638336347
bbh+gpqa+ifeval+math+musr,0.3,31,0.019567012786865234,0.9471066907775768
bbh+gpqa+ifeval+math+musr,0.3,32,0.019545719027519226,0.9484629294755876
bbh+gpqa+ifeval+math+musr,0.325,0,0.018687479197978973,0.9570524412296564
bbh+gpqa+ifeval+math+musr,0.325,1,0.01862252876162529,0.951627486437613
bbh+gpqa+ifeval+math+musr,0.325,2,0.018672216683626175,0.9389692585895117
bbh+gpqa+ifeval+math+musr,0.325,3,0.018663808703422546,0.9434900542495479
bbh+gpqa+ifeval+math+musr,0.325,4,0.018670257180929184,0.9507233273056057
bbh+gpqa+ifeval+math+musr,0.325,5,0.01866188459098339,0.9547920433996383
bbh+gpqa+ifeval+math+musr,0.325,6,0.018668662756681442,0.9484629294755876
bbh+gpqa+ifeval+math+musr,0.325,7,0.018674423918128014,0.9466546112115732
bbh+gpqa+ifeval+math+musr,0.325,8,0.0186409093439579,0.9412296564195298
bbh+gpqa+ifeval+math+musr,0.325,9,0.01865319348871708,0.9507233273056057
bbh+gpqa+ifeval+math+musr,0.325,10,0.018664151430130005,0.9466546112115732
bbh+gpqa+ifeval+math+musr,0.325,11,0.01865837723016739,0.9448462929475587
bbh+gpqa+ifeval+math+musr,0.325,12,0.018659988418221474,0.945750452079566
bbh+gpqa+ifeval+math+musr,0.325,13,0.018665838986635208,0.9489150090415913
bbh+gpqa+ifeval+math+musr,0.325,14,0.01864372193813324,0.9520795660036167
bbh+gpqa+ifeval+math+musr,0.325,15,0.018648894503712654,0.9552441229656419
bbh+gpqa+ifeval+math+musr,0.325,16,0.018661018460989,0.9466546112115732
bbh+gpqa+ifeval+math+musr,0.325,17,0.01864650845527649,0.9480108499095841
bbh+gpqa+ifeval+math+musr,0.325,18,0.018673384562134743,0.951627486437613
bbh+gpqa+ifeval+math+musr,0.325,19,0.01863659918308258,0.9561482820976491
bbh+gpqa+ifeval+math+musr,0.325,20,0.01865234598517418,0.9534358047016275
bbh+gpqa+ifeval+math+musr,0.325,21,0.01863883249461651,0.9502712477396021
bbh+gpqa+ifeval+math+musr,0.325,22,0.01868797093629837,0.9520795660036167
bbh+gpqa+ifeval+math+musr,0.325,23,0.01866074465215206,0.9525316455696202
bbh+gpqa+ifeval+math+musr,0.325,24,0.01863839104771614,0.9525316455696202
bbh+gpqa+ifeval+math+musr,0.325,25,0.018642257899045944,0.9452983725135623
bbh+gpqa+ifeval+math+musr,0.325,26,0.018656674772500992,0.9475587703435805
bbh+gpqa+ifeval+math+musr,0.325,27,0.018670281395316124,0.9556962025316456
bbh+gpqa+ifeval+math+musr,0.325,28,0.018656881526112556,0.9507233273056057
bbh+gpqa+ifeval+math+musr,0.325,29,0.01868007890880108,0.951627486437613
bbh+gpqa+ifeval+math+musr,0.325,30,0.018645858392119408,0.9466546112115732
bbh+gpqa+ifeval+math+musr,0.325,31,0.018683649599552155,0.9452983725135623
bbh+gpqa+ifeval+math+musr,0.325,32,0.01867155358195305,0.9466546112115732
bbh+gpqa+ifeval+math+musr,0.35,0,0.01791047863662243,0.9534358047016275
bbh+gpqa+ifeval+math+musr,0.35,1,0.01785387471318245,0.9489150090415913
bbh+gpqa+ifeval+math+musr,0.35,2,0.01790013536810875,0.9376130198915009
bbh+gpqa+ifeval+math+musr,0.35,3,0.01788966916501522,0.9471066907775768
bbh+gpqa+ifeval+math+musr,0.35,4,0.017895221710205078,0.9480108499095841
bbh+gpqa+ifeval+math+musr,0.35,5,0.017891274765133858,0.9547920433996383
bbh+gpqa+ifeval+math+musr,0.35,6,0.01789243333041668,0.9484629294755876
bbh+gpqa+ifeval+math+musr,0.35,7,0.017897147685289383,0.9425858951175407
bbh+gpqa+ifeval+math+musr,0.35,8,0.017870204523205757,0.9416817359855334
bbh+gpqa+ifeval+math+musr,0.35,9,0.017883481457829475,0.9480108499095841
bbh+gpqa+ifeval+math+musr,0.35,10,0.017888695001602173,0.9407775768535261
bbh+gpqa+ifeval+math+musr,0.35,11,0.017884422093629837,0.9452983725135623
bbh+gpqa+ifeval+math+musr,0.35,12,0.017891984432935715,0.9471066907775768
bbh+gpqa+ifeval+math+musr,0.35,13,0.017894210293889046,0.9484629294755876
bbh+gpqa+ifeval+math+musr,0.35,14,0.017871970310807228,0.9529837251356238
bbh+gpqa+ifeval+math+musr,0.35,15,0.017876828089356422,0.9498191681735986
bbh+gpqa+ifeval+math+musr,0.35,16,0.017885398119688034,0.9471066907775768
bbh+gpqa+ifeval+math+musr,0.35,17,0.017881188541650772,0.9507233273056057
bbh+gpqa+ifeval+math+musr,0.35,18,0.017898228019475937,0.9493670886075949
bbh+gpqa+ifeval+math+musr,0.35,19,0.017863409593701363,0.9534358047016275
bbh+gpqa+ifeval+math+musr,0.35,20,0.017880389466881752,0.9525316455696202
bbh+gpqa+ifeval+math+musr,0.35,21,0.017868073657155037,0.9498191681735986
bbh+gpqa+ifeval+math+musr,0.35,22,0.017913486808538437,0.9480108499095841
bbh+gpqa+ifeval+math+musr,0.35,23,0.017887849360704422,0.9561482820976491
bbh+gpqa+ifeval+math+musr,0.35,24,0.017869548872113228,0.9534358047016275
bbh+gpqa+ifeval+math+musr,0.35,25,0.017868969589471817,0.9480108499095841
bbh+gpqa+ifeval+math+musr,0.35,26,0.01788364350795746,0.9484629294755876
bbh+gpqa+ifeval+math+musr,0.35,27,0.01789514534175396,0.951627486437613
bbh+gpqa+ifeval+math+musr,0.35,28,0.017886562272906303,0.9511754068716094
bbh+gpqa+ifeval+math+musr,0.35,29,0.017905360087752342,0.9556962025316456
bbh+gpqa+ifeval+math+musr,0.35,30,0.01787237823009491,0.9520795660036167
bbh+gpqa+ifeval+math+musr,0.35,31,0.01790669560432434,0.9452983725135623
bbh+gpqa+ifeval+math+musr,0.35,32,0.01789635792374611,0.9484629294755876
bbh+gpqa+ifeval+math+musr,0.375,0,0.01721862703561783,0.9525316455696202
bbh+gpqa+ifeval+math+musr,0.375,1,0.017164962366223335,0.9452983725135623
bbh+gpqa+ifeval+math+musr,0.375,2,0.017209341749548912,0.9403254972875226
bbh+gpqa+ifeval+math+musr,0.375,3,0.017195699736475945,0.9480108499095841
bbh+gpqa+ifeval+math+musr,0.375,4,0.017207348719239235,0.9529837251356238
bbh+gpqa+ifeval+math+musr,0.375,5,0.017203133553266525,0.9529837251356238
bbh+gpqa+ifeval+math+musr,0.375,6,0.01719978079199791,0.9489150090415913
bbh+gpqa+ifeval+math+musr,0.375,7,0.017207713797688484,0.9425858951175407
bbh+gpqa+ifeval+math+musr,0.375,8,0.017181847244501114,0.9407775768535261
bbh+gpqa+ifeval+math+musr,0.375,9,0.017191890627145767,0.9502712477396021
bbh+gpqa+ifeval+math+musr,0.375,10,0.017195142805576324,0.9434900542495479
bbh+gpqa+ifeval+math+musr,0.375,11,0.01719236560165882,0.9471066907775768
bbh+gpqa+ifeval+math+musr,0.375,12,0.01720210164785385,0.9466546112115732
bbh+gpqa+ifeval+math+musr,0.375,13,0.01720355451107025,0.9425858951175407
bbh+gpqa+ifeval+math+musr,0.375,14,0.017185786738991737,0.9475587703435805
bbh+gpqa+ifeval+math+musr,0.375,15,0.017189109697937965,0.9511754068716094
bbh+gpqa+ifeval+math+musr,0.375,16,0.017196854576468468,0.9475587703435805
bbh+gpqa+ifeval+math+musr,0.375,17,0.017189936712384224,0.9489150090415913
bbh+gpqa+ifeval+math+musr,0.375,18,0.01720883883535862,0.9507233273056057
bbh+gpqa+ifeval+math+musr,0.375,19,0.01717396453022957,0.9511754068716094
bbh+gpqa+ifeval+math+musr,0.375,20,0.017191974446177483,0.945750452079566
bbh+gpqa+ifeval+math+musr,0.375,21,0.017181934788823128,0.9520795660036167
bbh+gpqa+ifeval+math+musr,0.375,22,0.017220403999090195,0.9466546112115732
bbh+gpqa+ifeval+math+musr,0.375,23,0.017200300469994545,0.9529837251356238
bbh+gpqa+ifeval+math+musr,0.375,24,0.017183635383844376,0.9489150090415913
bbh+gpqa+ifeval+math+musr,0.375,25,0.017179319635033607,0.9439421338155515
bbh+gpqa+ifeval+math+musr,0.375,26,0.017192667350172997,0.951627486437613
bbh+gpqa+ifeval+math+musr,0.375,27,0.017203211784362793,0.9534358047016275
bbh+gpqa+ifeval+math+musr,0.375,28,0.01719498261809349,0.9529837251356238
bbh+gpqa+ifeval+math+musr,0.375,29,0.01720859669148922,0.9525316455696202
bbh+gpqa+ifeval+math+musr,0.375,30,0.017186377197504044,0.9543399638336347
bbh+gpqa+ifeval+math+musr,0.375,31,0.017214935272932053,0.9471066907775768
bbh+gpqa+ifeval+math+musr,0.375,32,0.017202584072947502,0.9434900542495479
bbh+gpqa+ifeval+math+musr,0.4,0,0.016600411385297775,0.9507233273056057
bbh+gpqa+ifeval+math+musr,0.4,1,0.01655171997845173,0.9498191681735986
bbh+gpqa+ifeval+math+musr,0.4,2,0.0165907870978117,0.9389692585895117
bbh+gpqa+ifeval+math+musr,0.4,3,0.0165804922580719,0.9475587703435805
bbh+gpqa+ifeval+math+musr,0.4,4,0.016589533537626266,0.9498191681735986
bbh+gpqa+ifeval+math+musr,0.4,5,0.01658717729151249,0.9529837251356238
bbh+gpqa+ifeval+math+musr,0.4,6,0.016581855714321136,0.9466546112115732
bbh+gpqa+ifeval+math+musr,0.4,7,0.01659085974097252,0.9421338155515371
bbh+gpqa+ifeval+math+musr,0.4,8,0.016568830236792564,0.9452983725135623
bbh+gpqa+ifeval+math+musr,0.4,9,0.01657782681286335,0.9493670886075949
bbh+gpqa+ifeval+math+musr,0.4,10,0.016582489013671875,0.9434900542495479
bbh+gpqa+ifeval+math+musr,0.4,11,0.0165771022439003,0.9480108499095841
bbh+gpqa+ifeval+math+musr,0.4,12,0.016588183119893074,0.9507233273056057
bbh+gpqa+ifeval+math+musr,0.4,13,0.016589853912591934,0.9439421338155515
bbh+gpqa+ifeval+math+musr,0.4,14,0.0165716465562582,0.9529837251356238
bbh+gpqa+ifeval+math+musr,0.4,15,0.016576703637838364,0.951627486437613
bbh+gpqa+ifeval+math+musr,0.4,16,0.016583777964115143,0.9493670886075949
bbh+gpqa+ifeval+math+musr,0.4,17,0.016573622822761536,0.9452983725135623
bbh+gpqa+ifeval+math+musr,0.4,18,0.016593698412179947,0.9498191681735986
bbh+gpqa+ifeval+math+musr,0.4,19,0.016560645774006844,0.9520795660036167
bbh+gpqa+ifeval+math+musr,0.4,20,0.01657836325466633,0.9480108499095841
bbh+gpqa+ifeval+math+musr,0.4,21,0.01656612940132618,0.9480108499095841
bbh+gpqa+ifeval+math+musr,0.4,22,0.016600986942648888,0.9498191681735986
bbh+gpqa+ifeval+math+musr,0.4,23,0.016585780307650566,0.951627486437613
bbh+gpqa+ifeval+math+musr,0.4,24,0.0165689829736948,0.9543399638336347
bbh+gpqa+ifeval+math+musr,0.4,25,0.016565516591072083,0.9416817359855334
bbh+gpqa+ifeval+math+musr,0.4,26,0.01657726615667343,0.9498191681735986
bbh+gpqa+ifeval+math+musr,0.4,27,0.016583286225795746,0.953887884267631
bbh+gpqa+ifeval+math+musr,0.4,28,0.01657794415950775,0.951627486437613
bbh+gpqa+ifeval+math+musr,0.4,29,0.016590019688010216,0.9579566003616636
bbh+gpqa+ifeval+math+musr,0.4,30,0.016571080312132835,0.9561482820976491
bbh+gpqa+ifeval+math+musr,0.4,31,0.01660139299929142,0.9430379746835442
bbh+gpqa+ifeval+math+musr,0.4,32,0.01658529043197632,0.9452983725135623
bbh+gpqa+ifeval+math+musr,0.425,0,0.01604277268052101,0.9498191681735986
bbh+gpqa+ifeval+math+musr,0.425,1,0.015996767207980156,0.9484629294755876
bbh+gpqa+ifeval+math+musr,0.425,2,0.016035238280892372,0.9462025316455696
bbh+gpqa+ifeval+math+musr,0.425,3,0.016026413068175316,0.9507233273056057
bbh+gpqa+ifeval+math+musr,0.425,4,0.01603453978896141,0.9484629294755876
bbh+gpqa+ifeval+math+musr,0.425,5,0.016031814739108086,0.9561482820976491
bbh+gpqa+ifeval+math+musr,0.425,6,0.016028068959712982,0.9471066907775768
bbh+gpqa+ifeval+math+musr,0.425,7,0.01603233627974987,0.9462025316455696
bbh+gpqa+ifeval+math+musr,0.425,8,0.016014663502573967,0.9448462929475587
bbh+gpqa+ifeval+math+musr,0.425,9,0.016021164134144783,0.9471066907775768
bbh+gpqa+ifeval+math+musr,0.425,10,0.016027510166168213,0.9471066907775768
bbh+gpqa+ifeval+math+musr,0.425,11,0.016023242846131325,0.9529837251356238
bbh+gpqa+ifeval+math+musr,0.425,12,0.016031043604016304,0.9493670886075949
bbh+gpqa+ifeval+math+musr,0.425,13,0.016032475978136063,0.9452983725135623
bbh+gpqa+ifeval+math+musr,0.425,14,0.016015999019145966,0.9475587703435805
bbh+gpqa+ifeval+math+musr,0.425,15,0.016020072624087334,0.9475587703435805
bbh+gpqa+ifeval+math+musr,0.425,16,0.016028370708227158,0.945750452079566
bbh+gpqa+ifeval+math+musr,0.425,17,0.01601727493107319,0.9466546112115732
bbh+gpqa+ifeval+math+musr,0.425,18,0.01603834703564644,0.9471066907775768
bbh+gpqa+ifeval+math+musr,0.425,19,0.016004545614123344,0.9498191681735986
bbh+gpqa+ifeval+math+musr,0.425,20,0.01602633111178875,0.9480108499095841
bbh+gpqa+ifeval+math+musr,0.425,21,0.01601271517574787,0.9443942133815552
bbh+gpqa+ifeval+math+musr,0.425,22,0.016042478382587433,0.9475587703435805
bbh+gpqa+ifeval+math+musr,0.425,23,0.016028793528676033,0.9547920433996383
bbh+gpqa+ifeval+math+musr,0.425,24,0.016013864427804947,0.95750452079566
bbh+gpqa+ifeval+math+musr,0.425,25,0.016008511185646057,0.9416817359855334
bbh+gpqa+ifeval+math+musr,0.425,26,0.016018096357584,0.9448462929475587
bbh+gpqa+ifeval+math+musr,0.425,27,0.016028134152293205,0.9547920433996383
bbh+gpqa+ifeval+math+musr,0.425,28,0.016021760180592537,0.9489150090415913
bbh+gpqa+ifeval+math+musr,0.425,29,0.01603473536670208,0.9547920433996383
bbh+gpqa+ifeval+math+musr,0.425,30,0.016019180417060852,0.9534358047016275
bbh+gpqa+ifeval+math+musr,0.425,31,0.016042808070778847,0.9489150090415913
bbh+gpqa+ifeval+math+musr,0.425,32,0.016029823571443558,0.9502712477396021
bbh+gpqa+ifeval+math+musr,0.45,0,0.015537231229245663,0.9475587703435805
bbh+gpqa+ifeval+math+musr,0.45,1,0.015493438579142094,0.9466546112115732
bbh+gpqa+ifeval+math+musr,0.45,2,0.01553003303706646,0.9448462929475587
bbh+gpqa+ifeval+math+musr,0.45,3,0.015520510263741016,0.9466546112115732
bbh+gpqa+ifeval+math+musr,0.45,4,0.015525849536061287,0.9511754068716094
bbh+gpqa+ifeval+math+musr,0.45,5,0.015523438341915607,0.9529837251356238
bbh+gpqa+ifeval+math+musr,0.45,6,0.015519499778747559,0.9556962025316456
bbh+gpqa+ifeval+math+musr,0.45,7,0.01552246231585741,0.9507233273056057
bbh+gpqa+ifeval+math+musr,0.45,8,0.015506853349506855,0.9439421338155515
bbh+gpqa+ifeval+math+musr,0.45,9,0.015512132085859776,0.9498191681735986
bbh+gpqa+ifeval+math+musr,0.45,10,0.015517323277890682,0.9439421338155515
bbh+gpqa+ifeval+math+musr,0.45,11,0.015518639236688614,0.9525316455696202
bbh+gpqa+ifeval+math+musr,0.45,12,0.0155229102820158,0.9452983725135623
bbh+gpqa+ifeval+math+musr,0.45,13,0.015527097508311272,0.9475587703435805
bbh+gpqa+ifeval+math+musr,0.45,14,0.01550891064107418,0.945750452079566
bbh+gpqa+ifeval+math+musr,0.45,15,0.015513948164880276,0.9439421338155515
bbh+gpqa+ifeval+math+musr,0.45,16,0.015522412024438381,0.9462025316455696
bbh+gpqa+ifeval+math+musr,0.45,17,0.015509659424424171,0.9462025316455696
bbh+gpqa+ifeval+math+musr,0.45,18,0.01552953477948904,0.9525316455696202
bbh+gpqa+ifeval+math+musr,0.45,19,0.015493974089622498,0.951627486437613
bbh+gpqa+ifeval+math+musr,0.45,20,0.015521921217441559,0.9471066907775768
bbh+gpqa+ifeval+math+musr,0.45,21,0.01550369244068861,0.9471066907775768
bbh+gpqa+ifeval+math+musr,0.45,22,0.015535830520093441,0.9475587703435805
bbh+gpqa+ifeval+math+musr,0.45,23,0.015520154498517513,0.9561482820976491
bbh+gpqa+ifeval+math+musr,0.45,24,0.015505954623222351,0.9566003616636528
bbh+gpqa+ifeval+math+musr,0.45,25,0.015500705689191818,0.9448462929475587
bbh+gpqa+ifeval+math+musr,0.45,26,0.015514234080910683,0.9484629294755876
bbh+gpqa+ifeval+math+musr,0.45,27,0.015521504916250706,0.9552441229656419
bbh+gpqa+ifeval+math+musr,0.45,28,0.015513832680881023,0.9475587703435805
bbh+gpqa+ifeval+math+musr,0.45,29,0.015526756644248962,0.9552441229656419
bbh+gpqa+ifeval+math+musr,0.45,30,0.015510592609643936,0.9543399638336347
bbh+gpqa+ifeval+math+musr,0.45,31,0.015536986291408539,0.9480108499095841
bbh+gpqa+ifeval+math+musr,0.45,32,0.015522689558565617,0.9498191681735986
bbh+gpqa+ifeval+math+musr,0.475,0,0.015074150636792183,0.9529837251356238
bbh+gpqa+ifeval+math+musr,0.475,1,0.015034211799502373,0.9489150090415913
bbh+gpqa+ifeval+math+musr,0.475,2,0.01506577804684639,0.9475587703435805
bbh+gpqa+ifeval+math+musr,0.475,3,0.015057538636028767,0.9471066907775768
bbh+gpqa+ifeval+math+musr,0.475,4,0.015062934719026089,0.9462025316455696
bbh+gpqa+ifeval+math+musr,0.475,5,0.01506008394062519,0.9556962025316456
bbh+gpqa+ifeval+math+musr,0.475,6,0.015055961906909943,0.9502712477396021
bbh+gpqa+ifeval+math+musr,0.475,7,0.015059414319694042,0.9484629294755876
bbh+gpqa+ifeval+math+musr,0.475,8,0.015048365108668804,0.9448462929475587
bbh+gpqa+ifeval+math+musr,0.475,9,0.015050907619297504,0.9471066907775768
bbh+gpqa+ifeval+math+musr,0.475,10,0.015056433156132698,0.9448462929475587
bbh+gpqa+ifeval+math+musr,0.475,11,0.015057573094964027,0.9489150090415913
bbh+gpqa+ifeval+math+musr,0.475,12,0.01505957543849945,0.9443942133815552
bbh+gpqa+ifeval+math+musr,0.475,13,0.015067843720316887,0.945750452079566
bbh+gpqa+ifeval+math+musr,0.475,14,0.015048419125378132,0.945750452079566
bbh+gpqa+ifeval+math+musr,0.475,15,0.015052657574415207,0.9425858951175407
bbh+gpqa+ifeval+math+musr,0.475,16,0.015061748214066029,0.9448462929475587
bbh+gpqa+ifeval+math+musr,0.475,17,0.015049225650727749,0.9430379746835442
bbh+gpqa+ifeval+math+musr,0.475,18,0.015069213695824146,0.9552441229656419
bbh+gpqa+ifeval+math+musr,0.475,19,0.015032518655061722,0.9489150090415913
bbh+gpqa+ifeval+math+musr,0.475,20,0.015060540288686752,0.9489150090415913
bbh+gpqa+ifeval+math+musr,0.475,21,0.015042738057672977,0.951627486437613
bbh+gpqa+ifeval+math+musr,0.475,22,0.015070286579430103,0.9466546112115732
bbh+gpqa+ifeval+math+musr,0.475,23,0.015054690651595592,0.9570524412296564
bbh+gpqa+ifeval+math+musr,0.475,24,0.01504245214164257,0.9475587703435805
bbh+gpqa+ifeval+math+musr,0.475,25,0.015039747580885887,0.9443942133815552
bbh+gpqa+ifeval+math+musr,0.475,26,0.015050879679620266,0.9498191681735986
bbh+gpqa+ifeval+math+musr,0.475,27,0.015061655081808567,0.9556962025316456
bbh+gpqa+ifeval+math+musr,0.475,28,0.015052161179482937,0.9493670886075949
bbh+gpqa+ifeval+math+musr,0.475,29,0.015063660219311714,0.9529837251356238
bbh+gpqa+ifeval+math+musr,0.475,30,0.015047268941998482,0.9547920433996383
bbh+gpqa+ifeval+math+musr,0.475,31,0.01507285051047802,0.9480108499095841
bbh+gpqa+ifeval+math+musr,0.475,32,0.01505980733782053,0.945750452079566
bbh+gpqa+ifeval+math+musr,0.5,0,0.014569348655641079,0.9511754068716094
bbh+gpqa+ifeval+math+musr,0.5,1,0.01455189473927021,0.9448462929475587
bbh+gpqa+ifeval+math+musr,0.5,2,0.014605196192860603,0.9448462929475587
bbh+gpqa+ifeval+math+musr,0.5,3,0.014554535038769245,0.9529837251356238
bbh+gpqa+ifeval+math+musr,0.5,4,0.014575623907148838,0.9493670886075949
bbh+gpqa+ifeval+math+musr,0.5,5,0.0146157406270504,0.9525316455696202
bbh+gpqa+ifeval+math+musr,0.5,6,0.014554005116224289,0.9430379746835442
bbh+gpqa+ifeval+math+musr,0.5,7,0.014573142863810062,0.9425858951175407
bbh+gpqa+ifeval+math+musr,0.5,8,0.014556724578142166,0.9498191681735986
bbh+gpqa+ifeval+math+musr,0.5,9,0.01455945149064064,0.9493670886075949
bbh+gpqa+ifeval+math+musr,0.5,10,0.014577312394976616,0.9556962025316456
bbh+gpqa+ifeval+math+musr,0.5,11,0.014563021250069141,0.9520795660036167
bbh+gpqa+ifeval+math+musr,0.5,12,0.014568016864359379,0.951627486437613
bbh+gpqa+ifeval+math+musr,0.5,13,0.014620189554989338,0.9502712477396021
bbh+gpqa+ifeval+math+musr,0.5,14,0.01456766203045845,0.9534358047016275
bbh+gpqa+ifeval+math+musr,0.5,15,0.014542188495397568,0.9466546112115732
bbh+gpqa+ifeval+math+musr,0.5,16,0.014545651152729988,0.9489150090415913
bbh+gpqa+ifeval+math+musr,0.5,17,0.01457169558852911,0.9507233273056057
bbh+gpqa+ifeval+math+musr,0.5,18,0.01458702702075243,0.9556962025316456
bbh+gpqa+ifeval+math+musr,0.5,19,0.01451991405338049,0.9439421338155515
bbh+gpqa+ifeval+math+musr,0.5,20,0.014546800404787064,0.9498191681735986
bbh+gpqa+ifeval+math+musr,0.5,21,0.014556121081113815,0.9403254972875226
bbh+gpqa+ifeval+math+musr,0.5,22,0.014571062289178371,0.9443942133815552
bbh+gpqa+ifeval+math+musr,0.5,23,0.014563835225999355,0.9525316455696202
bbh+gpqa+ifeval+math+musr,0.5,24,0.014546604827046394,0.9525316455696202
bbh+gpqa+ifeval+math+musr,0.5,25,0.014546213671565056,0.9452983725135623
bbh+gpqa+ifeval+math+musr,0.5,26,0.014557202346622944,0.9475587703435805
bbh+gpqa+ifeval+math+musr,0.5,27,0.014602349139750004,0.9561482820976491
bbh+gpqa+ifeval+math+musr,0.5,28,0.014570074155926704,0.939873417721519
bbh+gpqa+ifeval+math+musr,0.5,29,0.014581525698304176,0.9507233273056057
bbh+gpqa+ifeval+math+musr,0.5,30,0.014523854479193687,0.9556962025316456
bbh+gpqa+ifeval+math+musr,0.5,31,0.014596804976463318,0.9412296564195298
bbh+gpqa+ifeval+math+musr,0.5,32,0.014614919200539589,0.9480108499095841
bbh+gpqa+ifeval+math+musr,0.45,0,0.015537231229245663,0.9475587703435805
bbh+gpqa+ifeval+math+musr,0.45,1,0.015493438579142094,0.9466546112115732
bbh+gpqa+ifeval+math+musr,0.45,2,0.01553003303706646,0.9448462929475587
bbh+gpqa+ifeval+math+musr,0.45,3,0.015520510263741016,0.9466546112115732
bbh+gpqa+ifeval+math+musr,0.45,4,0.015525849536061287,0.9511754068716094
bbh+gpqa+ifeval+math+musr,0.45,5,0.015523438341915607,0.9529837251356238
bbh+gpqa+ifeval+math+musr,0.45,6,0.015519499778747559,0.9556962025316456
bbh+gpqa+ifeval+math+musr,0.45,7,0.01552246231585741,0.9507233273056057
bbh+gpqa+ifeval+math+musr,0.45,8,0.015506853349506855,0.9439421338155515
bbh+gpqa+ifeval+math+musr,0.45,9,0.015512132085859776,0.9498191681735986
bbh+gpqa+ifeval+math+musr,0.45,10,0.015517323277890682,0.9439421338155515
bbh+gpqa+ifeval+math+musr,0.45,11,0.015518639236688614,0.9525316455696202
bbh+gpqa+ifeval+math+musr,0.45,12,0.0155229102820158,0.9452983725135623
bbh+gpqa+ifeval+math+musr,0.45,13,0.015527097508311272,0.9475587703435805
bbh+gpqa+ifeval+math+musr,0.45,14,0.01550891064107418,0.945750452079566
bbh+gpqa+ifeval+math+musr,0.45,15,0.015513948164880276,0.9439421338155515
bbh+gpqa+ifeval+math+musr,0.45,16,0.015522412024438381,0.9462025316455696
bbh+gpqa+ifeval+math+musr,0.45,17,0.015509659424424171,0.9462025316455696
bbh+gpqa+ifeval+math+musr,0.45,18,0.01552953477948904,0.9525316455696202
bbh+gpqa+ifeval+math+musr,0.45,19,0.015493974089622498,0.951627486437613
bbh+gpqa+ifeval+math+musr,0.45,20,0.015521921217441559,0.9471066907775768
bbh+gpqa+ifeval+math+musr,0.45,21,0.01550369244068861,0.9471066907775768
bbh+gpqa+ifeval+math+musr,0.45,22,0.015535830520093441,0.9475587703435805
bbh+gpqa+ifeval+math+musr,0.45,23,0.015520154498517513,0.9561482820976491
bbh+gpqa+ifeval+math+musr,0.45,24,0.015505954623222351,0.9566003616636528
bbh+gpqa+ifeval+math+musr,0.45,25,0.015500705689191818,0.9448462929475587
bbh+gpqa+ifeval+math+musr,0.45,26,0.015514234080910683,0.9484629294755876
bbh+gpqa+ifeval+math+musr,0.45,27,0.015521504916250706,0.9552441229656419
bbh+gpqa+ifeval+math+musr,0.45,28,0.015513832680881023,0.9475587703435805
bbh+gpqa+ifeval+math+musr,0.45,29,0.015526756644248962,0.9552441229656419
bbh+gpqa+ifeval+math+musr,0.45,30,0.015510592609643936,0.9543399638336347
bbh+gpqa+ifeval+math+musr,0.45,31,0.015536986291408539,0.9480108499095841
bbh+gpqa+ifeval+math+musr,0.45,32,0.015522689558565617,0.9498191681735986
bbh+gpqa+ifeval+math+musr,0.475,0,0.015074150636792183,0.9529837251356238
bbh+gpqa+ifeval+math+musr,0.475,1,0.015034211799502373,0.9489150090415913
bbh+gpqa+ifeval+math+musr,0.475,2,0.01506577804684639,0.9475587703435805
bbh+gpqa+ifeval+math+musr,0.475,3,0.015057538636028767,0.9471066907775768
bbh+gpqa+ifeval+math+musr,0.475,4,0.015062934719026089,0.9462025316455696
bbh+gpqa+ifeval+math+musr,0.475,5,0.01506008394062519,0.9556962025316456
bbh+gpqa+ifeval+math+musr,0.475,6,0.015055961906909943,0.9502712477396021
bbh+gpqa+ifeval+math+musr,0.475,7,0.015059414319694042,0.9484629294755876
bbh+gpqa+ifeval+math+musr,0.475,8,0.015048365108668804,0.9448462929475587
bbh+gpqa+ifeval+math+musr,0.475,9,0.015050907619297504,0.9471066907775768
bbh+gpqa+ifeval+math+musr,0.475,10,0.015056433156132698,0.9448462929475587
bbh+gpqa+ifeval+math+musr,0.475,11,0.015057573094964027,0.9489150090415913
bbh+gpqa+ifeval+math+musr,0.475,12,0.01505957543849945,0.9443942133815552
bbh+gpqa+ifeval+math+musr,0.475,13,0.015067843720316887,0.945750452079566
bbh+gpqa+ifeval+math+musr,0.475,14,0.015048419125378132,0.945750452079566
bbh+gpqa+ifeval+math+musr,0.475,15,0.015052657574415207,0.9425858951175407
bbh+gpqa+ifeval+math+musr,0.475,16,0.015061748214066029,0.9448462929475587
bbh+gpqa+ifeval+math+musr,0.475,17,0.015049225650727749,0.9430379746835442
bbh+gpqa+ifeval+math+musr,0.475,18,0.015069213695824146,0.9552441229656419
bbh+gpqa+ifeval+math+musr,0.475,19,0.015032518655061722,0.9489150090415913
bbh+gpqa+ifeval+math+musr,0.475,20,0.015060540288686752,0.9489150090415913
bbh+gpqa+ifeval+math+musr,0.475,21,0.015042738057672977,0.951627486437613
bbh+gpqa+ifeval+math+musr,0.475,22,0.015070286579430103,0.9466546112115732
bbh+gpqa+ifeval+math+musr,0.475,23,0.015054690651595592,0.9570524412296564
bbh+gpqa+ifeval+math+musr,0.475,24,0.01504245214164257,0.9475587703435805
bbh+gpqa+ifeval+math+musr,0.475,25,0.015039747580885887,0.9443942133815552
bbh+gpqa+ifeval+math+musr,0.475,26,0.015050879679620266,0.9498191681735986
bbh+gpqa+ifeval+math+musr,0.475,27,0.015061655081808567,0.9556962025316456
bbh+gpqa+ifeval+math+musr,0.475,28,0.015052161179482937,0.9493670886075949
bbh+gpqa+ifeval+math+musr,0.475,29,0.015063660219311714,0.9529837251356238
bbh+gpqa+ifeval+math+musr,0.475,30,0.015047268941998482,0.9547920433996383
bbh+gpqa+ifeval+math+musr,0.475,31,0.01507285051047802,0.9480108499095841
bbh+gpqa+ifeval+math+musr,0.475,32,0.01505980733782053,0.945750452079566
bbh+gpqa+ifeval+math+musr,0.5,0,0.014569348655641079,0.9511754068716094
bbh+gpqa+ifeval+math+musr,0.5,1,0.01455189473927021,0.9448462929475587
bbh+gpqa+ifeval+math+musr,0.5,2,0.014605196192860603,0.9448462929475587
bbh+gpqa+ifeval+math+musr,0.5,3,0.014554535038769245,0.9529837251356238
bbh+gpqa+ifeval+math+musr,0.5,4,0.014575623907148838,0.9493670886075949
bbh+gpqa+ifeval+math+musr,0.5,5,0.0146157406270504,0.9525316455696202
bbh+gpqa+ifeval+math+musr,0.5,6,0.014554005116224289,0.9430379746835442
bbh+gpqa+ifeval+math+musr,0.5,7,0.014573142863810062,0.9425858951175407
bbh+gpqa+ifeval+math+musr,0.5,8,0.014556724578142166,0.9498191681735986
bbh+gpqa+ifeval+math+musr,0.5,9,0.01455945149064064,0.9493670886075949
bbh+gpqa+ifeval+math+musr,0.5,10,0.014577312394976616,0.9556962025316456
bbh+gpqa+ifeval+math+musr,0.5,11,0.014563021250069141,0.9520795660036167
bbh+gpqa+ifeval+math+musr,0.5,12,0.014568016864359379,0.951627486437613
bbh+gpqa+ifeval+math+musr,0.5,13,0.014620189554989338,0.9502712477396021
bbh+gpqa+ifeval+math+musr,0.5,14,0.01456766203045845,0.9534358047016275
bbh+gpqa+ifeval+math+musr,0.5,15,0.014542188495397568,0.9466546112115732
bbh+gpqa+ifeval+math+musr,0.5,16,0.014545651152729988,0.9489150090415913
bbh+gpqa+ifeval+math+musr,0.5,17,0.01457169558852911,0.9507233273056057
bbh+gpqa+ifeval+math+musr,0.5,18,0.01458702702075243,0.9556962025316456
bbh+gpqa+ifeval+math+musr,0.5,19,0.01451991405338049,0.9439421338155515
bbh+gpqa+ifeval+math+musr,0.5,20,0.014546800404787064,0.9498191681735986
bbh+gpqa+ifeval+math+musr,0.5,21,0.014556121081113815,0.9403254972875226
bbh+gpqa+ifeval+math+musr,0.5,22,0.014571062289178371,0.9443942133815552
bbh+gpqa+ifeval+math+musr,0.5,23,0.014563835225999355,0.9525316455696202
bbh+gpqa+ifeval+math+musr,0.5,24,0.014546604827046394,0.9525316455696202
bbh+gpqa+ifeval+math+musr,0.5,25,0.014546213671565056,0.9452983725135623
bbh+gpqa+ifeval+math+musr,0.5,26,0.014557202346622944,0.9475587703435805
bbh+gpqa+ifeval+math+musr,0.5,27,0.014602349139750004,0.9561482820976491
bbh+gpqa+ifeval+math+musr,0.5,28,0.014570074155926704,0.939873417721519
bbh+gpqa+ifeval+math+musr,0.5,29,0.014581525698304176,0.9507233273056057
bbh+gpqa+ifeval+math+musr,0.5,30,0.014523854479193687,0.9556962025316456
bbh+gpqa+ifeval+math+musr,0.5,31,0.014596804976463318,0.9412296564195298
bbh+gpqa+ifeval+math+musr,0.5,32,0.014614919200539589,0.9480108499095841
mmlu-pro,0.45,0,0.011359531432390213,0.9521012200632626
mmlu-pro,0.45,1,0.01135370135307312,0.9480343425214641
mmlu-pro,0.45,2,0.011352545581758022,0.9457749661093539
mmlu-pro,0.45,3,0.01132296584546566,0.9362855851784908
mmlu-pro,0.45,4,0.011348736472427845,0.9502937189335744
mmlu-pro,0.45,5,0.011343899182975292,0.9448712155445097
mmlu-pro,0.45,6,0.011364874430000782,0.9448712155445097
mmlu-pro,0.45,7,0.011329556815326214,0.9430637144148215
mmlu-pro,0.45,8,0.01133769378066063,0.9511974694984184
mmlu-pro,0.45,9,0.011336861178278923,0.9502937189335744
mmlu-pro,0.45,10,0.011343068443238735,0.9530049706281066
mmlu-pro,0.45,11,0.011330921202898026,0.9493899683687302
mmlu-pro,0.45,12,0.011361325159668922,0.9530049706281066
mmlu-pro,0.45,13,0.011340834200382233,0.9385449615906011
mmlu-pro,0.45,14,0.01136607676744461,0.9444193402620877
mmlu-pro,0.45,15,0.011356741189956665,0.9493899683687302
mmlu-pro,0.45,16,0.011320440098643303,0.9516493447808405
mmlu-pro,0.45,17,0.011357988230884075,0.9543605964753729
mmlu-pro,0.45,18,0.011341082863509655,0.9417080885675554
mmlu-pro,0.45,19,0.01135176420211792,0.9570718481699051
mmlu-pro,0.45,20,0.011357073672115803,0.9593312245820154
mmlu-pro,0.45,21,0.011333237402141094,0.9484862178038862
mmlu-pro,0.45,22,0.011345459148287773,0.9511974694984184
mmlu-pro,0.45,23,0.011368781328201294,0.9539087211929508
mmlu-pro,0.45,24,0.011360390111804008,0.94713059195662
mmlu-pro,0.45,25,0.011348544619977474,0.9539087211929508
mmlu-pro,0.45,26,0.011355687864124775,0.94713059195662
mmlu-pro,0.45,27,0.011353183537721634,0.9480343425214641
mmlu-pro,0.45,28,0.011341330595314503,0.9552643470402169
mmlu-pro,0.45,29,0.011361600831151009,0.9480343425214641
mmlu-pro,0.45,30,0.011354584246873856,0.9453230908269318
mmlu-pro,0.45,31,0.011347002349793911,0.9484862178038862
mmlu-pro,0.45,32,0.011367030441761017,0.9507455942159965
mmlu-pro,0.475,0,0.011019961908459663,0.9552643470402169
mmlu-pro,0.475,1,0.011015466414391994,0.9493899683687302
mmlu-pro,0.475,2,0.011012164875864983,0.9435155896972436
mmlu-pro,0.475,3,0.010991117917001247,0.9412562132851333
mmlu-pro,0.475,4,0.011012399569153786,0.9530049706281066
mmlu-pro,0.475,5,0.011006304062902927,0.9399005874378672
mmlu-pro,0.475,6,0.011022298596799374,0.946678716674198
mmlu-pro,0.475,7,0.010994674637913704,0.9421599638499775
mmlu-pro,0.475,8,0.011001301929354668,0.9484862178038862
mmlu-pro,0.475,9,0.010998832061886787,0.9525530953456847
mmlu-pro,0.475,10,0.011004491709172726,0.9480343425214641
mmlu-pro,0.475,11,0.010997024364769459,0.94713059195662
mmlu-pro,0.475,12,0.011020825244486332,0.9516493447808405
mmlu-pro,0.475,13,0.011006049811840057,0.9408043380027112
mmlu-pro,0.475,14,0.011030838824808598,0.9421599638499775
mmlu-pro,0.475,15,0.011020027101039886,0.9489380930863082
mmlu-pro,0.475,16,0.010984924621880054,0.9534568459105287
mmlu-pro,0.475,17,0.011024821549654007,0.955716222322639
mmlu-pro,0.475,18,0.011012419126927853,0.9426118391323995
mmlu-pro,0.475,19,0.01101461797952652,0.9588793492995934
mmlu-pro,0.475,20,0.01101917214691639,0.9530049706281066
mmlu-pro,0.475,21,0.011000379920005798,0.9493899683687302
mmlu-pro,0.475,22,0.011006565764546394,0.9493899683687302
mmlu-pro,0.475,23,0.011032537557184696,0.9493899683687302
mmlu-pro,0.475,24,0.011023572646081448,0.9534568459105287
mmlu-pro,0.475,25,0.011007861234247684,0.9516493447808405
mmlu-pro,0.475,26,0.011017688550055027,0.947582467239042
mmlu-pro,0.475,27,0.011020626872777939,0.9480343425214641
mmlu-pro,0.475,28,0.011001095175743103,0.9534568459105287
mmlu-pro,0.475,29,0.011023389175534248,0.9502937189335744
mmlu-pro,0.475,30,0.011019084602594376,0.9453230908269318
mmlu-pro,0.475,31,0.011012674309313297,0.9480343425214641
mmlu-pro,0.475,32,0.011026924476027489,0.9525530953456847
mmlu-pro,0.5,0,0.01071256399154663,0.9507455942159965
mmlu-pro,0.5,1,0.01070498488843441,0.9462268413917759
mmlu-pro,0.5,2,0.010705919936299324,0.9462268413917759
mmlu-pro,0.5,3,0.010682917200028896,0.9412562132851333
mmlu-pro,0.5,4,0.010703704319894314,0.9534568459105287
mmlu-pro,0.5,5,0.010694527998566628,0.9421599638499775
mmlu-pro,0.5,6,0.010722733102738857,0.9435155896972436
mmlu-pro,0.5,7,0.010686170309782028,0.9457749661093539
mmlu-pro,0.5,8,0.01069420762360096,0.9502937189335744
mmlu-pro,0.5,9,0.010690095834434032,0.9480343425214641
mmlu-pro,0.5,10,0.01069724652916193,0.9507455942159965
mmlu-pro,0.5,11,0.010688481852412224,0.94713059195662
mmlu-pro,0.5,12,0.010716059245169163,0.9502937189335744
mmlu-pro,0.5,13,0.010693269781768322,0.9421599638499775
mmlu-pro,0.5,14,0.010717334225773811,0.947582467239042
mmlu-pro,0.5,15,0.010712097398936749,0.9453230908269318
mmlu-pro,0.5,16,0.010678345337510109,0.947582467239042
mmlu-pro,0.5,17,0.010713545605540276,0.9534568459105287
mmlu-pro,0.5,18,0.010700693354010582,0.9457749661093539
mmlu-pro,0.5,19,0.010702602565288544,0.956168097605061
mmlu-pro,0.5,20,0.010708323679864407,0.955716222322639
mmlu-pro,0.5,21,0.010690398514270782,0.946678716674198
mmlu-pro,0.5,22,0.010698347352445126,0.9457749661093539
mmlu-pro,0.5,23,0.01071886159479618,0.9511974694984184
mmlu-pro,0.5,24,0.010712337680161,0.9552643470402169
mmlu-pro,0.5,25,0.010704279877245426,0.956168097605061
mmlu-pro,0.5,26,0.010710357688367367,0.9489380930863082
mmlu-pro,0.5,27,0.010714503936469555,0.9484862178038862
mmlu-pro,0.5,28,0.010689995251595974,0.9570718481699051
mmlu-pro,0.5,29,0.010709486901760101,0.9480343425214641
mmlu-pro,0.5,30,0.010709637776017189,0.9498418436511523
mmlu-pro,0.5,31,0.010705946944653988,0.9439674649796657
mmlu-pro,0.5,32,0.010718373581767082,0.9552643470402169
