dataset,n_full_obs,mcar_obs_prob,prop_budget,seed,mean_width,coverage
mmlu-pro,None,1.0,0.025,0,0.06621195375919342,0.9349299593312246
mmlu-pro,None,1.0,0.025,1,0.06626485288143158,0.9412562132851333
mmlu-pro,None,1.0,0.025,2,0.06603904068470001,0.9403524627202893
mmlu-pro,None,1.0,0.025,3,0.06582584977149963,0.9412562132851333
mmlu-pro,None,1.0,0.025,4,0.06629016995429993,0.9430637144148215
mmlu-pro,None,1.0,0.025,5,0.06606705486774445,0.9403524627202893
mmlu-pro,None,1.0,0.025,6,0.06623025983572006,0.9408043380027112
mmlu-pro,None,1.0,0.025,7,0.06611737608909607,0.9331224582015364
mmlu-pro,None,1.0,0.025,8,0.06637611985206604,0.9376412110257569
mmlu-pro,None,1.0,0.025,9,0.06574065238237381,0.9358337098960687
mmlu-pro,None,1.0,0.025,10,0.0657542273402214,0.9421599638499775
mmlu-pro,None,1.0,0.025,11,0.06625823676586151,0.9353818346136467
mmlu-pro,None,1.0,0.025,12,0.06629671156406403,0.9358337098960687
mmlu-pro,None,1.0,0.025,13,0.06595579534769058,0.9412562132851333
mmlu-pro,None,1.0,0.025,14,0.06635363399982452,0.9493899683687302
mmlu-pro,None,1.0,0.025,15,0.06634059548377991,0.938996836873023
mmlu-pro,None,1.0,0.025,16,0.06589619815349579,0.9385449615906011
mmlu-pro,None,1.0,0.025,17,0.06615224480628967,0.9417080885675554
mmlu-pro,None,1.0,0.025,18,0.06575212627649307,0.9399005874378672
mmlu-pro,None,1.0,0.025,19,0.06611284613609314,0.9426118391323995
mmlu-pro,None,1.0,0.025,20,0.06601342558860779,0.9394487121554451
mmlu-pro,None,1.0,0.025,21,0.06607954949140549,0.9412562132851333
mmlu-pro,None,1.0,0.025,22,0.06640367954969406,0.9408043380027112
mmlu-pro,None,1.0,0.025,23,0.06607521325349808,0.9376412110257569
mmlu-pro,None,1.0,0.025,24,0.06624879688024521,0.938093086308179
mmlu-pro,None,1.0,0.025,25,0.06599734723567963,0.9371893357433349
mmlu-pro,None,1.0,0.025,26,0.06611516326665878,0.9421599638499775
mmlu-pro,None,1.0,0.025,27,0.06641042977571487,0.9444193402620877
mmlu-pro,None,1.0,0.025,28,0.06573262065649033,0.9493899683687302
mmlu-pro,None,1.0,0.025,29,0.0663619339466095,0.9376412110257569
mmlu-pro,None,1.0,0.025,30,0.06626146286725998,0.9430637144148215
mmlu-pro,None,1.0,0.025,31,0.06664998829364777,0.938996836873023
mmlu-pro,None,1.0,0.025,32,0.06621064245700836,0.938093086308179
mmlu-pro,None,1.0,0.05,0,0.04189864918589592,0.938093086308179
mmlu-pro,None,1.0,0.05,1,0.04180872067809105,0.9371893357433349
mmlu-pro,None,1.0,0.05,2,0.04180210456252098,0.9480343425214641
mmlu-pro,None,1.0,0.05,3,0.04151855781674385,0.938093086308179
mmlu-pro,None,1.0,0.05,4,0.041885290294885635,0.9426118391323995
mmlu-pro,None,1.0,0.05,5,0.04150887206196785,0.9421599638499775
mmlu-pro,None,1.0,0.05,6,0.04182348772883415,0.9403524627202893
mmlu-pro,None,1.0,0.05,7,0.04143720120191574,0.9385449615906011
mmlu-pro,None,1.0,0.05,8,0.04185319319367409,0.938996836873023
mmlu-pro,None,1.0,0.05,9,0.041497617959976196,0.9444193402620877
mmlu-pro,None,1.0,0.05,10,0.04162389785051346,0.9417080885675554
mmlu-pro,None,1.0,0.05,11,0.04176650196313858,0.9313149570718482
mmlu-pro,None,1.0,0.05,12,0.04178829863667488,0.9421599638499775
mmlu-pro,None,1.0,0.05,13,0.04144043102860451,0.94713059195662
mmlu-pro,None,1.0,0.05,14,0.04199948161840439,0.9412562132851333
mmlu-pro,None,1.0,0.05,15,0.04184434190392494,0.9353818346136467
mmlu-pro,None,1.0,0.05,16,0.041592925786972046,0.9231812019882513
mmlu-pro,None,1.0,0.05,17,0.0419168621301651,0.9358337098960687
mmlu-pro,None,1.0,0.05,18,0.04166032746434212,0.94713059195662
mmlu-pro,None,1.0,0.05,19,0.041760168969631195,0.9489380930863082
mmlu-pro,None,1.0,0.05,20,0.04168509691953659,0.9462268413917759
mmlu-pro,None,1.0,0.05,21,0.04147951677441597,0.9430637144148215
mmlu-pro,None,1.0,0.05,22,0.04186394810676575,0.94713059195662
mmlu-pro,None,1.0,0.05,23,0.04191238060593605,0.9421599638499775
mmlu-pro,None,1.0,0.05,24,0.042031094431877136,0.946678716674198
mmlu-pro,None,1.0,0.05,25,0.041711900383234024,0.9376412110257569
mmlu-pro,None,1.0,0.05,26,0.04175816848874092,0.9439674649796657
mmlu-pro,None,1.0,0.05,27,0.04180726781487465,0.9430637144148215
mmlu-pro,None,1.0,0.05,28,0.041724443435668945,0.9412562132851333
mmlu-pro,None,1.0,0.05,29,0.041784901171922684,0.9421599638499775
mmlu-pro,None,1.0,0.05,30,0.041827306151390076,0.94713059195662
mmlu-pro,None,1.0,0.05,31,0.04177381098270416,0.9435155896972436
mmlu-pro,None,1.0,0.05,32,0.04196340590715408,0.9344780840488026
mmlu-pro,None,1.0,0.075,0,0.031764764338731766,0.938996836873023
mmlu-pro,None,1.0,0.075,1,0.0317227765917778,0.9349299593312246
mmlu-pro,None,1.0,0.075,2,0.03170040622353554,0.9484862178038862
mmlu-pro,None,1.0,0.075,3,0.031565673649311066,0.9394487121554451
mmlu-pro,None,1.0,0.075,4,0.031749941408634186,0.94713059195662
mmlu-pro,None,1.0,0.075,5,0.031542304903268814,0.9349299593312246
mmlu-pro,None,1.0,0.075,6,0.03177256882190704,0.9457749661093539
mmlu-pro,None,1.0,0.075,7,0.031562820076942444,0.9371893357433349
mmlu-pro,None,1.0,0.075,8,0.031713929027318954,0.9371893357433349
mmlu-pro,None,1.0,0.075,9,0.03150803595781326,0.9489380930863082
mmlu-pro,None,1.0,0.075,10,0.031570807099342346,0.94713059195662
mmlu-pro,None,1.0,0.075,11,0.031659964472055435,0.9322187076366923
mmlu-pro,None,1.0,0.075,12,0.03172053396701813,0.9457749661093539
mmlu-pro,None,1.0,0.075,13,0.0314909964799881,0.9444193402620877
mmlu-pro,None,1.0,0.075,14,0.03182443231344223,0.9403524627202893
mmlu-pro,None,1.0,0.075,15,0.03178912401199341,0.9349299593312246
mmlu-pro,None,1.0,0.075,16,0.03162013366818428,0.9353818346136467
mmlu-pro,None,1.0,0.075,17,0.03182101994752884,0.9403524627202893
mmlu-pro,None,1.0,0.075,18,0.03156587481498718,0.9403524627202893
mmlu-pro,None,1.0,0.075,19,0.03169950097799301,0.9534568459105287
mmlu-pro,None,1.0,0.075,20,0.031671322882175446,0.9457749661093539
mmlu-pro,None,1.0,0.075,21,0.03153439983725548,0.9439674649796657
mmlu-pro,None,1.0,0.075,22,0.03175502270460129,0.9530049706281066
mmlu-pro,None,1.0,0.075,23,0.03182908892631531,0.9457749661093539
mmlu-pro,None,1.0,0.075,24,0.0318044014275074,0.9448712155445097
mmlu-pro,None,1.0,0.075,25,0.031721871346235275,0.9421599638499775
mmlu-pro,None,1.0,0.075,26,0.031659554690122604,0.9430637144148215
mmlu-pro,None,1.0,0.075,27,0.03170149400830269,0.938093086308179
mmlu-pro,None,1.0,0.075,28,0.0316641665995121,0.9399005874378672
mmlu-pro,None,1.0,0.075,29,0.03177846595644951,0.9448712155445097
mmlu-pro,None,1.0,0.075,30,0.03172716498374939,0.946678716674198
mmlu-pro,None,1.0,0.075,31,0.03166754171252251,0.9408043380027112
mmlu-pro,None,1.0,0.075,32,0.0317961685359478,0.9340262087663805
mmlu-pro,None,1.0,0.1,0,0.026041600853204727,0.9426118391323995
mmlu-pro,None,1.0,0.1,1,0.02600824274122715,0.938996836873023
mmlu-pro,None,1.0,0.1,2,0.02599288895726204,0.9444193402620877
mmlu-pro,None,1.0,0.1,3,0.025905268266797066,0.9362855851784908
mmlu-pro,None,1.0,0.1,4,0.02604803442955017,0.9493899683687302
mmlu-pro,None,1.0,0.1,5,0.025870835408568382,0.9394487121554451
mmlu-pro,None,1.0,0.1,6,0.0260472409427166,0.9331224582015364
mmlu-pro,None,1.0,0.1,7,0.025887662544846535,0.9394487121554451
mmlu-pro,None,1.0,0.1,8,0.0259842686355114,0.9371893357433349
mmlu-pro,None,1.0,0.1,9,0.025877414271235466,0.9498418436511523
mmlu-pro,None,1.0,0.1,10,0.025896888226270676,0.9525530953456847
mmlu-pro,None,1.0,0.1,11,0.025967087596654892,0.9344780840488026
mmlu-pro,None,1.0,0.1,12,0.02602952904999256,0.9421599638499775
mmlu-pro,None,1.0,0.1,13,0.025833819061517715,0.94713059195662
mmlu-pro,None,1.0,0.1,14,0.0260801762342453,0.9539087211929508
mmlu-pro,None,1.0,0.1,15,0.02604633755981922,0.9412562132851333
mmlu-pro,None,1.0,0.1,16,0.025903837755322456,0.9394487121554451
mmlu-pro,None,1.0,0.1,17,0.02608879841864109,0.9344780840488026
mmlu-pro,None,1.0,0.1,18,0.02590213157236576,0.9358337098960687
mmlu-pro,None,1.0,0.1,19,0.026025058701634407,0.9498418436511523
mmlu-pro,None,1.0,0.1,20,0.025986099615693092,0.9493899683687302
mmlu-pro,None,1.0,0.1,21,0.02585015259683132,0.9448712155445097
mmlu-pro,None,1.0,0.1,22,0.02600782923400402,0.9444193402620877
mmlu-pro,None,1.0,0.1,23,0.026099490001797676,0.9502937189335744
mmlu-pro,None,1.0,0.1,24,0.0260546263307333,0.9493899683687302
mmlu-pro,None,1.0,0.1,25,0.0260004922747612,0.9417080885675554
mmlu-pro,None,1.0,0.1,26,0.025957755744457245,0.9444193402620877
mmlu-pro,None,1.0,0.1,27,0.025996586307883263,0.9493899683687302
mmlu-pro,None,1.0,0.1,28,0.025943081825971603,0.9480343425214641
mmlu-pro,None,1.0,0.1,29,0.026022249832749367,0.9421599638499775
mmlu-pro,None,1.0,0.1,30,0.02601618319749832,0.94713059195662
mmlu-pro,None,1.0,0.1,31,0.025977319106459618,0.9376412110257569
mmlu-pro,None,1.0,0.1,32,0.026082482188940048,0.9367374604609128
mmlu-pro,None,1.0,0.125,0,0.02226225845515728,0.9399005874378672
mmlu-pro,None,1.0,0.125,1,0.02222767286002636,0.9367374604609128
mmlu-pro,None,1.0,0.125,2,0.022208232432603836,0.9439674649796657
mmlu-pro,None,1.0,0.125,3,0.02214127406477928,0.9349299593312246
mmlu-pro,None,1.0,0.125,4,0.02224298007786274,0.9502937189335744
mmlu-pro,None,1.0,0.125,5,0.022108370438218117,0.938996836873023
mmlu-pro,None,1.0,0.125,6,0.02225637622177601,0.9371893357433349
mmlu-pro,None,1.0,0.125,7,0.022140037268400192,0.9399005874378672
mmlu-pro,None,1.0,0.125,8,0.022224750369787216,0.9403524627202893
mmlu-pro,None,1.0,0.125,9,0.022112227976322174,0.9462268413917759
mmlu-pro,None,1.0,0.125,10,0.022140102460980415,0.9480343425214641
mmlu-pro,None,1.0,0.125,11,0.022181373089551926,0.9317668323542703
mmlu-pro,None,1.0,0.125,12,0.022264894098043442,0.9412562132851333
mmlu-pro,None,1.0,0.125,13,0.02210490219295025,0.9439674649796657
mmlu-pro,None,1.0,0.125,14,0.022301575168967247,0.9489380930863082
mmlu-pro,None,1.0,0.125,15,0.022256910800933838,0.9367374604609128
mmlu-pro,None,1.0,0.125,16,0.022134240716695786,0.9457749661093539
mmlu-pro,None,1.0,0.125,17,0.022277630865573883,0.9362855851784908
mmlu-pro,None,1.0,0.125,18,0.022135969251394272,0.9281518300948939
mmlu-pro,None,1.0,0.125,19,0.02224498987197876,0.9525530953456847
mmlu-pro,None,1.0,0.125,20,0.022219620645046234,0.9444193402620877
mmlu-pro,None,1.0,0.125,21,0.02207368053495884,0.9453230908269318
mmlu-pro,None,1.0,0.125,22,0.0222285445779562,0.9426118391323995
mmlu-pro,None,1.0,0.125,23,0.0222867913544178,0.955716222322639
mmlu-pro,None,1.0,0.125,24,0.022241879254579544,0.9376412110257569
mmlu-pro,None,1.0,0.125,25,0.022219257429242134,0.9376412110257569
mmlu-pro,None,1.0,0.125,26,0.02217736840248108,0.9444193402620877
mmlu-pro,None,1.0,0.125,27,0.022239815443754196,0.9493899683687302
mmlu-pro,None,1.0,0.125,28,0.022184789180755615,0.9457749661093539
mmlu-pro,None,1.0,0.125,29,0.02222837321460247,0.9399005874378672
mmlu-pro,None,1.0,0.125,30,0.02223997935652733,0.94713059195662
mmlu-pro,None,1.0,0.125,31,0.022208545356988907,0.9399005874378672
mmlu-pro,None,1.0,0.125,32,0.022306445986032486,0.9426118391323995
mmlu-pro,None,1.0,0.15,0,0.01951245777308941,0.9394487121554451
mmlu-pro,None,1.0,0.15,1,0.01949288137257099,0.9426118391323995
mmlu-pro,None,1.0,0.15,2,0.01946304365992546,0.9417080885675554
mmlu-pro,None,1.0,0.15,3,0.01941986382007599,0.9367374604609128
mmlu-pro,None,1.0,0.15,4,0.019501887261867523,0.9493899683687302
mmlu-pro,None,1.0,0.15,5,0.01939069665968418,0.9335743334839585
mmlu-pro,None,1.0,0.15,6,0.01952335797250271,0.9430637144148215
mmlu-pro,None,1.0,0.15,7,0.019405199214816093,0.9439674649796657
mmlu-pro,None,1.0,0.15,8,0.01948530040681362,0.9353818346136467
mmlu-pro,None,1.0,0.15,9,0.01939253695309162,0.9457749661093539
mmlu-pro,None,1.0,0.15,10,0.01941482163965702,0.9444193402620877
mmlu-pro,None,1.0,0.15,11,0.01944783329963684,0.9322187076366923
mmlu-pro,None,1.0,0.15,12,0.019517861306667328,0.9417080885675554
mmlu-pro,None,1.0,0.15,13,0.01939478889107704,0.9511974694984184
mmlu-pro,None,1.0,0.15,14,0.01954427920281887,0.9417080885675554
mmlu-pro,None,1.0,0.15,15,0.019516389816999435,0.9313149570718482
mmlu-pro,None,1.0,0.15,16,0.019404200837016106,0.9426118391323995
mmlu-pro,None,1.0,0.15,17,0.019526993855834007,0.9371893357433349
mmlu-pro,None,1.0,0.15,18,0.01941632851958275,0.9276999548124718
mmlu-pro,None,1.0,0.15,19,0.01948033645749092,0.9511974694984184
mmlu-pro,None,1.0,0.15,20,0.01948297768831253,0.9417080885675554
mmlu-pro,None,1.0,0.15,21,0.019374992698431015,0.9394487121554451
mmlu-pro,None,1.0,0.15,22,0.019497742876410484,0.9412562132851333
mmlu-pro,None,1.0,0.15,23,0.019523410126566887,0.9525530953456847
mmlu-pro,None,1.0,0.15,24,0.019491711631417274,0.9394487121554451
mmlu-pro,None,1.0,0.15,25,0.019474206492304802,0.9435155896972436
mmlu-pro,None,1.0,0.15,26,0.019449256360530853,0.9439674649796657
mmlu-pro,None,1.0,0.15,27,0.019496452063322067,0.947582467239042
mmlu-pro,None,1.0,0.15,28,0.019461339339613914,0.9484862178038862
mmlu-pro,None,1.0,0.15,29,0.019483262673020363,0.9371893357433349
mmlu-pro,None,1.0,0.15,30,0.019505459815263748,0.9453230908269318
mmlu-pro,None,1.0,0.15,31,0.019472351297736168,0.9371893357433349
mmlu-pro,None,1.0,0.15,32,0.019552893936634064,0.9335743334839585
mmlu-pro,None,1.0,0.175,0,0.017383083701133728,0.938093086308179
mmlu-pro,None,1.0,0.175,1,0.017370792105793953,0.9340262087663805
mmlu-pro,None,1.0,0.175,2,0.017341192811727524,0.9444193402620877
mmlu-pro,None,1.0,0.175,3,0.017312347888946533,0.9353818346136467
mmlu-pro,None,1.0,0.175,4,0.017386073246598244,0.9457749661093539
mmlu-pro,None,1.0,0.175,5,0.017279813066124916,0.9304112065070042
mmlu-pro,None,1.0,0.175,6,0.01739446446299553,0.9408043380027112
mmlu-pro,None,1.0,0.175,7,0.017296133562922478,0.9403524627202893
mmlu-pro,None,1.0,0.175,8,0.01735709235072136,0.9371893357433349
mmlu-pro,None,1.0,0.175,9,0.017293259501457214,0.9426118391323995
mmlu-pro,None,1.0,0.175,10,0.017319289967417717,0.9362855851784908
mmlu-pro,None,1.0,0.175,11,0.017330650240182877,0.9263443289652057
mmlu-pro,None,1.0,0.175,12,0.017411310225725174,0.9435155896972436
mmlu-pro,None,1.0,0.175,13,0.017278779298067093,0.9462268413917759
mmlu-pro,None,1.0,0.175,14,0.017409484833478928,0.938093086308179
mmlu-pro,None,1.0,0.175,15,0.017391137778759003,0.92950745594216
mmlu-pro,None,1.0,0.175,16,0.017289001494646072,0.9313149570718482
mmlu-pro,None,1.0,0.175,17,0.017420407384634018,0.9353818346136467
mmlu-pro,None,1.0,0.175,18,0.017308518290519714,0.9349299593312246
mmlu-pro,None,1.0,0.175,19,0.017364421859383583,0.9480343425214641
mmlu-pro,None,1.0,0.175,20,0.017374150454998016,0.9371893357433349
mmlu-pro,None,1.0,0.175,21,0.01725965552031994,0.9362855851784908
mmlu-pro,None,1.0,0.175,22,0.017374012619256973,0.938093086308179
mmlu-pro,None,1.0,0.175,23,0.017394088208675385,0.94713059195662
mmlu-pro,None,1.0,0.175,24,0.017357822507619858,0.9362855851784908
mmlu-pro,None,1.0,0.175,25,0.017358748242259026,0.938093086308179
mmlu-pro,None,1.0,0.175,26,0.01733175478875637,0.9394487121554451
mmlu-pro,None,1.0,0.175,27,0.0173651073127985,0.9444193402620877
mmlu-pro,None,1.0,0.175,28,0.017337672412395477,0.938996836873023
mmlu-pro,None,1.0,0.175,29,0.017360813915729523,0.9331224582015364
mmlu-pro,None,1.0,0.175,30,0.017380064353346825,0.9335743334839585
mmlu-pro,None,1.0,0.175,31,0.01735352724790573,0.9308630817894261
mmlu-pro,None,1.0,0.175,32,0.01741211675107479,0.9412562132851333
mmlu-pro,None,1.0,0.2,0,0.01567409560084343,0.9290555806597379
mmlu-pro,None,1.0,0.2,1,0.01564948633313179,0.92950745594216
mmlu-pro,None,1.0,0.2,2,0.015641430392861366,0.938093086308179
mmlu-pro,None,1.0,0.2,3,0.015616892836987972,0.9299593312245821
mmlu-pro,None,1.0,0.2,4,0.01566421426832676,0.9412562132851333
mmlu-pro,None,1.0,0.2,5,0.015579476952552795,0.9290555806597379
mmlu-pro,None,1.0,0.2,6,0.015679221600294113,0.9299593312245821
mmlu-pro,None,1.0,0.2,7,0.015605757012963295,0.9313149570718482
mmlu-pro,None,1.0,0.2,8,0.01563672162592411,0.9276999548124718
mmlu-pro,None,1.0,0.2,9,0.015600098296999931,0.9367374604609128
mmlu-pro,None,1.0,0.2,10,0.015612932853400707,0.9376412110257569
mmlu-pro,None,1.0,0.2,11,0.015629027038812637,0.920921825576141
mmlu-pro,None,1.0,0.2,12,0.01568799465894699,0.9421599638499775
mmlu-pro,None,1.0,0.2,13,0.015572774223983288,0.938093086308179
mmlu-pro,None,1.0,0.2,14,0.015701690688729286,0.9353818346136467
mmlu-pro,None,1.0,0.2,15,0.01567452773451805,0.9254405784003615
mmlu-pro,None,1.0,0.2,16,0.015587328001856804,0.9304112065070042
mmlu-pro,None,1.0,0.2,17,0.015704231336712837,0.9286037053773158
mmlu-pro,None,1.0,0.2,18,0.015623020939528942,0.9258924536827836
mmlu-pro,None,1.0,0.2,19,0.015648512169718742,0.938996836873023
mmlu-pro,None,1.0,0.2,20,0.015659071505069733,0.9335743334839585
mmlu-pro,None,1.0,0.2,21,0.01556320395320654,0.9313149570718482
mmlu-pro,None,1.0,0.2,22,0.01565559208393097,0.9385449615906011
mmlu-pro,None,1.0,0.2,23,0.015682972967624664,0.9385449615906011
mmlu-pro,None,1.0,0.2,24,0.01565367542207241,0.9322187076366923
mmlu-pro,None,1.0,0.2,25,0.015651268884539604,0.9344780840488026
mmlu-pro,None,1.0,0.2,26,0.015623623505234718,0.9290555806597379
mmlu-pro,None,1.0,0.2,27,0.01565057411789894,0.9340262087663805
mmlu-pro,None,1.0,0.2,28,0.01562341395765543,0.9371893357433349
mmlu-pro,None,1.0,0.2,29,0.015657106414437294,0.9290555806597379
mmlu-pro,None,1.0,0.2,30,0.015653621405363083,0.9349299593312246
mmlu-pro,None,1.0,0.2,31,0.015660468488931656,0.9322187076366923
mmlu-pro,None,1.0,0.2,32,0.01570332981646061,0.9335743334839585
mmlu-pro,None,1.0,0.225,0,0.014250350184738636,0.9317668323542703
mmlu-pro,None,1.0,0.225,1,0.014216278679668903,0.92950745594216
mmlu-pro,None,1.0,0.225,2,0.014220808632671833,0.9276999548124718
mmlu-pro,None,1.0,0.225,3,0.014199753291904926,0.9222774514234072
mmlu-pro,None,1.0,0.225,4,0.014232393354177475,0.9326705829191143
mmlu-pro,None,1.0,0.225,5,0.014152352698147297,0.9236330772706733
mmlu-pro,None,1.0,0.225,6,0.014256254769861698,0.9227293267058292
mmlu-pro,None,1.0,0.225,7,0.014169160276651382,0.9191143244464528
mmlu-pro,None,1.0,0.225,8,0.014210018329322338,0.9213737008585631
mmlu-pro,None,1.0,0.225,9,0.014186199754476547,0.9286037053773158
mmlu-pro,None,1.0,0.225,10,0.014185702428221703,0.9299593312245821
mmlu-pro,None,1.0,0.225,11,0.014202776364982128,0.9145955716222323
mmlu-pro,None,1.0,0.225,12,0.01426022034138441,0.9313149570718482
mmlu-pro,None,1.0,0.225,13,0.014154097065329552,0.9331224582015364
mmlu-pro,None,1.0,0.225,14,0.014271216467022896,0.9258924536827836
mmlu-pro,None,1.0,0.225,15,0.014237523078918457,0.9236330772706733
mmlu-pro,None,1.0,0.225,16,0.014161510393023491,0.9254405784003615
mmlu-pro,None,1.0,0.225,17,0.014271781779825687,0.9204699502937189
mmlu-pro,None,1.0,0.225,18,0.014199359342455864,0.9150474469046543
mmlu-pro,None,1.0,0.225,19,0.01421306747943163,0.9331224582015364
mmlu-pro,None,1.0,0.225,20,0.01422172226011753,0.9245368278355174
mmlu-pro,None,1.0,0.225,21,0.014140580780804157,0.9267962042476277
mmlu-pro,None,1.0,0.225,22,0.014230332337319851,0.9286037053773158
mmlu-pro,None,1.0,0.225,23,0.014255497604608536,0.9353818346136467
mmlu-pro,None,1.0,0.225,24,0.014231576584279537,0.9281518300948939
mmlu-pro,None,1.0,0.225,25,0.014220083132386208,0.9286037053773158
mmlu-pro,None,1.0,0.225,26,0.014191767200827599,0.9177586985991867
mmlu-pro,None,1.0,0.225,27,0.014220958575606346,0.9245368278355174
mmlu-pro,None,1.0,0.225,28,0.014201865531504154,0.9299593312245821
mmlu-pro,None,1.0,0.225,29,0.014225143939256668,0.9236330772706733
mmlu-pro,None,1.0,0.225,30,0.014226527884602547,0.9263443289652057
mmlu-pro,None,1.0,0.225,31,0.014232562854886055,0.9191143244464528
mmlu-pro,None,1.0,0.225,32,0.014270592480897903,0.9204699502937189
mmlu-pro,None,1.0,0.25,0,0.013013908639550209,0.920921825576141
mmlu-pro,None,1.0,0.25,1,0.012997983023524284,0.9177586985991867
mmlu-pro,None,1.0,0.25,2,0.012996097095310688,0.9213737008585631
mmlu-pro,None,1.0,0.25,3,0.012975208461284637,0.9127880704925441
mmlu-pro,None,1.0,0.25,4,0.012999945320189,0.9249887031179395
mmlu-pro,None,1.0,0.25,5,0.012936043553054333,0.9154993221870764
mmlu-pro,None,1.0,0.25,6,0.01303267665207386,0.9096249435155898
mmlu-pro,None,1.0,0.25,7,0.01295906025916338,0.9136918210573882
mmlu-pro,None,1.0,0.25,8,0.01298192236572504,0.911432444645278
mmlu-pro,None,1.0,0.25,9,0.012969127856194973,0.9173068233167646
mmlu-pro,None,1.0,0.25,10,0.012966194190084934,0.9177586985991867
mmlu-pro,None,1.0,0.25,11,0.01298151258379221,0.9069136918210574
mmlu-pro,None,1.0,0.25,12,0.01303667388856411,0.9218255761409851
mmlu-pro,None,1.0,0.25,13,0.012940745800733566,0.9249887031179395
mmlu-pro,None,1.0,0.25,14,0.013045375235378742,0.9177586985991867
mmlu-pro,None,1.0,0.25,15,0.013005845248699188,0.9078174423859016
mmlu-pro,None,1.0,0.25,16,0.012931142002344131,0.9096249435155898
mmlu-pro,None,1.0,0.25,17,0.013034055940806866,0.9150474469046543
mmlu-pro,None,1.0,0.25,18,0.012978526763617992,0.9069136918210574
mmlu-pro,None,1.0,0.25,19,0.01299149077385664,0.9313149570718482
mmlu-pro,None,1.0,0.25,20,0.012996876612305641,0.9186624491640307
mmlu-pro,None,1.0,0.25,21,0.012915240600705147,0.9182105738816088
mmlu-pro,None,1.0,0.25,22,0.013014393858611584,0.9177586985991867
mmlu-pro,None,1.0,0.25,23,0.013038610108196735,0.9245368278355174
mmlu-pro,None,1.0,0.25,24,0.013003644533455372,0.9195661997288749
mmlu-pro,None,1.0,0.25,25,0.012993669137358665,0.9168549480343425
mmlu-pro,None,1.0,0.25,26,0.012974008917808533,0.9127880704925441
mmlu-pro,None,1.0,0.25,27,0.012999885715544224,0.9191143244464528
mmlu-pro,None,1.0,0.25,28,0.0129740284755826,0.920018075011297
mmlu-pro,None,1.0,0.25,29,0.013005399145185947,0.9141436963398103
mmlu-pro,None,1.0,0.25,30,0.012993032112717628,0.9150474469046543
mmlu-pro,None,1.0,0.25,31,0.012998176738619804,0.9082693176683235
mmlu-pro,None,1.0,0.25,32,0.013054009526968002,0.9145955716222323
bbh+gpqa+ifeval+math+musr,None,1.0,0.025,0,0.09046247601509094,0.945750452079566
bbh+gpqa+ifeval+math+musr,None,1.0,0.025,1,0.08993690460920334,0.9498191681735986
bbh+gpqa+ifeval+math+musr,None,1.0,0.025,2,0.09031447768211365,0.9493670886075949
bbh+gpqa+ifeval+math+musr,None,1.0,0.025,3,0.09064092487096786,0.9389692585895117
bbh+gpqa+ifeval+math+musr,None,1.0,0.025,4,0.09019538760185242,0.9507233273056057
bbh+gpqa+ifeval+math+musr,None,1.0,0.025,5,0.09099391102790833,0.9475587703435805
bbh+gpqa+ifeval+math+musr,None,1.0,0.025,6,0.09014195203781128,0.9448462929475587
bbh+gpqa+ifeval+math+musr,None,1.0,0.025,7,0.08992000669240952,0.9412296564195298
bbh+gpqa+ifeval+math+musr,None,1.0,0.025,8,0.09008774161338806,0.9434900542495479
bbh+gpqa+ifeval+math+musr,None,1.0,0.025,9,0.09043069928884506,0.939873417721519
bbh+gpqa+ifeval+math+musr,None,1.0,0.025,10,0.09076724201440811,0.9394213381555153
bbh+gpqa+ifeval+math+musr,None,1.0,0.025,11,0.09018193185329437,0.9475587703435805
bbh+gpqa+ifeval+math+musr,None,1.0,0.025,12,0.09034699201583862,0.9475587703435805
bbh+gpqa+ifeval+math+musr,None,1.0,0.025,13,0.09017438441514969,0.9452983725135623
bbh+gpqa+ifeval+math+musr,None,1.0,0.025,14,0.09035227447748184,0.9534358047016275
bbh+gpqa+ifeval+math+musr,None,1.0,0.025,15,0.0903966948390007,0.9425858951175407
bbh+gpqa+ifeval+math+musr,None,1.0,0.025,16,0.09049436450004578,0.9475587703435805
bbh+gpqa+ifeval+math+musr,None,1.0,0.025,17,0.09031763672828674,0.9434900542495479
bbh+gpqa+ifeval+math+musr,None,1.0,0.025,18,0.09044677764177322,0.9407775768535261
bbh+gpqa+ifeval+math+musr,None,1.0,0.025,19,0.09005741775035858,0.9443942133815552
bbh+gpqa+ifeval+math+musr,None,1.0,0.025,20,0.09045805037021637,0.9416817359855334
bbh+gpqa+ifeval+math+musr,None,1.0,0.025,21,0.09009862691164017,0.939873417721519
bbh+gpqa+ifeval+math+musr,None,1.0,0.025,22,0.09055980294942856,0.9466546112115732
bbh+gpqa+ifeval+math+musr,None,1.0,0.025,23,0.09052086621522903,0.9452983725135623
bbh+gpqa+ifeval+math+musr,None,1.0,0.025,24,0.09012340754270554,0.9493670886075949
bbh+gpqa+ifeval+math+musr,None,1.0,0.025,25,0.09026496857404709,0.9367088607594937
bbh+gpqa+ifeval+math+musr,None,1.0,0.025,26,0.09045995026826859,0.9448462929475587
bbh+gpqa+ifeval+math+musr,None,1.0,0.025,27,0.09049353748559952,0.9462025316455696
bbh+gpqa+ifeval+math+musr,None,1.0,0.025,28,0.09032247215509415,0.9385171790235081
bbh+gpqa+ifeval+math+musr,None,1.0,0.025,29,0.09056146442890167,0.9489150090415913
bbh+gpqa+ifeval+math+musr,None,1.0,0.025,30,0.09011399000883102,0.9547920433996383
bbh+gpqa+ifeval+math+musr,None,1.0,0.025,31,0.09071372449398041,0.9534358047016275
bbh+gpqa+ifeval+math+musr,None,1.0,0.025,32,0.09086456149816513,0.9425858951175407
bbh+gpqa+ifeval+math+musr,None,1.0,0.05,0,0.057650912553071976,0.9448462929475587
bbh+gpqa+ifeval+math+musr,None,1.0,0.05,1,0.057123418897390366,0.9430379746835442
bbh+gpqa+ifeval+math+musr,None,1.0,0.05,2,0.05749969184398651,0.9480108499095841
bbh+gpqa+ifeval+math+musr,None,1.0,0.05,3,0.057508472353219986,0.9407775768535261
bbh+gpqa+ifeval+math+musr,None,1.0,0.05,4,0.05744118615984917,0.9385171790235081
bbh+gpqa+ifeval+math+musr,None,1.0,0.05,5,0.05743270367383957,0.9498191681735986
bbh+gpqa+ifeval+math+musr,None,1.0,0.05,6,0.057517923414707184,0.9525316455696202
bbh+gpqa+ifeval+math+musr,None,1.0,0.05,7,0.057443540543317795,0.9430379746835442
bbh+gpqa+ifeval+math+musr,None,1.0,0.05,8,0.05709178000688553,0.9403254972875226
bbh+gpqa+ifeval+math+musr,None,1.0,0.05,9,0.05728396773338318,0.9452983725135623
bbh+gpqa+ifeval+math+musr,None,1.0,0.05,10,0.05746830254793167,0.939873417721519
bbh+gpqa+ifeval+math+musr,None,1.0,0.05,11,0.05727233365178108,0.9480108499095841
bbh+gpqa+ifeval+math+musr,None,1.0,0.05,12,0.0574299655854702,0.9439421338155515
bbh+gpqa+ifeval+math+musr,None,1.0,0.05,13,0.0574982576072216,0.9475587703435805
bbh+gpqa+ifeval+math+musr,None,1.0,0.05,14,0.057391081005334854,0.9471066907775768
bbh+gpqa+ifeval+math+musr,None,1.0,0.05,15,0.05742230266332626,0.9511754068716094
bbh+gpqa+ifeval+math+musr,None,1.0,0.05,16,0.057511165738105774,0.9452983725135623
bbh+gpqa+ifeval+math+musr,None,1.0,0.05,17,0.05716441571712494,0.9475587703435805
bbh+gpqa+ifeval+math+musr,None,1.0,0.05,18,0.05749541521072388,0.9480108499095841
bbh+gpqa+ifeval+math+musr,None,1.0,0.05,19,0.05723303183913231,0.9425858951175407
bbh+gpqa+ifeval+math+musr,None,1.0,0.05,20,0.0572039857506752,0.9416817359855334
bbh+gpqa+ifeval+math+musr,None,1.0,0.05,21,0.05734266713261604,0.9484629294755876
bbh+gpqa+ifeval+math+musr,None,1.0,0.05,22,0.057630110532045364,0.9475587703435805
bbh+gpqa+ifeval+math+musr,None,1.0,0.05,23,0.057485658675432205,0.9507233273056057
bbh+gpqa+ifeval+math+musr,None,1.0,0.05,24,0.05714835971593857,0.9534358047016275
bbh+gpqa+ifeval+math+musr,None,1.0,0.05,25,0.05724044516682625,0.9493670886075949
bbh+gpqa+ifeval+math+musr,None,1.0,0.05,26,0.057298023253679276,0.9511754068716094
bbh+gpqa+ifeval+math+musr,None,1.0,0.05,27,0.05738965794444084,0.9430379746835442
bbh+gpqa+ifeval+math+musr,None,1.0,0.05,28,0.057306498289108276,0.9407775768535261
bbh+gpqa+ifeval+math+musr,None,1.0,0.05,29,0.05740352347493172,0.9480108499095841
bbh+gpqa+ifeval+math+musr,None,1.0,0.05,30,0.057374972850084305,0.9507233273056057
bbh+gpqa+ifeval+math+musr,None,1.0,0.05,31,0.05754782631993294,0.9484629294755876
bbh+gpqa+ifeval+math+musr,None,1.0,0.05,32,0.05741996318101883,0.9434900542495479
bbh+gpqa+ifeval+math+musr,None,1.0,0.075,0,0.04382972791790962,0.9466546112115732
bbh+gpqa+ifeval+math+musr,None,1.0,0.075,1,0.04348483309149742,0.9371609403254972
bbh+gpqa+ifeval+math+musr,None,1.0,0.075,2,0.0437375046312809,0.9480108499095841
bbh+gpqa+ifeval+math+musr,None,1.0,0.075,3,0.04372239112854004,0.9452983725135623
bbh+gpqa+ifeval+math+musr,None,1.0,0.075,4,0.04366382211446762,0.9394213381555153
bbh+gpqa+ifeval+math+musr,None,1.0,0.075,5,0.04368617385625839,0.9511754068716094
bbh+gpqa+ifeval+math+musr,None,1.0,0.075,6,0.04375145956873894,0.951627486437613
bbh+gpqa+ifeval+math+musr,None,1.0,0.075,7,0.04372245445847511,0.9339963833634719
bbh+gpqa+ifeval+math+musr,None,1.0,0.075,8,0.043481361120939255,0.9452983725135623
bbh+gpqa+ifeval+math+musr,None,1.0,0.075,9,0.043589718639850616,0.9335443037974683
bbh+gpqa+ifeval+math+musr,None,1.0,0.075,10,0.04374163597822189,0.9403254972875226
bbh+gpqa+ifeval+math+musr,None,1.0,0.075,11,0.0436600036919117,0.9498191681735986
bbh+gpqa+ifeval+math+musr,None,1.0,0.075,12,0.04367856681346893,0.9434900542495479
bbh+gpqa+ifeval+math+musr,None,1.0,0.075,13,0.04372039809823036,0.9529837251356238
bbh+gpqa+ifeval+math+musr,None,1.0,0.075,14,0.04369117692112923,0.9493670886075949
bbh+gpqa+ifeval+math+musr,None,1.0,0.075,15,0.043679870665073395,0.9493670886075949
bbh+gpqa+ifeval+math+musr,None,1.0,0.075,16,0.04374320060014725,0.9439421338155515
bbh+gpqa+ifeval+math+musr,None,1.0,0.075,17,0.04350482299923897,0.9425858951175407
bbh+gpqa+ifeval+math+musr,None,1.0,0.075,18,0.043751027435064316,0.945750452079566
bbh+gpqa+ifeval+math+musr,None,1.0,0.075,19,0.04357476532459259,0.9480108499095841
bbh+gpqa+ifeval+math+musr,None,1.0,0.075,20,0.04359729588031769,0.9484629294755876
bbh+gpqa+ifeval+math+musr,None,1.0,0.075,21,0.043606068938970566,0.9511754068716094
bbh+gpqa+ifeval+math+musr,None,1.0,0.075,22,0.04380699247121811,0.9480108499095841
bbh+gpqa+ifeval+math+musr,None,1.0,0.075,23,0.04374717175960541,0.9434900542495479
bbh+gpqa+ifeval+math+musr,None,1.0,0.075,24,0.043522272258996964,0.9498191681735986
bbh+gpqa+ifeval+math+musr,None,1.0,0.075,25,0.043593402951955795,0.9498191681735986
bbh+gpqa+ifeval+math+musr,None,1.0,0.075,26,0.0436137393116951,0.9552441229656419
bbh+gpqa+ifeval+math+musr,None,1.0,0.075,27,0.04368874430656433,0.9412296564195298
bbh+gpqa+ifeval+math+musr,None,1.0,0.075,28,0.043653782457113266,0.9434900542495479
bbh+gpqa+ifeval+math+musr,None,1.0,0.075,29,0.04372778534889221,0.951627486437613
bbh+gpqa+ifeval+math+musr,None,1.0,0.075,30,0.04367409273982048,0.9520795660036167
bbh+gpqa+ifeval+math+musr,None,1.0,0.075,31,0.0437958687543869,0.9421338155515371
bbh+gpqa+ifeval+math+musr,None,1.0,0.075,32,0.043686412274837494,0.9466546112115732
bbh+gpqa+ifeval+math+musr,None,1.0,0.1,0,0.03604644536972046,0.9475587703435805
bbh+gpqa+ifeval+math+musr,None,1.0,0.1,1,0.035801857709884644,0.945750452079566
bbh+gpqa+ifeval+math+musr,None,1.0,0.1,2,0.03595513477921486,0.9507233273056057
bbh+gpqa+ifeval+math+musr,None,1.0,0.1,3,0.03597840294241905,0.9421338155515371
bbh+gpqa+ifeval+math+musr,None,1.0,0.1,4,0.03593257814645767,0.9430379746835442
bbh+gpqa+ifeval+math+musr,None,1.0,0.1,5,0.035956572741270065,0.9534358047016275
bbh+gpqa+ifeval+math+musr,None,1.0,0.1,6,0.03599638491868973,0.9489150090415913
bbh+gpqa+ifeval+math+musr,None,1.0,0.1,7,0.035965997725725174,0.9412296564195298
bbh+gpqa+ifeval+math+musr,None,1.0,0.1,8,0.035796310752630234,0.9511754068716094
bbh+gpqa+ifeval+math+musr,None,1.0,0.1,9,0.03587556630373001,0.9430379746835442
bbh+gpqa+ifeval+math+musr,None,1.0,0.1,10,0.03595653548836708,0.9380650994575045
bbh+gpqa+ifeval+math+musr,None,1.0,0.1,11,0.03592601418495178,0.9475587703435805
bbh+gpqa+ifeval+math+musr,None,1.0,0.1,12,0.03593076020479202,0.9484629294755876
bbh+gpqa+ifeval+math+musr,None,1.0,0.1,13,0.03595005348324776,0.9507233273056057
bbh+gpqa+ifeval+math+musr,None,1.0,0.1,14,0.03592146560549736,0.9471066907775768
bbh+gpqa+ifeval+math+musr,None,1.0,0.1,15,0.03592777997255325,0.9466546112115732
bbh+gpqa+ifeval+math+musr,None,1.0,0.1,16,0.03596173971891403,0.9430379746835442
bbh+gpqa+ifeval+math+musr,None,1.0,0.1,17,0.035810425877571106,0.9421338155515371
bbh+gpqa+ifeval+math+musr,None,1.0,0.1,18,0.035977818071842194,0.9452983725135623
bbh+gpqa+ifeval+math+musr,None,1.0,0.1,19,0.03583962842822075,0.945750452079566
bbh+gpqa+ifeval+math+musr,None,1.0,0.1,20,0.035852789878845215,0.9475587703435805
bbh+gpqa+ifeval+math+musr,None,1.0,0.1,21,0.035891905426979065,0.9466546112115732
bbh+gpqa+ifeval+math+musr,None,1.0,0.1,22,0.03601624444127083,0.951627486437613
bbh+gpqa+ifeval+math+musr,None,1.0,0.1,23,0.03599122539162636,0.9480108499095841
bbh+gpqa+ifeval+math+musr,None,1.0,0.1,24,0.03581172227859497,0.9430379746835442
bbh+gpqa+ifeval+math+musr,None,1.0,0.1,25,0.03585854172706604,0.9489150090415913
bbh+gpqa+ifeval+math+musr,None,1.0,0.1,26,0.03590713068842888,0.9502712477396021
bbh+gpqa+ifeval+math+musr,None,1.0,0.1,27,0.035943061113357544,0.939873417721519
bbh+gpqa+ifeval+math+musr,None,1.0,0.1,28,0.035919610410928726,0.9434900542495479
bbh+gpqa+ifeval+math+musr,None,1.0,0.1,29,0.03598302975296974,0.9443942133815552
bbh+gpqa+ifeval+math+musr,None,1.0,0.1,30,0.03592173755168915,0.9525316455696202
bbh+gpqa+ifeval+math+musr,None,1.0,0.1,31,0.03603440895676613,0.9403254972875226
bbh+gpqa+ifeval+math+musr,None,1.0,0.1,32,0.03593284264206886,0.9493670886075949
bbh+gpqa+ifeval+math+musr,None,1.0,0.125,0,0.030904047191143036,0.9511754068716094
bbh+gpqa+ifeval+math+musr,None,1.0,0.125,1,0.030724896118044853,0.9416817359855334
bbh+gpqa+ifeval+math+musr,None,1.0,0.125,2,0.03083653748035431,0.9502712477396021
bbh+gpqa+ifeval+math+musr,None,1.0,0.125,3,0.03084566630423069,0.9371609403254972
bbh+gpqa+ifeval+math+musr,None,1.0,0.125,4,0.03081437014043331,0.9489150090415913
bbh+gpqa+ifeval+math+musr,None,1.0,0.125,5,0.030815601348876953,0.9507233273056057
bbh+gpqa+ifeval+math+musr,None,1.0,0.125,6,0.030852776020765305,0.9511754068716094
bbh+gpqa+ifeval+math+musr,None,1.0,0.125,7,0.03084585629403591,0.9421338155515371
bbh+gpqa+ifeval+math+musr,None,1.0,0.125,8,0.030712783336639404,0.9421338155515371
bbh+gpqa+ifeval+math+musr,None,1.0,0.125,9,0.030775999650359154,0.939873417721519
bbh+gpqa+ifeval+math+musr,None,1.0,0.125,10,0.030839186161756516,0.9394213381555153
bbh+gpqa+ifeval+math+musr,None,1.0,0.125,11,0.030801890417933464,0.9493670886075949
bbh+gpqa+ifeval+math+musr,None,1.0,0.125,12,0.030804581940174103,0.9493670886075949
bbh+gpqa+ifeval+math+musr,None,1.0,0.125,13,0.03083913028240204,0.9543399638336347
bbh+gpqa+ifeval+math+musr,None,1.0,0.125,14,0.030802180990576744,0.9466546112115732
bbh+gpqa+ifeval+math+musr,None,1.0,0.125,15,0.030792130157351494,0.9511754068716094
bbh+gpqa+ifeval+math+musr,None,1.0,0.125,16,0.030838951468467712,0.9425858951175407
bbh+gpqa+ifeval+math+musr,None,1.0,0.125,17,0.03073977306485176,0.9439421338155515
bbh+gpqa+ifeval+math+musr,None,1.0,0.125,18,0.03084750473499298,0.9525316455696202
bbh+gpqa+ifeval+math+musr,None,1.0,0.125,19,0.03073316067457199,0.9452983725135623
bbh+gpqa+ifeval+math+musr,None,1.0,0.125,20,0.03075309284031391,0.9407775768535261
bbh+gpqa+ifeval+math+musr,None,1.0,0.125,21,0.030772626399993896,0.9462025316455696
bbh+gpqa+ifeval+math+musr,None,1.0,0.125,22,0.030884521082043648,0.9502712477396021
bbh+gpqa+ifeval+math+musr,None,1.0,0.125,23,0.03083951771259308,0.9511754068716094
bbh+gpqa+ifeval+math+musr,None,1.0,0.125,24,0.030719198286533356,0.9471066907775768
bbh+gpqa+ifeval+math+musr,None,1.0,0.125,25,0.030756162479519844,0.9484629294755876
bbh+gpqa+ifeval+math+musr,None,1.0,0.125,26,0.030786558985710144,0.9502712477396021
bbh+gpqa+ifeval+math+musr,None,1.0,0.125,27,0.03081637993454933,0.9525316455696202
bbh+gpqa+ifeval+math+musr,None,1.0,0.125,28,0.030805109068751335,0.945750452079566
bbh+gpqa+ifeval+math+musr,None,1.0,0.125,29,0.030846500769257545,0.9489150090415913
bbh+gpqa+ifeval+math+musr,None,1.0,0.125,30,0.030789347365498543,0.9579566003616636
bbh+gpqa+ifeval+math+musr,None,1.0,0.125,31,0.030880523845553398,0.945750452079566
bbh+gpqa+ifeval+math+musr,None,1.0,0.125,32,0.030800800770521164,0.9520795660036167
bbh+gpqa+ifeval+math+musr,None,1.0,0.15,0,0.027178538963198662,0.9502712477396021
bbh+gpqa+ifeval+math+musr,None,1.0,0.15,1,0.027021553367376328,0.9430379746835442
bbh+gpqa+ifeval+math+musr,None,1.0,0.15,2,0.02712351270020008,0.9371609403254972
bbh+gpqa+ifeval+math+musr,None,1.0,0.15,3,0.027115918695926666,0.93625678119349
bbh+gpqa+ifeval+math+musr,None,1.0,0.15,4,0.02709779143333435,0.9389692585895117
bbh+gpqa+ifeval+math+musr,None,1.0,0.15,5,0.027104411274194717,0.945750452079566
bbh+gpqa+ifeval+math+musr,None,1.0,0.15,6,0.027126578614115715,0.9525316455696202
bbh+gpqa+ifeval+math+musr,None,1.0,0.15,7,0.02711983025074005,0.9430379746835442
bbh+gpqa+ifeval+math+musr,None,1.0,0.15,8,0.027013380080461502,0.9425858951175407
bbh+gpqa+ifeval+math+musr,None,1.0,0.15,9,0.027070501819252968,0.9421338155515371
bbh+gpqa+ifeval+math+musr,None,1.0,0.15,10,0.02710867114365101,0.9380650994575045
bbh+gpqa+ifeval+math+musr,None,1.0,0.15,11,0.027088645845651627,0.9466546112115732
bbh+gpqa+ifeval+math+musr,None,1.0,0.15,12,0.027085930109024048,0.9480108499095841
bbh+gpqa+ifeval+math+musr,None,1.0,0.15,13,0.027113279327750206,0.9498191681735986
bbh+gpqa+ifeval+math+musr,None,1.0,0.15,14,0.027074918150901794,0.9439421338155515
bbh+gpqa+ifeval+math+musr,None,1.0,0.15,15,0.027067583054304123,0.9520795660036167
bbh+gpqa+ifeval+math+musr,None,1.0,0.15,16,0.02712359093129635,0.9407775768535261
bbh+gpqa+ifeval+math+musr,None,1.0,0.15,17,0.027033979073166847,0.939873417721519
bbh+gpqa+ifeval+math+musr,None,1.0,0.15,18,0.027116259559988976,0.9498191681735986
bbh+gpqa+ifeval+math+musr,None,1.0,0.15,19,0.02702353149652481,0.9520795660036167
bbh+gpqa+ifeval+math+musr,None,1.0,0.15,20,0.027042414993047714,0.9380650994575045
bbh+gpqa+ifeval+math+musr,None,1.0,0.15,21,0.02705620788037777,0.9493670886075949
bbh+gpqa+ifeval+math+musr,None,1.0,0.15,22,0.027148880064487457,0.9489150090415913
bbh+gpqa+ifeval+math+musr,None,1.0,0.15,23,0.027104217559099197,0.9462025316455696
bbh+gpqa+ifeval+math+musr,None,1.0,0.15,24,0.02701374515891075,0.9412296564195298
bbh+gpqa+ifeval+math+musr,None,1.0,0.15,25,0.02705087698996067,0.9507233273056057
bbh+gpqa+ifeval+math+musr,None,1.0,0.15,26,0.027068644762039185,0.9434900542495479
bbh+gpqa+ifeval+math+musr,None,1.0,0.15,27,0.027101265266537666,0.9507233273056057
bbh+gpqa+ifeval+math+musr,None,1.0,0.15,28,0.027080150321125984,0.945750452079566
bbh+gpqa+ifeval+math+musr,None,1.0,0.15,29,0.027125747874379158,0.9452983725135623
bbh+gpqa+ifeval+math+musr,None,1.0,0.15,30,0.027079744264483452,0.9597649186256781
bbh+gpqa+ifeval+math+musr,None,1.0,0.15,31,0.02715320512652397,0.9493670886075949
bbh+gpqa+ifeval+math+musr,None,1.0,0.15,32,0.027088558301329613,0.9425858951175407
bbh+gpqa+ifeval+math+musr,None,1.0,0.175,0,0.024316154420375824,0.9416817359855334
bbh+gpqa+ifeval+math+musr,None,1.0,0.175,1,0.02418483793735504,0.9462025316455696
bbh+gpqa+ifeval+math+musr,None,1.0,0.175,2,0.024280907586216927,0.9371609403254972
bbh+gpqa+ifeval+math+musr,None,1.0,0.175,3,0.024260612204670906,0.939873417721519
bbh+gpqa+ifeval+math+musr,None,1.0,0.175,4,0.02424924448132515,0.9394213381555153
bbh+gpqa+ifeval+math+musr,None,1.0,0.175,5,0.024257022887468338,0.9498191681735986
bbh+gpqa+ifeval+math+musr,None,1.0,0.175,6,0.02427562139928341,0.9462025316455696
bbh+gpqa+ifeval+math+musr,None,1.0,0.175,7,0.02426605112850666,0.939873417721519
bbh+gpqa+ifeval+math+musr,None,1.0,0.175,8,0.02417551539838314,0.9421338155515371
bbh+gpqa+ifeval+math+musr,None,1.0,0.175,9,0.024227473884820938,0.9443942133815552
bbh+gpqa+ifeval+math+musr,None,1.0,0.175,10,0.024253221228718758,0.93625678119349
bbh+gpqa+ifeval+math+musr,None,1.0,0.175,11,0.024238958954811096,0.9462025316455696
bbh+gpqa+ifeval+math+musr,None,1.0,0.175,12,0.024241317063570023,0.945750452079566
bbh+gpqa+ifeval+math+musr,None,1.0,0.175,13,0.024261854588985443,0.9475587703435805
bbh+gpqa+ifeval+math+musr,None,1.0,0.175,14,0.024225721135735512,0.9412296564195298
bbh+gpqa+ifeval+math+musr,None,1.0,0.175,15,0.0242279302328825,0.9502712477396021
bbh+gpqa+ifeval+math+musr,None,1.0,0.175,16,0.024269558489322662,0.9412296564195298
bbh+gpqa+ifeval+math+musr,None,1.0,0.175,17,0.0242032278329134,0.9376130198915009
bbh+gpqa+ifeval+math+musr,None,1.0,0.175,18,0.024271385744214058,0.9489150090415913
bbh+gpqa+ifeval+math+musr,None,1.0,0.175,19,0.02418365329504013,0.9480108499095841
bbh+gpqa+ifeval+math+musr,None,1.0,0.175,20,0.02420615963637829,0.9443942133815552
bbh+gpqa+ifeval+math+musr,None,1.0,0.175,21,0.024226032197475433,0.945750452079566
bbh+gpqa+ifeval+math+musr,None,1.0,0.175,22,0.024293983355164528,0.9452983725135623
bbh+gpqa+ifeval+math+musr,None,1.0,0.175,23,0.02425231598317623,0.9471066907775768
bbh+gpqa+ifeval+math+musr,None,1.0,0.175,24,0.024180840700864792,0.9430379746835442
bbh+gpqa+ifeval+math+musr,None,1.0,0.175,25,0.024205807596445084,0.9434900542495479
bbh+gpqa+ifeval+math+musr,None,1.0,0.175,26,0.02423025853931904,0.9466546112115732
bbh+gpqa+ifeval+math+musr,None,1.0,0.175,27,0.024253226816654205,0.9471066907775768
bbh+gpqa+ifeval+math+musr,None,1.0,0.175,28,0.024236628785729408,0.9439421338155515
bbh+gpqa+ifeval+math+musr,None,1.0,0.175,29,0.02427561953663826,0.945750452079566
bbh+gpqa+ifeval+math+musr,None,1.0,0.175,30,0.02423136681318283,0.9525316455696202
bbh+gpqa+ifeval+math+musr,None,1.0,0.175,31,0.02429540455341339,0.9480108499095841
bbh+gpqa+ifeval+math+musr,None,1.0,0.175,32,0.024250956252217293,0.9529837251356238
bbh+gpqa+ifeval+math+musr,None,1.0,0.2,0,0.022030849009752274,0.9484629294755876
bbh+gpqa+ifeval+math+musr,None,1.0,0.2,1,0.02189909853041172,0.9475587703435805
bbh+gpqa+ifeval+math+musr,None,1.0,0.2,2,0.02198762260377407,0.9385171790235081
bbh+gpqa+ifeval+math+musr,None,1.0,0.2,3,0.021978557109832764,0.9412296564195298
bbh+gpqa+ifeval+math+musr,None,1.0,0.2,4,0.021963855251669884,0.9407775768535261
bbh+gpqa+ifeval+math+musr,None,1.0,0.2,5,0.021973488852381706,0.9543399638336347
bbh+gpqa+ifeval+math+musr,None,1.0,0.2,6,0.02198733203113079,0.9425858951175407
bbh+gpqa+ifeval+math+musr,None,1.0,0.2,7,0.021974390372633934,0.9371609403254972
bbh+gpqa+ifeval+math+musr,None,1.0,0.2,8,0.02190157026052475,0.9425858951175407
bbh+gpqa+ifeval+math+musr,None,1.0,0.2,9,0.021944064646959305,0.9358047016274864
bbh+gpqa+ifeval+math+musr,None,1.0,0.2,10,0.021977242082357407,0.93625678119349
bbh+gpqa+ifeval+math+musr,None,1.0,0.2,11,0.021955853328108788,0.9421338155515371
bbh+gpqa+ifeval+math+musr,None,1.0,0.2,12,0.021957753226161003,0.9385171790235081
bbh+gpqa+ifeval+math+musr,None,1.0,0.2,13,0.02197454124689102,0.9443942133815552
bbh+gpqa+ifeval+math+musr,None,1.0,0.2,14,0.02194768190383911,0.9434900542495479
bbh+gpqa+ifeval+math+musr,None,1.0,0.2,15,0.02194744534790516,0.9520795660036167
bbh+gpqa+ifeval+math+musr,None,1.0,0.2,16,0.021983949467539787,0.9394213381555153
bbh+gpqa+ifeval+math+musr,None,1.0,0.2,17,0.021929441019892693,0.9371609403254972
bbh+gpqa+ifeval+math+musr,None,1.0,0.2,18,0.021977972239255905,0.9471066907775768
bbh+gpqa+ifeval+math+musr,None,1.0,0.2,19,0.021909980103373528,0.9430379746835442
bbh+gpqa+ifeval+math+musr,None,1.0,0.2,20,0.021929830312728882,0.93625678119349
bbh+gpqa+ifeval+math+musr,None,1.0,0.2,21,0.021953672170639038,0.945750452079566
bbh+gpqa+ifeval+math+musr,None,1.0,0.2,22,0.02199961245059967,0.9439421338155515
bbh+gpqa+ifeval+math+musr,None,1.0,0.2,23,0.02196419984102249,0.945750452079566
bbh+gpqa+ifeval+math+musr,None,1.0,0.2,24,0.021907558664679527,0.9448462929475587
bbh+gpqa+ifeval+math+musr,None,1.0,0.2,25,0.021924950182437897,0.9434900542495479
bbh+gpqa+ifeval+math+musr,None,1.0,0.2,26,0.021951740607619286,0.9498191681735986
bbh+gpqa+ifeval+math+musr,None,1.0,0.2,27,0.021977582946419716,0.9493670886075949
bbh+gpqa+ifeval+math+musr,None,1.0,0.2,28,0.021949386224150658,0.9448462929475587
bbh+gpqa+ifeval+math+musr,None,1.0,0.2,29,0.021995043382048607,0.9421338155515371
bbh+gpqa+ifeval+math+musr,None,1.0,0.2,30,0.021950172260403633,0.9534358047016275
bbh+gpqa+ifeval+math+musr,None,1.0,0.2,31,0.022014157846570015,0.9498191681735986
bbh+gpqa+ifeval+math+musr,None,1.0,0.2,32,0.02196725830435753,0.9462025316455696
bbh+gpqa+ifeval+math+musr,None,1.0,0.225,0,0.02012171410024166,0.9471066907775768
bbh+gpqa+ifeval+math+musr,None,1.0,0.225,1,0.02000323496758938,0.9439421338155515
bbh+gpqa+ifeval+math+musr,None,1.0,0.225,2,0.020083623006939888,0.9376130198915009
bbh+gpqa+ifeval+math+musr,None,1.0,0.225,3,0.020079661160707474,0.9434900542495479
bbh+gpqa+ifeval+math+musr,None,1.0,0.225,4,0.020059937611222267,0.9425858951175407
bbh+gpqa+ifeval+math+musr,None,1.0,0.225,5,0.02007514238357544,0.9493670886075949
bbh+gpqa+ifeval+math+musr,None,1.0,0.225,6,0.020075129345059395,0.9385171790235081
bbh+gpqa+ifeval+math+musr,None,1.0,0.225,7,0.020073285326361656,0.9394213381555153
bbh+gpqa+ifeval+math+musr,None,1.0,0.225,8,0.020012712106108665,0.939873417721519
bbh+gpqa+ifeval+math+musr,None,1.0,0.225,9,0.020036760717630386,0.9367088607594937
bbh+gpqa+ifeval+math+musr,None,1.0,0.225,10,0.02007438614964485,0.9321880650994575
bbh+gpqa+ifeval+math+musr,None,1.0,0.225,11,0.020053809508681297,0.9407775768535261
bbh+gpqa+ifeval+math+musr,None,1.0,0.225,12,0.02005387842655182,0.9407775768535261
bbh+gpqa+ifeval+math+musr,None,1.0,0.225,13,0.02006693184375763,0.9407775768535261
bbh+gpqa+ifeval+math+musr,None,1.0,0.225,14,0.020051995292305946,0.9471066907775768
bbh+gpqa+ifeval+math+musr,None,1.0,0.225,15,0.020050887018442154,0.951627486437613
bbh+gpqa+ifeval+math+musr,None,1.0,0.225,16,0.020073015242815018,0.9376130198915009
bbh+gpqa+ifeval+math+musr,None,1.0,0.225,17,0.020031312480568886,0.9371609403254972
bbh+gpqa+ifeval+math+musr,None,1.0,0.225,18,0.020072665065526962,0.9471066907775768
bbh+gpqa+ifeval+math+musr,None,1.0,0.225,19,0.02001298777759075,0.9421338155515371
bbh+gpqa+ifeval+math+musr,None,1.0,0.225,20,0.02003537118434906,0.9349005424954792
bbh+gpqa+ifeval+math+musr,None,1.0,0.225,21,0.02004905790090561,0.9471066907775768
bbh+gpqa+ifeval+math+musr,None,1.0,0.225,22,0.020096881315112114,0.9416817359855334
bbh+gpqa+ifeval+math+musr,None,1.0,0.225,23,0.020062780007719994,0.9421338155515371
bbh+gpqa+ifeval+math+musr,None,1.0,0.225,24,0.020014280453324318,0.9358047016274864
bbh+gpqa+ifeval+math+musr,None,1.0,0.225,25,0.020024629309773445,0.9439421338155515
bbh+gpqa+ifeval+math+musr,None,1.0,0.225,26,0.020051974803209305,0.9511754068716094
bbh+gpqa+ifeval+math+musr,None,1.0,0.225,27,0.020078331232070923,0.9448462929475587
bbh+gpqa+ifeval+math+musr,None,1.0,0.225,28,0.02004493959248066,0.9385171790235081
bbh+gpqa+ifeval+math+musr,None,1.0,0.225,29,0.020095624029636383,0.9380650994575045
bbh+gpqa+ifeval+math+musr,None,1.0,0.225,30,0.020046545192599297,0.9588607594936709
bbh+gpqa+ifeval+math+musr,None,1.0,0.225,31,0.020105794072151184,0.9462025316455696
bbh+gpqa+ifeval+math+musr,None,1.0,0.225,32,0.02006411738693714,0.9443942133815552
bbh+gpqa+ifeval+math+musr,None,1.0,0.25,0,0.018503593280911446,0.9484629294755876
bbh+gpqa+ifeval+math+musr,None,1.0,0.25,1,0.01840495504438877,0.9385171790235081
bbh+gpqa+ifeval+math+musr,None,1.0,0.25,2,0.018470294773578644,0.9308318264014466
bbh+gpqa+ifeval+math+musr,None,1.0,0.25,3,0.018468959257006645,0.939873417721519
bbh+gpqa+ifeval+math+musr,None,1.0,0.25,4,0.01844879984855652,0.9416817359855334
bbh+gpqa+ifeval+math+musr,None,1.0,0.25,5,0.018461493775248528,0.9511754068716094
bbh+gpqa+ifeval+math+musr,None,1.0,0.25,6,0.01846366561949253,0.9434900542495479
bbh+gpqa+ifeval+math+musr,None,1.0,0.25,7,0.018461190164089203,0.9407775768535261
bbh+gpqa+ifeval+math+musr,None,1.0,0.25,8,0.018404776230454445,0.9416817359855334
bbh+gpqa+ifeval+math+musr,None,1.0,0.25,9,0.01843126490712166,0.9330922242314648
bbh+gpqa+ifeval+math+musr,None,1.0,0.25,10,0.018460886552929878,0.9326401446654611
bbh+gpqa+ifeval+math+musr,None,1.0,0.25,11,0.018443509936332703,0.9412296564195298
bbh+gpqa+ifeval+math+musr,None,1.0,0.25,12,0.01844535581767559,0.9371609403254972
bbh+gpqa+ifeval+math+musr,None,1.0,0.25,13,0.018454669043421745,0.9349005424954792
bbh+gpqa+ifeval+math+musr,None,1.0,0.25,14,0.018441634252667427,0.9416817359855334
bbh+gpqa+ifeval+math+musr,None,1.0,0.25,15,0.018444396555423737,0.9475587703435805
bbh+gpqa+ifeval+math+musr,None,1.0,0.25,16,0.018465997651219368,0.9412296564195298
bbh+gpqa+ifeval+math+musr,None,1.0,0.25,17,0.01842617057263851,0.9394213381555153
bbh+gpqa+ifeval+math+musr,None,1.0,0.25,18,0.01846223510801792,0.9425858951175407
bbh+gpqa+ifeval+math+musr,None,1.0,0.25,19,0.018405042588710785,0.9430379746835442
bbh+gpqa+ifeval+math+musr,None,1.0,0.25,20,0.01842859946191311,0.9358047016274864
bbh+gpqa+ifeval+math+musr,None,1.0,0.25,21,0.01844191551208496,0.9385171790235081
bbh+gpqa+ifeval+math+musr,None,1.0,0.25,22,0.01849127933382988,0.9425858951175407
bbh+gpqa+ifeval+math+musr,None,1.0,0.25,23,0.01845506951212883,0.9421338155515371
bbh+gpqa+ifeval+math+musr,None,1.0,0.25,24,0.018410339951515198,0.9389692585895117
bbh+gpqa+ifeval+math+musr,None,1.0,0.25,25,0.018420038744807243,0.9421338155515371
bbh+gpqa+ifeval+math+musr,None,1.0,0.25,26,0.018446166068315506,0.9466546112115732
bbh+gpqa+ifeval+math+musr,None,1.0,0.25,27,0.01847098395228386,0.9380650994575045
bbh+gpqa+ifeval+math+musr,None,1.0,0.25,28,0.018437009304761887,0.9412296564195298
bbh+gpqa+ifeval+math+musr,None,1.0,0.25,29,0.018484916538000107,0.9407775768535261
bbh+gpqa+ifeval+math+musr,None,1.0,0.25,30,0.018438715487718582,0.953887884267631
bbh+gpqa+ifeval+math+musr,None,1.0,0.25,31,0.018489260226488113,0.9407775768535261
bbh+gpqa+ifeval+math+musr,None,1.0,0.25,32,0.018453557044267654,0.9439421338155515
