dataset,prop_budget,beta0,rho,gamma,tau,seed,mean_width,coverage
bbh+gpqa+ifeval+math+musr,0.025,1.0,0.0,0.0,0.75,0,0.0945129245519638,0.9507233273056057
bbh+gpqa+ifeval+math+musr,0.025,1.0,0.0,0.0,0.75,1,0.09447482228279114,0.9534358047016275
bbh+gpqa+ifeval+math+musr,0.025,1.0,0.0,0.0,0.75,2,0.09455198049545288,0.9430379746835442
bbh+gpqa+ifeval+math+musr,0.025,1.0,0.0,0.0,0.75,3,0.09468309581279755,0.9448462929475587
bbh+gpqa+ifeval+math+musr,0.025,1.0,0.0,0.0,0.75,4,0.09456802159547806,0.9471066907775768
bbh+gpqa+ifeval+math+musr,0.025,1.0,0.0,0.0,0.75,5,0.09503613412380219,0.951627486437613
bbh+gpqa+ifeval+math+musr,0.025,1.0,0.0,0.0,0.75,6,0.0945650264620781,0.9452983725135623
bbh+gpqa+ifeval+math+musr,0.025,1.0,0.0,0.0,0.75,7,0.09432173520326614,0.9425858951175407
bbh+gpqa+ifeval+math+musr,0.025,1.0,0.0,0.0,0.75,8,0.09436248987913132,0.9529837251356238
bbh+gpqa+ifeval+math+musr,0.025,1.0,0.0,0.0,0.75,9,0.0945524126291275,0.9425858951175407
bbh+gpqa+ifeval+math+musr,0.025,1.0,0.0,0.0,0.75,10,0.094839908182621,0.9412296564195298
bbh+gpqa+ifeval+math+musr,0.025,1.0,0.0,0.0,0.75,11,0.09480855613946915,0.9475587703435805
bbh+gpqa+ifeval+math+musr,0.025,1.0,0.0,0.0,0.75,12,0.09470304846763611,0.9471066907775768
bbh+gpqa+ifeval+math+musr,0.025,1.0,0.0,0.0,0.75,13,0.09455440193414688,0.9547920433996383
bbh+gpqa+ifeval+math+musr,0.025,1.0,0.0,0.0,0.75,14,0.0945398136973381,0.9403254972875226
bbh+gpqa+ifeval+math+musr,0.025,1.0,0.0,0.0,0.75,15,0.09466145187616348,0.9475587703435805
bbh+gpqa+ifeval+math+musr,0.025,1.0,0.0,0.0,0.75,16,0.09491866827011108,0.9475587703435805
bbh+gpqa+ifeval+math+musr,0.025,1.0,0.0,0.0,0.75,17,0.09438527375459671,0.9489150090415913
bbh+gpqa+ifeval+math+musr,0.025,1.0,0.0,0.0,0.75,18,0.09460465610027313,0.9471066907775768
bbh+gpqa+ifeval+math+musr,0.025,1.0,0.0,0.0,0.75,19,0.09460289776325226,0.9462025316455696
bbh+gpqa+ifeval+math+musr,0.025,1.0,0.0,0.0,0.75,20,0.09458991140127182,0.9412296564195298
bbh+gpqa+ifeval+math+musr,0.025,1.0,0.0,0.0,0.75,21,0.09445098042488098,0.9466546112115732
bbh+gpqa+ifeval+math+musr,0.025,1.0,0.0,0.0,0.75,22,0.09455528855323792,0.945750452079566
bbh+gpqa+ifeval+math+musr,0.025,1.0,0.0,0.0,0.75,23,0.09457261115312576,0.9529837251356238
bbh+gpqa+ifeval+math+musr,0.025,1.0,0.0,0.0,0.75,24,0.09464727342128754,0.9561482820976491
bbh+gpqa+ifeval+math+musr,0.025,1.0,0.0,0.0,0.75,25,0.094519704580307,0.9480108499095841
bbh+gpqa+ifeval+math+musr,0.025,1.0,0.0,0.0,0.75,26,0.09448834508657455,0.9561482820976491
bbh+gpqa+ifeval+math+musr,0.025,1.0,0.0,0.0,0.75,27,0.09486227482557297,0.9493670886075949
bbh+gpqa+ifeval+math+musr,0.025,1.0,0.0,0.0,0.75,28,0.09471426904201508,0.9452983725135623
bbh+gpqa+ifeval+math+musr,0.025,1.0,0.0,0.0,0.75,29,0.09469661116600037,0.9489150090415913
bbh+gpqa+ifeval+math+musr,0.025,1.0,0.0,0.0,0.75,30,0.094548299908638,0.961121157323689
bbh+gpqa+ifeval+math+musr,0.025,1.0,0.0,0.0,0.75,31,0.09492151439189911,0.9471066907775768
bbh+gpqa+ifeval+math+musr,0.025,1.0,0.0,0.0,0.75,32,0.0945071429014206,0.9443942133815552
bbh+gpqa+ifeval+math+musr,0.025,1.0,0.0,0.0,0.75,33,0.09447582811117172,0.9434900542495479
bbh+gpqa+ifeval+math+musr,0.025,1.0,0.0,0.0,0.75,34,0.09489087015390396,0.9480108499095841
bbh+gpqa+ifeval+math+musr,0.025,1.0,0.0,0.0,0.75,35,0.0946774110198021,0.9462025316455696
bbh+gpqa+ifeval+math+musr,0.025,1.0,0.0,0.0,0.75,36,0.09480416029691696,0.9475587703435805
bbh+gpqa+ifeval+math+musr,0.025,1.0,0.0,0.0,0.75,37,0.09493373334407806,0.9462025316455696
bbh+gpqa+ifeval+math+musr,0.025,1.0,0.0,0.0,0.75,38,0.0946233943104744,0.9439421338155515
bbh+gpqa+ifeval+math+musr,0.025,1.0,0.0,0.0,0.75,39,0.09494464099407196,0.95750452079566
bbh+gpqa+ifeval+math+musr,0.025,1.0,0.0,0.0,0.75,40,0.09457072615623474,0.945750452079566
bbh+gpqa+ifeval+math+musr,0.025,1.0,0.0,0.0,0.75,41,0.09465713053941727,0.9389692585895117
bbh+gpqa+ifeval+math+musr,0.025,1.0,0.0,0.0,0.75,42,0.09470797330141068,0.9353526220614828
bbh+gpqa+ifeval+math+musr,0.025,1.0,0.0,0.0,0.75,43,0.09460611641407013,0.9507233273056057
bbh+gpqa+ifeval+math+musr,0.025,1.0,0.0,0.0,0.75,44,0.09463613480329514,0.9448462929475587
bbh+gpqa+ifeval+math+musr,0.025,1.0,0.0,0.0,0.75,45,0.09432918578386307,0.9493670886075949
bbh+gpqa+ifeval+math+musr,0.025,1.0,0.0,0.0,0.75,46,0.09456644207239151,0.951627486437613
bbh+gpqa+ifeval+math+musr,0.025,1.0,0.0,0.0,0.75,47,0.09458941221237183,0.9452983725135623
bbh+gpqa+ifeval+math+musr,0.025,1.0,0.0,0.0,0.75,48,0.09469713270664215,0.9498191681735986
bbh+gpqa+ifeval+math+musr,0.025,1.0,0.0,0.0,0.75,49,0.09479284286499023,0.9452983725135623
bbh+gpqa+ifeval+math+musr,0.025,1.0,0.0,0.0,0.75,50,0.09459300339221954,0.9448462929475587
bbh+gpqa+ifeval+math+musr,0.025,1.0,0.0,0.0,0.75,51,0.09482164680957794,0.9480108499095841
bbh+gpqa+ifeval+math+musr,0.025,1.0,0.0,0.0,0.75,52,0.09489765018224716,0.9511754068716094
bbh+gpqa+ifeval+math+musr,0.025,1.0,0.0,0.0,0.75,53,0.09478108584880829,0.9502712477396021
bbh+gpqa+ifeval+math+musr,0.025,1.0,0.0,0.0,0.75,54,0.09453035891056061,0.939873417721519
bbh+gpqa+ifeval+math+musr,0.025,1.0,0.0,0.0,0.75,55,0.09458986669778824,0.9471066907775768
bbh+gpqa+ifeval+math+musr,0.025,1.0,0.0,0.0,0.75,56,0.09464916586875916,0.9471066907775768
bbh+gpqa+ifeval+math+musr,0.025,1.0,0.0,0.0,0.75,57,0.09471283853054047,0.9561482820976491
bbh+gpqa+ifeval+math+musr,0.025,1.0,0.0,0.0,0.75,58,0.09436316788196564,0.9403254972875226
bbh+gpqa+ifeval+math+musr,0.025,1.0,0.0,0.0,0.75,59,0.09463374316692352,0.9471066907775768
bbh+gpqa+ifeval+math+musr,0.025,1.0,0.0,0.0,0.75,60,0.09470310807228088,0.9480108499095841
bbh+gpqa+ifeval+math+musr,0.025,1.0,0.0,0.0,0.75,61,0.09460029751062393,0.9520795660036167
bbh+gpqa+ifeval+math+musr,0.025,1.0,0.0,0.0,0.75,62,0.09460384398698807,0.9452983725135623
bbh+gpqa+ifeval+math+musr,0.025,1.0,0.0,0.0,0.75,63,0.09461645036935806,0.9529837251356238
bbh+gpqa+ifeval+math+musr,0.025,1.0,0.0,0.0,0.75,64,0.09469212591648102,0.9448462929475587
bbh+gpqa+ifeval+math+musr,0.025,1.0,0.0,0.0,0.75,65,0.09476781636476517,0.9434900542495479
bbh+gpqa+ifeval+math+musr,0.025,1.0,0.0,0.0,0.75,66,0.0947028398513794,0.9466546112115732
bbh+gpqa+ifeval+math+musr,0.025,1.0,0.0,0.0,0.75,67,0.09503952413797379,0.9584086799276672
bbh+gpqa+ifeval+math+musr,0.025,1.0,0.0,0.0,0.75,68,0.09448389708995819,0.9448462929475587
bbh+gpqa+ifeval+math+musr,0.025,1.0,0.0,0.0,0.75,69,0.09463927894830704,0.9520795660036167
bbh+gpqa+ifeval+math+musr,0.025,1.0,0.0,0.0,0.75,70,0.09472548216581345,0.9389692585895117
bbh+gpqa+ifeval+math+musr,0.025,1.0,0.0,0.0,0.75,71,0.09454050660133362,0.9529837251356238
bbh+gpqa+ifeval+math+musr,0.025,1.0,0.0,0.0,0.75,72,0.09469587355852127,0.9475587703435805
bbh+gpqa+ifeval+math+musr,0.025,1.0,0.0,0.0,0.75,73,0.094895139336586,0.9475587703435805
bbh+gpqa+ifeval+math+musr,0.025,1.0,0.0,0.0,0.75,74,0.09458433836698532,0.9430379746835442
bbh+gpqa+ifeval+math+musr,0.025,1.0,0.0,0.0,0.75,75,0.09433048963546753,0.9511754068716094
bbh+gpqa+ifeval+math+musr,0.025,1.0,0.0,0.0,0.75,76,0.09456067532300949,0.9507233273056057
bbh+gpqa+ifeval+math+musr,0.025,1.0,0.0,0.0,0.75,77,0.09481827169656754,0.9556962025316456
bbh+gpqa+ifeval+math+musr,0.025,1.0,0.0,0.0,0.75,78,0.0945248082280159,0.9511754068716094
bbh+gpqa+ifeval+math+musr,0.025,1.0,0.0,0.0,0.75,79,0.094866544008255,0.9511754068716094
bbh+gpqa+ifeval+math+musr,0.025,1.0,0.0,0.0,0.75,80,0.09492691606283188,0.9475587703435805
bbh+gpqa+ifeval+math+musr,0.025,1.0,0.0,0.0,0.75,81,0.09430913627147675,0.945750452079566
bbh+gpqa+ifeval+math+musr,0.025,1.0,0.0,0.0,0.75,82,0.09464451670646667,0.9502712477396021
bbh+gpqa+ifeval+math+musr,0.025,1.0,0.0,0.0,0.75,83,0.09448035806417465,0.9475587703435805
bbh+gpqa+ifeval+math+musr,0.025,1.0,0.0,0.0,0.75,84,0.09470728784799576,0.945750452079566
bbh+gpqa+ifeval+math+musr,0.025,1.0,0.0,0.0,0.75,85,0.09451651573181152,0.9439421338155515
bbh+gpqa+ifeval+math+musr,0.025,1.0,0.0,0.0,0.75,86,0.09431783109903336,0.9534358047016275
bbh+gpqa+ifeval+math+musr,0.025,1.0,0.0,0.0,0.75,87,0.09487713128328323,0.9475587703435805
bbh+gpqa+ifeval+math+musr,0.025,1.0,0.0,0.0,0.75,88,0.09442295879125595,0.9480108499095841
bbh+gpqa+ifeval+math+musr,0.025,1.0,0.0,0.0,0.75,89,0.09499206393957138,0.9448462929475587
bbh+gpqa+ifeval+math+musr,0.025,1.0,0.0,0.0,0.75,90,0.09443853795528412,0.9403254972875226
bbh+gpqa+ifeval+math+musr,0.025,1.0,0.0,0.0,0.75,91,0.09483557939529419,0.9439421338155515
bbh+gpqa+ifeval+math+musr,0.025,1.0,0.0,0.0,0.75,92,0.09460089355707169,0.9489150090415913
bbh+gpqa+ifeval+math+musr,0.025,1.0,0.0,0.0,0.75,93,0.09498994052410126,0.9502712477396021
bbh+gpqa+ifeval+math+musr,0.025,1.0,0.0,0.0,0.75,94,0.09473427385091782,0.9439421338155515
bbh+gpqa+ifeval+math+musr,0.025,1.0,0.0,0.0,0.75,95,0.09469568729400635,0.9443942133815552
bbh+gpqa+ifeval+math+musr,0.025,1.0,0.0,0.0,0.75,96,0.0945783331990242,0.9489150090415913
bbh+gpqa+ifeval+math+musr,0.025,1.0,0.0,0.0,0.75,97,0.09471653401851654,0.9443942133815552
bbh+gpqa+ifeval+math+musr,0.025,1.0,0.0,0.0,0.75,98,0.09448389708995819,0.9498191681735986
bbh+gpqa+ifeval+math+musr,0.025,1.0,0.0,0.0,0.75,99,0.09458626806735992,0.9471066907775768
bbh+gpqa+ifeval+math+musr,0.05,1.0,0.0,0.0,0.75,0,0.0617874413728714,0.945750452079566
bbh+gpqa+ifeval+math+musr,0.05,1.0,0.0,0.0,0.75,1,0.06182211637496948,0.9421338155515371
bbh+gpqa+ifeval+math+musr,0.05,1.0,0.0,0.0,0.75,2,0.06175994873046875,0.9502712477396021
bbh+gpqa+ifeval+math+musr,0.05,1.0,0.0,0.0,0.75,3,0.061868757009506226,0.9439421338155515
bbh+gpqa+ifeval+math+musr,0.05,1.0,0.0,0.0,0.75,4,0.061807505786418915,0.9480108499095841
bbh+gpqa+ifeval+math+musr,0.05,1.0,0.0,0.0,0.75,5,0.061990998685359955,0.9425858951175407
bbh+gpqa+ifeval+math+musr,0.05,1.0,0.0,0.0,0.75,6,0.061857160180807114,0.9434900542495479
bbh+gpqa+ifeval+math+musr,0.05,1.0,0.0,0.0,0.75,7,0.06166946515440941,0.9403254972875226
bbh+gpqa+ifeval+math+musr,0.05,1.0,0.0,0.0,0.75,8,0.061709173023700714,0.9452983725135623
bbh+gpqa+ifeval+math+musr,0.05,1.0,0.0,0.0,0.75,9,0.06177251785993576,0.9439421338155515
bbh+gpqa+ifeval+math+musr,0.05,1.0,0.0,0.0,0.75,10,0.0619041845202446,0.9349005424954792
bbh+gpqa+ifeval+math+musr,0.05,1.0,0.0,0.0,0.75,11,0.0619351863861084,0.9511754068716094
bbh+gpqa+ifeval+math+musr,0.05,1.0,0.0,0.0,0.75,12,0.061886753886938095,0.9462025316455696
bbh+gpqa+ifeval+math+musr,0.05,1.0,0.0,0.0,0.75,13,0.06190239638090134,0.9566003616636528
bbh+gpqa+ifeval+math+musr,0.05,1.0,0.0,0.0,0.75,14,0.06181621178984642,0.9471066907775768
bbh+gpqa+ifeval+math+musr,0.05,1.0,0.0,0.0,0.75,15,0.061871740967035294,0.951627486437613
bbh+gpqa+ifeval+math+musr,0.05,1.0,0.0,0.0,0.75,16,0.06200167536735535,0.9502712477396021
bbh+gpqa+ifeval+math+musr,0.05,1.0,0.0,0.0,0.75,17,0.06169972941279411,0.9511754068716094
bbh+gpqa+ifeval+math+musr,0.05,1.0,0.0,0.0,0.75,18,0.061800744384527206,0.9525316455696202
bbh+gpqa+ifeval+math+musr,0.05,1.0,0.0,0.0,0.75,19,0.0618448480963707,0.9439421338155515
bbh+gpqa+ifeval+math+musr,0.05,1.0,0.0,0.0,0.75,20,0.061843447387218475,0.9425858951175407
bbh+gpqa+ifeval+math+musr,0.05,1.0,0.0,0.0,0.75,21,0.06173628941178322,0.9475587703435805
bbh+gpqa+ifeval+math+musr,0.05,1.0,0.0,0.0,0.75,22,0.06177991256117821,0.9493670886075949
bbh+gpqa+ifeval+math+musr,0.05,1.0,0.0,0.0,0.75,23,0.06180911883711815,0.9525316455696202
bbh+gpqa+ifeval+math+musr,0.05,1.0,0.0,0.0,0.75,24,0.06182582676410675,0.9547920433996383
bbh+gpqa+ifeval+math+musr,0.05,1.0,0.0,0.0,0.75,25,0.06175302341580391,0.945750452079566
bbh+gpqa+ifeval+math+musr,0.05,1.0,0.0,0.0,0.75,26,0.06168609857559204,0.951627486437613
bbh+gpqa+ifeval+math+musr,0.05,1.0,0.0,0.0,0.75,27,0.0618576854467392,0.9507233273056057
bbh+gpqa+ifeval+math+musr,0.05,1.0,0.0,0.0,0.75,28,0.06188245490193367,0.9452983725135623
bbh+gpqa+ifeval+math+musr,0.05,1.0,0.0,0.0,0.75,29,0.061795614659786224,0.9466546112115732
bbh+gpqa+ifeval+math+musr,0.05,1.0,0.0,0.0,0.75,30,0.06171843037009239,0.9547920433996383
bbh+gpqa+ifeval+math+musr,0.05,1.0,0.0,0.0,0.75,31,0.061896853148937225,0.9430379746835442
bbh+gpqa+ifeval+math+musr,0.05,1.0,0.0,0.0,0.75,32,0.06177831441164017,0.9475587703435805
bbh+gpqa+ifeval+math+musr,0.05,1.0,0.0,0.0,0.75,33,0.06186750531196594,0.9498191681735986
bbh+gpqa+ifeval+math+musr,0.05,1.0,0.0,0.0,0.75,34,0.06195414811372757,0.9498191681735986
bbh+gpqa+ifeval+math+musr,0.05,1.0,0.0,0.0,0.75,35,0.061812955886125565,0.9520795660036167
bbh+gpqa+ifeval+math+musr,0.05,1.0,0.0,0.0,0.75,36,0.061917103826999664,0.9380650994575045
bbh+gpqa+ifeval+math+musr,0.05,1.0,0.0,0.0,0.75,37,0.06189601123332977,0.9430379746835442
bbh+gpqa+ifeval+math+musr,0.05,1.0,0.0,0.0,0.75,38,0.06175747513771057,0.9403254972875226
bbh+gpqa+ifeval+math+musr,0.05,1.0,0.0,0.0,0.75,39,0.06198251247406006,0.9498191681735986
bbh+gpqa+ifeval+math+musr,0.05,1.0,0.0,0.0,0.75,40,0.06175452098250389,0.953887884267631
bbh+gpqa+ifeval+math+musr,0.05,1.0,0.0,0.0,0.75,41,0.06172956898808479,0.9403254972875226
bbh+gpqa+ifeval+math+musr,0.05,1.0,0.0,0.0,0.75,42,0.06183335930109024,0.9385171790235081
bbh+gpqa+ifeval+math+musr,0.05,1.0,0.0,0.0,0.75,43,0.061770401895046234,0.951627486437613
bbh+gpqa+ifeval+math+musr,0.05,1.0,0.0,0.0,0.75,44,0.06180347874760628,0.9502712477396021
bbh+gpqa+ifeval+math+musr,0.05,1.0,0.0,0.0,0.75,45,0.06172052025794983,0.9484629294755876
bbh+gpqa+ifeval+math+musr,0.05,1.0,0.0,0.0,0.75,46,0.06175452843308449,0.9475587703435805
bbh+gpqa+ifeval+math+musr,0.05,1.0,0.0,0.0,0.75,47,0.06183192506432533,0.951627486437613
bbh+gpqa+ifeval+math+musr,0.05,1.0,0.0,0.0,0.75,48,0.06187515705823898,0.9525316455696202
bbh+gpqa+ifeval+math+musr,0.05,1.0,0.0,0.0,0.75,49,0.06188395246863365,0.9403254972875226
bbh+gpqa+ifeval+math+musr,0.05,1.0,0.0,0.0,0.75,50,0.061840515583753586,0.9443942133815552
bbh+gpqa+ifeval+math+musr,0.05,1.0,0.0,0.0,0.75,51,0.06200316548347473,0.9520795660036167
bbh+gpqa+ifeval+math+musr,0.05,1.0,0.0,0.0,0.75,52,0.06193048879504204,0.9502712477396021
bbh+gpqa+ifeval+math+musr,0.05,1.0,0.0,0.0,0.75,53,0.06189936399459839,0.9502712477396021
bbh+gpqa+ifeval+math+musr,0.05,1.0,0.0,0.0,0.75,54,0.06173510476946831,0.9525316455696202
bbh+gpqa+ifeval+math+musr,0.05,1.0,0.0,0.0,0.75,55,0.06178555637598038,0.9475587703435805
bbh+gpqa+ifeval+math+musr,0.05,1.0,0.0,0.0,0.75,56,0.06180636212229729,0.9480108499095841
bbh+gpqa+ifeval+math+musr,0.05,1.0,0.0,0.0,0.75,57,0.061864376068115234,0.9556962025316456
bbh+gpqa+ifeval+math+musr,0.05,1.0,0.0,0.0,0.75,58,0.06169764697551727,0.9520795660036167
bbh+gpqa+ifeval+math+musr,0.05,1.0,0.0,0.0,0.75,59,0.061777763068675995,0.9434900542495479
bbh+gpqa+ifeval+math+musr,0.05,1.0,0.0,0.0,0.75,60,0.0618906244635582,0.9389692585895117
bbh+gpqa+ifeval+math+musr,0.05,1.0,0.0,0.0,0.75,61,0.0619019977748394,0.9511754068716094
bbh+gpqa+ifeval+math+musr,0.05,1.0,0.0,0.0,0.75,62,0.061882391571998596,0.9547920433996383
bbh+gpqa+ifeval+math+musr,0.05,1.0,0.0,0.0,0.75,63,0.06180162727832794,0.961121157323689
bbh+gpqa+ifeval+math+musr,0.05,1.0,0.0,0.0,0.75,64,0.06186065822839737,0.9543399638336347
bbh+gpqa+ifeval+math+musr,0.05,1.0,0.0,0.0,0.75,65,0.06187416985630989,0.9520795660036167
bbh+gpqa+ifeval+math+musr,0.05,1.0,0.0,0.0,0.75,66,0.06185082718729973,0.9493670886075949
bbh+gpqa+ifeval+math+musr,0.05,1.0,0.0,0.0,0.75,67,0.06196076422929764,0.9547920433996383
bbh+gpqa+ifeval+math+musr,0.05,1.0,0.0,0.0,0.75,68,0.061880625784397125,0.9448462929475587
bbh+gpqa+ifeval+math+musr,0.05,1.0,0.0,0.0,0.75,69,0.061761438846588135,0.951627486437613
bbh+gpqa+ifeval+math+musr,0.05,1.0,0.0,0.0,0.75,70,0.06182977557182312,0.9507233273056057
bbh+gpqa+ifeval+math+musr,0.05,1.0,0.0,0.0,0.75,71,0.06173091009259224,0.9480108499095841
bbh+gpqa+ifeval+math+musr,0.05,1.0,0.0,0.0,0.75,72,0.0618838407099247,0.9529837251356238
bbh+gpqa+ifeval+math+musr,0.05,1.0,0.0,0.0,0.75,73,0.06193555146455765,0.9566003616636528
bbh+gpqa+ifeval+math+musr,0.05,1.0,0.0,0.0,0.75,74,0.061795324087142944,0.9462025316455696
bbh+gpqa+ifeval+math+musr,0.05,1.0,0.0,0.0,0.75,75,0.061741821467876434,0.9556962025316456
bbh+gpqa+ifeval+math+musr,0.05,1.0,0.0,0.0,0.75,76,0.06173776462674141,0.9434900542495479
bbh+gpqa+ifeval+math+musr,0.05,1.0,0.0,0.0,0.75,77,0.061868734657764435,0.9452983725135623
bbh+gpqa+ifeval+math+musr,0.05,1.0,0.0,0.0,0.75,78,0.06178472936153412,0.9452983725135623
bbh+gpqa+ifeval+math+musr,0.05,1.0,0.0,0.0,0.75,79,0.061963193118572235,0.9556962025316456
bbh+gpqa+ifeval+math+musr,0.05,1.0,0.0,0.0,0.75,80,0.0619991309940815,0.9443942133815552
bbh+gpqa+ifeval+math+musr,0.05,1.0,0.0,0.0,0.75,81,0.06163156032562256,0.9502712477396021
bbh+gpqa+ifeval+math+musr,0.05,1.0,0.0,0.0,0.75,82,0.06185908243060112,0.9529837251356238
bbh+gpqa+ifeval+math+musr,0.05,1.0,0.0,0.0,0.75,83,0.06166405230760574,0.9525316455696202
bbh+gpqa+ifeval+math+musr,0.05,1.0,0.0,0.0,0.75,84,0.06193242594599724,0.9511754068716094
bbh+gpqa+ifeval+math+musr,0.05,1.0,0.0,0.0,0.75,85,0.06178368628025055,0.9498191681735986
bbh+gpqa+ifeval+math+musr,0.05,1.0,0.0,0.0,0.75,86,0.06169828772544861,0.9475587703435805
bbh+gpqa+ifeval+math+musr,0.05,1.0,0.0,0.0,0.75,87,0.06191518157720566,0.9511754068716094
bbh+gpqa+ifeval+math+musr,0.05,1.0,0.0,0.0,0.75,88,0.06174657493829727,0.9421338155515371
bbh+gpqa+ifeval+math+musr,0.05,1.0,0.0,0.0,0.75,89,0.06200159341096878,0.9520795660036167
bbh+gpqa+ifeval+math+musr,0.05,1.0,0.0,0.0,0.75,90,0.061761897057294846,0.9480108499095841
bbh+gpqa+ifeval+math+musr,0.05,1.0,0.0,0.0,0.75,91,0.06196855008602142,0.9416817359855334
bbh+gpqa+ifeval+math+musr,0.05,1.0,0.0,0.0,0.75,92,0.06184149906039238,0.9416817359855334
bbh+gpqa+ifeval+math+musr,0.05,1.0,0.0,0.0,0.75,93,0.06199828162789345,0.9434900542495479
bbh+gpqa+ifeval+math+musr,0.05,1.0,0.0,0.0,0.75,94,0.0618484690785408,0.9484629294755876
bbh+gpqa+ifeval+math+musr,0.05,1.0,0.0,0.0,0.75,95,0.06180735304951668,0.9462025316455696
bbh+gpqa+ifeval+math+musr,0.05,1.0,0.0,0.0,0.75,96,0.06181822717189789,0.9502712477396021
bbh+gpqa+ifeval+math+musr,0.05,1.0,0.0,0.0,0.75,97,0.061865244060754776,0.9484629294755876
bbh+gpqa+ifeval+math+musr,0.05,1.0,0.0,0.0,0.75,98,0.061726514250040054,0.9471066907775768
bbh+gpqa+ifeval+math+musr,0.05,1.0,0.0,0.0,0.75,99,0.0618460476398468,0.9475587703435805
bbh+gpqa+ifeval+math+musr,0.075,1.0,0.0,0.0,0.75,0,0.048081934452056885,0.9448462929475587
bbh+gpqa+ifeval+math+musr,0.075,1.0,0.0,0.0,0.75,1,0.048078753054142,0.9480108499095841
bbh+gpqa+ifeval+math+musr,0.075,1.0,0.0,0.0,0.75,2,0.048050086945295334,0.9484629294755876
bbh+gpqa+ifeval+math+musr,0.075,1.0,0.0,0.0,0.75,3,0.048149820417165756,0.9484629294755876
bbh+gpqa+ifeval+math+musr,0.075,1.0,0.0,0.0,0.75,4,0.04807935655117035,0.9493670886075949
bbh+gpqa+ifeval+math+musr,0.075,1.0,0.0,0.0,0.75,5,0.04822023957967758,0.9543399638336347
bbh+gpqa+ifeval+math+musr,0.075,1.0,0.0,0.0,0.75,6,0.04815594106912613,0.9466546112115732
bbh+gpqa+ifeval+math+musr,0.075,1.0,0.0,0.0,0.75,7,0.04802129417657852,0.9385171790235081
bbh+gpqa+ifeval+math+musr,0.075,1.0,0.0,0.0,0.75,8,0.048034992069005966,0.9498191681735986
bbh+gpqa+ifeval+math+musr,0.075,1.0,0.0,0.0,0.75,9,0.048043422400951385,0.9525316455696202
bbh+gpqa+ifeval+math+musr,0.075,1.0,0.0,0.0,0.75,10,0.048165492713451385,0.9443942133815552
bbh+gpqa+ifeval+math+musr,0.075,1.0,0.0,0.0,0.75,11,0.04817940294742584,0.9493670886075949
bbh+gpqa+ifeval+math+musr,0.075,1.0,0.0,0.0,0.75,12,0.04816923290491104,0.9425858951175407
bbh+gpqa+ifeval+math+musr,0.075,1.0,0.0,0.0,0.75,13,0.048183951526880264,0.9547920433996383
bbh+gpqa+ifeval+math+musr,0.075,1.0,0.0,0.0,0.75,14,0.04810337349772453,0.9471066907775768
bbh+gpqa+ifeval+math+musr,0.075,1.0,0.0,0.0,0.75,15,0.048128433525562286,0.9493670886075949
bbh+gpqa+ifeval+math+musr,0.075,1.0,0.0,0.0,0.75,16,0.04818962886929512,0.9529837251356238
bbh+gpqa+ifeval+math+musr,0.075,1.0,0.0,0.0,0.75,17,0.04803861305117607,0.953887884267631
bbh+gpqa+ifeval+math+musr,0.075,1.0,0.0,0.0,0.75,18,0.04810141772031784,0.9484629294755876
bbh+gpqa+ifeval+math+musr,0.075,1.0,0.0,0.0,0.75,19,0.0481429286301136,0.939873417721519
bbh+gpqa+ifeval+math+musr,0.075,1.0,0.0,0.0,0.75,20,0.048143986612558365,0.9493670886075949
bbh+gpqa+ifeval+math+musr,0.075,1.0,0.0,0.0,0.75,21,0.048018500208854675,0.9547920433996383
bbh+gpqa+ifeval+math+musr,0.075,1.0,0.0,0.0,0.75,22,0.04809386655688286,0.9552441229656419
bbh+gpqa+ifeval+math+musr,0.075,1.0,0.0,0.0,0.75,23,0.04810328036546707,0.945750452079566
bbh+gpqa+ifeval+math+musr,0.075,1.0,0.0,0.0,0.75,24,0.048121269792318344,0.9525316455696202
bbh+gpqa+ifeval+math+musr,0.075,1.0,0.0,0.0,0.75,25,0.04807630553841591,0.9475587703435805
bbh+gpqa+ifeval+math+musr,0.075,1.0,0.0,0.0,0.75,26,0.048022955656051636,0.951627486437613
bbh+gpqa+ifeval+math+musr,0.075,1.0,0.0,0.0,0.75,27,0.04813700541853905,0.9511754068716094
bbh+gpqa+ifeval+math+musr,0.075,1.0,0.0,0.0,0.75,28,0.0481477715075016,0.9439421338155515
bbh+gpqa+ifeval+math+musr,0.075,1.0,0.0,0.0,0.75,29,0.04812317341566086,0.9430379746835442
bbh+gpqa+ifeval+math+musr,0.075,1.0,0.0,0.0,0.75,30,0.04807715490460396,0.9534358047016275
bbh+gpqa+ifeval+math+musr,0.075,1.0,0.0,0.0,0.75,31,0.04819183796644211,0.9493670886075949
bbh+gpqa+ifeval+math+musr,0.075,1.0,0.0,0.0,0.75,32,0.048079174011945724,0.9529837251356238
bbh+gpqa+ifeval+math+musr,0.075,1.0,0.0,0.0,0.75,33,0.0481589175760746,0.9520795660036167
bbh+gpqa+ifeval+math+musr,0.075,1.0,0.0,0.0,0.75,34,0.04818994551897049,0.951627486437613
bbh+gpqa+ifeval+math+musr,0.075,1.0,0.0,0.0,0.75,35,0.04807435721158981,0.9376130198915009
bbh+gpqa+ifeval+math+musr,0.075,1.0,0.0,0.0,0.75,36,0.048157889395952225,0.951627486437613
bbh+gpqa+ifeval+math+musr,0.075,1.0,0.0,0.0,0.75,37,0.04815230146050453,0.9425858951175407
bbh+gpqa+ifeval+math+musr,0.075,1.0,0.0,0.0,0.75,38,0.0480785109102726,0.9466546112115732
bbh+gpqa+ifeval+math+musr,0.075,1.0,0.0,0.0,0.75,39,0.0482083298265934,0.9480108499095841
bbh+gpqa+ifeval+math+musr,0.075,1.0,0.0,0.0,0.75,40,0.04811754450201988,0.953887884267631
bbh+gpqa+ifeval+math+musr,0.075,1.0,0.0,0.0,0.75,41,0.048038337379693985,0.9462025316455696
bbh+gpqa+ifeval+math+musr,0.075,1.0,0.0,0.0,0.75,42,0.048107974231243134,0.9462025316455696
bbh+gpqa+ifeval+math+musr,0.075,1.0,0.0,0.0,0.75,43,0.048068802803754807,0.9593128390596745
bbh+gpqa+ifeval+math+musr,0.075,1.0,0.0,0.0,0.75,44,0.04811101779341698,0.9462025316455696
bbh+gpqa+ifeval+math+musr,0.075,1.0,0.0,0.0,0.75,45,0.048078134655952454,0.9434900542495479
bbh+gpqa+ifeval+math+musr,0.075,1.0,0.0,0.0,0.75,46,0.048073478043079376,0.951627486437613
bbh+gpqa+ifeval+math+musr,0.075,1.0,0.0,0.0,0.75,47,0.0481267124414444,0.951627486437613
bbh+gpqa+ifeval+math+musr,0.075,1.0,0.0,0.0,0.75,48,0.048165399581193924,0.9511754068716094
bbh+gpqa+ifeval+math+musr,0.075,1.0,0.0,0.0,0.75,49,0.0481773316860199,0.9466546112115732
bbh+gpqa+ifeval+math+musr,0.075,1.0,0.0,0.0,0.75,50,0.048132650554180145,0.9475587703435805
bbh+gpqa+ifeval+math+musr,0.075,1.0,0.0,0.0,0.75,51,0.048232484608888626,0.9484629294755876
bbh+gpqa+ifeval+math+musr,0.075,1.0,0.0,0.0,0.75,52,0.048185303807258606,0.9443942133815552
bbh+gpqa+ifeval+math+musr,0.075,1.0,0.0,0.0,0.75,53,0.04816100373864174,0.945750452079566
bbh+gpqa+ifeval+math+musr,0.075,1.0,0.0,0.0,0.75,54,0.04808724671602249,0.9507233273056057
bbh+gpqa+ifeval+math+musr,0.075,1.0,0.0,0.0,0.75,55,0.04809477925300598,0.9471066907775768
bbh+gpqa+ifeval+math+musr,0.075,1.0,0.0,0.0,0.75,56,0.04810231924057007,0.9421338155515371
bbh+gpqa+ifeval+math+musr,0.075,1.0,0.0,0.0,0.75,57,0.04812907055020332,0.953887884267631
bbh+gpqa+ifeval+math+musr,0.075,1.0,0.0,0.0,0.75,58,0.04802877455949783,0.9529837251356238
bbh+gpqa+ifeval+math+musr,0.075,1.0,0.0,0.0,0.75,59,0.04808603227138519,0.9489150090415913
bbh+gpqa+ifeval+math+musr,0.075,1.0,0.0,0.0,0.75,60,0.04816780984401703,0.9480108499095841
bbh+gpqa+ifeval+math+musr,0.075,1.0,0.0,0.0,0.75,61,0.04814507067203522,0.9489150090415913
bbh+gpqa+ifeval+math+musr,0.075,1.0,0.0,0.0,0.75,62,0.048138972371816635,0.9552441229656419
bbh+gpqa+ifeval+math+musr,0.075,1.0,0.0,0.0,0.75,63,0.04811045154929161,0.9502712477396021
bbh+gpqa+ifeval+math+musr,0.075,1.0,0.0,0.0,0.75,64,0.048147428780794144,0.9525316455696202
bbh+gpqa+ifeval+math+musr,0.075,1.0,0.0,0.0,0.75,65,0.0481613464653492,0.9430379746835442
bbh+gpqa+ifeval+math+musr,0.075,1.0,0.0,0.0,0.75,66,0.048097897320985794,0.9511754068716094
bbh+gpqa+ifeval+math+musr,0.075,1.0,0.0,0.0,0.75,67,0.0481872484087944,0.9507233273056057
bbh+gpqa+ifeval+math+musr,0.075,1.0,0.0,0.0,0.75,68,0.04816736653447151,0.9480108499095841
bbh+gpqa+ifeval+math+musr,0.075,1.0,0.0,0.0,0.75,69,0.04811066761612892,0.9511754068716094
bbh+gpqa+ifeval+math+musr,0.075,1.0,0.0,0.0,0.75,70,0.04813326522707939,0.9480108499095841
bbh+gpqa+ifeval+math+musr,0.075,1.0,0.0,0.0,0.75,71,0.04804839566349983,0.9489150090415913
bbh+gpqa+ifeval+math+musr,0.075,1.0,0.0,0.0,0.75,72,0.04814154654741287,0.9552441229656419
bbh+gpqa+ifeval+math+musr,0.075,1.0,0.0,0.0,0.75,73,0.04814760386943817,0.9462025316455696
bbh+gpqa+ifeval+math+musr,0.075,1.0,0.0,0.0,0.75,74,0.04810189828276634,0.9403254972875226
bbh+gpqa+ifeval+math+musr,0.075,1.0,0.0,0.0,0.75,75,0.04806855320930481,0.951627486437613
bbh+gpqa+ifeval+math+musr,0.075,1.0,0.0,0.0,0.75,76,0.048051197081804276,0.9443942133815552
bbh+gpqa+ifeval+math+musr,0.075,1.0,0.0,0.0,0.75,77,0.048151180148124695,0.9434900542495479
bbh+gpqa+ifeval+math+musr,0.075,1.0,0.0,0.0,0.75,78,0.04807261377573013,0.9425858951175407
bbh+gpqa+ifeval+math+musr,0.075,1.0,0.0,0.0,0.75,79,0.048195451498031616,0.9493670886075949
bbh+gpqa+ifeval+math+musr,0.075,1.0,0.0,0.0,0.75,80,0.0481916107237339,0.945750452079566
bbh+gpqa+ifeval+math+musr,0.075,1.0,0.0,0.0,0.75,81,0.048003364354372025,0.95750452079566
bbh+gpqa+ifeval+math+musr,0.075,1.0,0.0,0.0,0.75,82,0.04815253987908363,0.9597649186256781
bbh+gpqa+ifeval+math+musr,0.075,1.0,0.0,0.0,0.75,83,0.048000190407037735,0.9394213381555153
bbh+gpqa+ifeval+math+musr,0.075,1.0,0.0,0.0,0.75,84,0.048181261867284775,0.9498191681735986
bbh+gpqa+ifeval+math+musr,0.075,1.0,0.0,0.0,0.75,85,0.04808786138892174,0.9534358047016275
bbh+gpqa+ifeval+math+musr,0.075,1.0,0.0,0.0,0.75,86,0.04806467890739441,0.9489150090415913
bbh+gpqa+ifeval+math+musr,0.075,1.0,0.0,0.0,0.75,87,0.04816357046365738,0.9498191681735986
bbh+gpqa+ifeval+math+musr,0.075,1.0,0.0,0.0,0.75,88,0.048073846846818924,0.9475587703435805
bbh+gpqa+ifeval+math+musr,0.075,1.0,0.0,0.0,0.75,89,0.0482182502746582,0.9520795660036167
bbh+gpqa+ifeval+math+musr,0.075,1.0,0.0,0.0,0.75,90,0.04806598648428917,0.9484629294755876
bbh+gpqa+ifeval+math+musr,0.075,1.0,0.0,0.0,0.75,91,0.048169609159231186,0.9489150090415913
bbh+gpqa+ifeval+math+musr,0.075,1.0,0.0,0.0,0.75,92,0.04811327904462814,0.9475587703435805
bbh+gpqa+ifeval+math+musr,0.075,1.0,0.0,0.0,0.75,93,0.04820892587304115,0.9425858951175407
bbh+gpqa+ifeval+math+musr,0.075,1.0,0.0,0.0,0.75,94,0.04814954847097397,0.9493670886075949
bbh+gpqa+ifeval+math+musr,0.075,1.0,0.0,0.0,0.75,95,0.04814835265278816,0.9452983725135623
bbh+gpqa+ifeval+math+musr,0.075,1.0,0.0,0.0,0.75,96,0.04812399670481682,0.9534358047016275
bbh+gpqa+ifeval+math+musr,0.075,1.0,0.0,0.0,0.75,97,0.04816953465342522,0.9489150090415913
bbh+gpqa+ifeval+math+musr,0.075,1.0,0.0,0.0,0.75,98,0.04806891828775406,0.9462025316455696
bbh+gpqa+ifeval+math+musr,0.075,1.0,0.0,0.0,0.75,99,0.04813578724861145,0.9498191681735986
bbh+gpqa+ifeval+math+musr,0.1,1.0,0.0,0.0,0.75,0,0.040367186069488525,0.9448462929475587
bbh+gpqa+ifeval+math+musr,0.1,1.0,0.0,0.0,0.75,1,0.04036281630396843,0.9407775768535261
bbh+gpqa+ifeval+math+musr,0.1,1.0,0.0,0.0,0.75,2,0.04033081978559494,0.9475587703435805
bbh+gpqa+ifeval+math+musr,0.1,1.0,0.0,0.0,0.75,3,0.04041968286037445,0.9475587703435805
bbh+gpqa+ifeval+math+musr,0.1,1.0,0.0,0.0,0.75,4,0.04037949815392494,0.9434900542495479
bbh+gpqa+ifeval+math+musr,0.1,1.0,0.0,0.0,0.75,5,0.040482841432094574,0.953887884267631
bbh+gpqa+ifeval+math+musr,0.1,1.0,0.0,0.0,0.75,6,0.04042354226112366,0.9493670886075949
bbh+gpqa+ifeval+math+musr,0.1,1.0,0.0,0.0,0.75,7,0.040335990488529205,0.9466546112115732
bbh+gpqa+ifeval+math+musr,0.1,1.0,0.0,0.0,0.75,8,0.04034609720110893,0.9552441229656419
bbh+gpqa+ifeval+math+musr,0.1,1.0,0.0,0.0,0.75,9,0.04034774750471115,0.951627486437613
bbh+gpqa+ifeval+math+musr,0.1,1.0,0.0,0.0,0.75,10,0.04041047394275665,0.9475587703435805
bbh+gpqa+ifeval+math+musr,0.1,1.0,0.0,0.0,0.75,11,0.04045757278800011,0.9434900542495479
bbh+gpqa+ifeval+math+musr,0.1,1.0,0.0,0.0,0.75,12,0.04043715447187424,0.9498191681735986
bbh+gpqa+ifeval+math+musr,0.1,1.0,0.0,0.0,0.75,13,0.0404362715780735,0.9525316455696202
bbh+gpqa+ifeval+math+musr,0.1,1.0,0.0,0.0,0.75,14,0.04037858545780182,0.9484629294755876
bbh+gpqa+ifeval+math+musr,0.1,1.0,0.0,0.0,0.75,15,0.04039788618683815,0.9602169981916817
bbh+gpqa+ifeval+math+musr,0.1,1.0,0.0,0.0,0.75,16,0.04042498767375946,0.939873417721519
bbh+gpqa+ifeval+math+musr,0.1,1.0,0.0,0.0,0.75,17,0.04031572490930557,0.9430379746835442
bbh+gpqa+ifeval+math+musr,0.1,1.0,0.0,0.0,0.75,18,0.04036768525838852,0.9493670886075949
bbh+gpqa+ifeval+math+musr,0.1,1.0,0.0,0.0,0.75,19,0.0403955914080143,0.9430379746835442
bbh+gpqa+ifeval+math+musr,0.1,1.0,0.0,0.0,0.75,20,0.04038265347480774,0.9466546112115732
bbh+gpqa+ifeval+math+musr,0.1,1.0,0.0,0.0,0.75,21,0.040320247411727905,0.9534358047016275
bbh+gpqa+ifeval+math+musr,0.1,1.0,0.0,0.0,0.75,22,0.04037243872880936,0.9480108499095841
bbh+gpqa+ifeval+math+musr,0.1,1.0,0.0,0.0,0.75,23,0.04039572551846504,0.9412296564195298
bbh+gpqa+ifeval+math+musr,0.1,1.0,0.0,0.0,0.75,24,0.04038567841053009,0.9529837251356238
bbh+gpqa+ifeval+math+musr,0.1,1.0,0.0,0.0,0.75,25,0.040344949811697006,0.9403254972875226
bbh+gpqa+ifeval+math+musr,0.1,1.0,0.0,0.0,0.75,26,0.04033878818154335,0.9502712477396021
bbh+gpqa+ifeval+math+musr,0.1,1.0,0.0,0.0,0.75,27,0.040398240089416504,0.9475587703435805
bbh+gpqa+ifeval+math+musr,0.1,1.0,0.0,0.0,0.75,28,0.040405791252851486,0.9452983725135623
bbh+gpqa+ifeval+math+musr,0.1,1.0,0.0,0.0,0.75,29,0.04040752351284027,0.9394213381555153
bbh+gpqa+ifeval+math+musr,0.1,1.0,0.0,0.0,0.75,30,0.04036297649145126,0.9566003616636528
bbh+gpqa+ifeval+math+musr,0.1,1.0,0.0,0.0,0.75,31,0.04044721648097038,0.9489150090415913
bbh+gpqa+ifeval+math+musr,0.1,1.0,0.0,0.0,0.75,32,0.04036432504653931,0.9556962025316456
bbh+gpqa+ifeval+math+musr,0.1,1.0,0.0,0.0,0.75,33,0.04044094681739807,0.9507233273056057
bbh+gpqa+ifeval+math+musr,0.1,1.0,0.0,0.0,0.75,34,0.040414534509181976,0.9448462929475587
bbh+gpqa+ifeval+math+musr,0.1,1.0,0.0,0.0,0.75,35,0.04036242887377739,0.9507233273056057
bbh+gpqa+ifeval+math+musr,0.1,1.0,0.0,0.0,0.75,36,0.040421292185783386,0.9525316455696202
bbh+gpqa+ifeval+math+musr,0.1,1.0,0.0,0.0,0.75,37,0.040403928607702255,0.9493670886075949
bbh+gpqa+ifeval+math+musr,0.1,1.0,0.0,0.0,0.75,38,0.04037660360336304,0.9439421338155515
bbh+gpqa+ifeval+math+musr,0.1,1.0,0.0,0.0,0.75,39,0.04045906662940979,0.9511754068716094
bbh+gpqa+ifeval+math+musr,0.1,1.0,0.0,0.0,0.75,40,0.04037361592054367,0.951627486437613
bbh+gpqa+ifeval+math+musr,0.1,1.0,0.0,0.0,0.75,41,0.04033149778842926,0.9462025316455696
bbh+gpqa+ifeval+math+musr,0.1,1.0,0.0,0.0,0.75,42,0.04038827866315842,0.9520795660036167
bbh+gpqa+ifeval+math+musr,0.1,1.0,0.0,0.0,0.75,43,0.04038161411881447,0.9525316455696202
bbh+gpqa+ifeval+math+musr,0.1,1.0,0.0,0.0,0.75,44,0.040393903851509094,0.9520795660036167
bbh+gpqa+ifeval+math+musr,0.1,1.0,0.0,0.0,0.75,45,0.04034687578678131,0.9507233273056057
bbh+gpqa+ifeval+math+musr,0.1,1.0,0.0,0.0,0.75,46,0.04036060348153114,0.9543399638336347
bbh+gpqa+ifeval+math+musr,0.1,1.0,0.0,0.0,0.75,47,0.04039515554904938,0.9498191681735986
bbh+gpqa+ifeval+math+musr,0.1,1.0,0.0,0.0,0.75,48,0.04042871296405792,0.9584086799276672
bbh+gpqa+ifeval+math+musr,0.1,1.0,0.0,0.0,0.75,49,0.04044001176953316,0.9462025316455696
bbh+gpqa+ifeval+math+musr,0.1,1.0,0.0,0.0,0.75,50,0.04041551798582077,0.9511754068716094
bbh+gpqa+ifeval+math+musr,0.1,1.0,0.0,0.0,0.75,51,0.04048411548137665,0.9507233273056057
bbh+gpqa+ifeval+math+musr,0.1,1.0,0.0,0.0,0.75,52,0.04044734314084053,0.9439421338155515
bbh+gpqa+ifeval+math+musr,0.1,1.0,0.0,0.0,0.75,53,0.04039144515991211,0.9448462929475587
bbh+gpqa+ifeval+math+musr,0.1,1.0,0.0,0.0,0.75,54,0.04036689177155495,0.9434900542495479
bbh+gpqa+ifeval+math+musr,0.1,1.0,0.0,0.0,0.75,55,0.04039726406335831,0.9489150090415913
bbh+gpqa+ifeval+math+musr,0.1,1.0,0.0,0.0,0.75,56,0.040394190698862076,0.9425858951175407
bbh+gpqa+ifeval+math+musr,0.1,1.0,0.0,0.0,0.75,57,0.04040000960230827,0.9543399638336347
bbh+gpqa+ifeval+math+musr,0.1,1.0,0.0,0.0,0.75,58,0.04031618312001228,0.9421338155515371
bbh+gpqa+ifeval+math+musr,0.1,1.0,0.0,0.0,0.75,59,0.040356654673814774,0.953887884267631
bbh+gpqa+ifeval+math+musr,0.1,1.0,0.0,0.0,0.75,60,0.040433675050735474,0.9466546112115732
bbh+gpqa+ifeval+math+musr,0.1,1.0,0.0,0.0,0.75,61,0.040396906435489655,0.9511754068716094
bbh+gpqa+ifeval+math+musr,0.1,1.0,0.0,0.0,0.75,62,0.040386877954006195,0.9475587703435805
bbh+gpqa+ifeval+math+musr,0.1,1.0,0.0,0.0,0.75,63,0.04035698622465134,0.951627486437613
bbh+gpqa+ifeval+math+musr,0.1,1.0,0.0,0.0,0.75,64,0.04040783271193504,0.9511754068716094
bbh+gpqa+ifeval+math+musr,0.1,1.0,0.0,0.0,0.75,65,0.04041709750890732,0.9466546112115732
bbh+gpqa+ifeval+math+musr,0.1,1.0,0.0,0.0,0.75,66,0.040382254868745804,0.9430379746835442
bbh+gpqa+ifeval+math+musr,0.1,1.0,0.0,0.0,0.75,67,0.04043721407651901,0.9534358047016275
bbh+gpqa+ifeval+math+musr,0.1,1.0,0.0,0.0,0.75,68,0.040437351912260056,0.9484629294755876
bbh+gpqa+ifeval+math+musr,0.1,1.0,0.0,0.0,0.75,69,0.04039020091295242,0.9543399638336347
bbh+gpqa+ifeval+math+musr,0.1,1.0,0.0,0.0,0.75,70,0.04040806367993355,0.9498191681735986
bbh+gpqa+ifeval+math+musr,0.1,1.0,0.0,0.0,0.75,71,0.04033755511045456,0.9552441229656419
bbh+gpqa+ifeval+math+musr,0.1,1.0,0.0,0.0,0.75,72,0.04039587080478668,0.9534358047016275
bbh+gpqa+ifeval+math+musr,0.1,1.0,0.0,0.0,0.75,73,0.040412984788417816,0.9430379746835442
bbh+gpqa+ifeval+math+musr,0.1,1.0,0.0,0.0,0.75,74,0.040367331355810165,0.9480108499095841
bbh+gpqa+ifeval+math+musr,0.1,1.0,0.0,0.0,0.75,75,0.040368616580963135,0.9584086799276672
bbh+gpqa+ifeval+math+musr,0.1,1.0,0.0,0.0,0.75,76,0.040337540209293365,0.9452983725135623
bbh+gpqa+ifeval+math+musr,0.1,1.0,0.0,0.0,0.75,77,0.040416765958070755,0.9443942133815552
bbh+gpqa+ifeval+math+musr,0.1,1.0,0.0,0.0,0.75,78,0.04034226015210152,0.9389692585895117
bbh+gpqa+ifeval+math+musr,0.1,1.0,0.0,0.0,0.75,79,0.04044347256422043,0.9511754068716094
bbh+gpqa+ifeval+math+musr,0.1,1.0,0.0,0.0,0.75,80,0.04044806584715843,0.9498191681735986
bbh+gpqa+ifeval+math+musr,0.1,1.0,0.0,0.0,0.75,81,0.04030681028962135,0.9552441229656419
bbh+gpqa+ifeval+math+musr,0.1,1.0,0.0,0.0,0.75,82,0.040431465953588486,0.9566003616636528
bbh+gpqa+ifeval+math+musr,0.1,1.0,0.0,0.0,0.75,83,0.04031135514378548,0.9471066907775768
bbh+gpqa+ifeval+math+musr,0.1,1.0,0.0,0.0,0.75,84,0.04044193774461746,0.9597649186256781
bbh+gpqa+ifeval+math+musr,0.1,1.0,0.0,0.0,0.75,85,0.04036135599017143,0.9561482820976491
bbh+gpqa+ifeval+math+musr,0.1,1.0,0.0,0.0,0.75,86,0.040352482348680496,0.951627486437613
bbh+gpqa+ifeval+math+musr,0.1,1.0,0.0,0.0,0.75,87,0.04042418301105499,0.9511754068716094
bbh+gpqa+ifeval+math+musr,0.1,1.0,0.0,0.0,0.75,88,0.0403682142496109,0.9484629294755876
bbh+gpqa+ifeval+math+musr,0.1,1.0,0.0,0.0,0.75,89,0.040474485605955124,0.951627486437613
bbh+gpqa+ifeval+math+musr,0.1,1.0,0.0,0.0,0.75,90,0.04034408926963806,0.945750452079566
bbh+gpqa+ifeval+math+musr,0.1,1.0,0.0,0.0,0.75,91,0.040439408272504807,0.9462025316455696
bbh+gpqa+ifeval+math+musr,0.1,1.0,0.0,0.0,0.75,92,0.040398210287094116,0.9434900542495479
bbh+gpqa+ifeval+math+musr,0.1,1.0,0.0,0.0,0.75,93,0.04045459255576134,0.9493670886075949
bbh+gpqa+ifeval+math+musr,0.1,1.0,0.0,0.0,0.75,94,0.040404245257377625,0.9466546112115732
bbh+gpqa+ifeval+math+musr,0.1,1.0,0.0,0.0,0.75,95,0.04039521515369415,0.9421338155515371
bbh+gpqa+ifeval+math+musr,0.1,1.0,0.0,0.0,0.75,96,0.04037972167134285,0.9493670886075949
bbh+gpqa+ifeval+math+musr,0.1,1.0,0.0,0.0,0.75,97,0.040443215519189835,0.9443942133815552
bbh+gpqa+ifeval+math+musr,0.1,1.0,0.0,0.0,0.75,98,0.0403607115149498,0.9534358047016275
bbh+gpqa+ifeval+math+musr,0.1,1.0,0.0,0.0,0.75,99,0.04041606932878494,0.9534358047016275
bbh+gpqa+ifeval+math+musr,0.125,1.0,0.0,0.0,0.75,0,0.035306576639413834,0.9493670886075949
bbh+gpqa+ifeval+math+musr,0.125,1.0,0.0,0.0,0.75,1,0.035307660698890686,0.9462025316455696
bbh+gpqa+ifeval+math+musr,0.125,1.0,0.0,0.0,0.75,2,0.0352696068584919,0.9466546112115732
bbh+gpqa+ifeval+math+musr,0.125,1.0,0.0,0.0,0.75,3,0.03533851355314255,0.9416817359855334
bbh+gpqa+ifeval+math+musr,0.125,1.0,0.0,0.0,0.75,4,0.03531823679804802,0.9480108499095841
bbh+gpqa+ifeval+math+musr,0.125,1.0,0.0,0.0,0.75,5,0.03538697585463524,0.9511754068716094
bbh+gpqa+ifeval+math+musr,0.125,1.0,0.0,0.0,0.75,6,0.03535092994570732,0.9507233273056057
bbh+gpqa+ifeval+math+musr,0.125,1.0,0.0,0.0,0.75,7,0.035287100821733475,0.9448462929475587
bbh+gpqa+ifeval+math+musr,0.125,1.0,0.0,0.0,0.75,8,0.035288482904434204,0.9525316455696202
bbh+gpqa+ifeval+math+musr,0.125,1.0,0.0,0.0,0.75,9,0.03529100865125656,0.9556962025316456
bbh+gpqa+ifeval+math+musr,0.125,1.0,0.0,0.0,0.75,10,0.03533313423395157,0.9439421338155515
bbh+gpqa+ifeval+math+musr,0.125,1.0,0.0,0.0,0.75,11,0.03537571802735329,0.9534358047016275
bbh+gpqa+ifeval+math+musr,0.125,1.0,0.0,0.0,0.75,12,0.035355325788259506,0.9493670886075949
bbh+gpqa+ifeval+math+musr,0.125,1.0,0.0,0.0,0.75,13,0.03535614162683487,0.9462025316455696
bbh+gpqa+ifeval+math+musr,0.125,1.0,0.0,0.0,0.75,14,0.035304293036460876,0.9439421338155515
bbh+gpqa+ifeval+math+musr,0.125,1.0,0.0,0.0,0.75,15,0.0353221632540226,0.9507233273056057
bbh+gpqa+ifeval+math+musr,0.125,1.0,0.0,0.0,0.75,16,0.03534284606575966,0.9389692585895117
bbh+gpqa+ifeval+math+musr,0.125,1.0,0.0,0.0,0.75,17,0.03527585044503212,0.9439421338155515
bbh+gpqa+ifeval+math+musr,0.125,1.0,0.0,0.0,0.75,18,0.03529416024684906,0.9493670886075949
bbh+gpqa+ifeval+math+musr,0.125,1.0,0.0,0.0,0.75,19,0.035316936671733856,0.9489150090415913
bbh+gpqa+ifeval+math+musr,0.125,1.0,0.0,0.0,0.75,20,0.03531662002205849,0.945750452079566
bbh+gpqa+ifeval+math+musr,0.125,1.0,0.0,0.0,0.75,21,0.03526674211025238,0.9556962025316456
bbh+gpqa+ifeval+math+musr,0.125,1.0,0.0,0.0,0.75,22,0.035317156463861465,0.945750452079566
bbh+gpqa+ifeval+math+musr,0.125,1.0,0.0,0.0,0.75,23,0.03532179445028305,0.9498191681735986
bbh+gpqa+ifeval+math+musr,0.125,1.0,0.0,0.0,0.75,24,0.03531709313392639,0.9484629294755876
bbh+gpqa+ifeval+math+musr,0.125,1.0,0.0,0.0,0.75,25,0.035281695425510406,0.9493670886075949
bbh+gpqa+ifeval+math+musr,0.125,1.0,0.0,0.0,0.75,26,0.03526797518134117,0.945750452079566
bbh+gpqa+ifeval+math+musr,0.125,1.0,0.0,0.0,0.75,27,0.035322822630405426,0.953887884267631
bbh+gpqa+ifeval+math+musr,0.125,1.0,0.0,0.0,0.75,28,0.035332001745700836,0.9443942133815552
bbh+gpqa+ifeval+math+musr,0.125,1.0,0.0,0.0,0.75,29,0.03532959520816803,0.939873417721519
bbh+gpqa+ifeval+math+musr,0.125,1.0,0.0,0.0,0.75,30,0.035297926515340805,0.953887884267631
bbh+gpqa+ifeval+math+musr,0.125,1.0,0.0,0.0,0.75,31,0.03536022827029228,0.9511754068716094
bbh+gpqa+ifeval+math+musr,0.125,1.0,0.0,0.0,0.75,32,0.03529628366231918,0.9552441229656419
bbh+gpqa+ifeval+math+musr,0.125,1.0,0.0,0.0,0.75,33,0.03534950315952301,0.9498191681735986
bbh+gpqa+ifeval+math+musr,0.125,1.0,0.0,0.0,0.75,34,0.035338155925273895,0.9511754068716094
bbh+gpqa+ifeval+math+musr,0.125,1.0,0.0,0.0,0.75,35,0.03529839590191841,0.9520795660036167
bbh+gpqa+ifeval+math+musr,0.125,1.0,0.0,0.0,0.75,36,0.03532979637384415,0.953887884267631
bbh+gpqa+ifeval+math+musr,0.125,1.0,0.0,0.0,0.75,37,0.03533213585615158,0.9448462929475587
bbh+gpqa+ifeval+math+musr,0.125,1.0,0.0,0.0,0.75,38,0.0353095568716526,0.9489150090415913
bbh+gpqa+ifeval+math+musr,0.125,1.0,0.0,0.0,0.75,39,0.03536561131477356,0.9570524412296564
bbh+gpqa+ifeval+math+musr,0.125,1.0,0.0,0.0,0.75,40,0.03530649468302727,0.9552441229656419
bbh+gpqa+ifeval+math+musr,0.125,1.0,0.0,0.0,0.75,41,0.035281501710414886,0.93625678119349
bbh+gpqa+ifeval+math+musr,0.125,1.0,0.0,0.0,0.75,42,0.035308822989463806,0.9502712477396021
bbh+gpqa+ifeval+math+musr,0.125,1.0,0.0,0.0,0.75,43,0.0353151299059391,0.9525316455696202
bbh+gpqa+ifeval+math+musr,0.125,1.0,0.0,0.0,0.75,44,0.03532338887453079,0.9484629294755876
bbh+gpqa+ifeval+math+musr,0.125,1.0,0.0,0.0,0.75,45,0.03528418764472008,0.9489150090415913
bbh+gpqa+ifeval+math+musr,0.125,1.0,0.0,0.0,0.75,46,0.035295940935611725,0.9493670886075949
bbh+gpqa+ifeval+math+musr,0.125,1.0,0.0,0.0,0.75,47,0.035308171063661575,0.9507233273056057
bbh+gpqa+ifeval+math+musr,0.125,1.0,0.0,0.0,0.75,48,0.03533966839313507,0.9593128390596745
bbh+gpqa+ifeval+math+musr,0.125,1.0,0.0,0.0,0.75,49,0.03535289689898491,0.9520795660036167
bbh+gpqa+ifeval+math+musr,0.125,1.0,0.0,0.0,0.75,50,0.03533941134810448,0.9498191681735986
bbh+gpqa+ifeval+math+musr,0.125,1.0,0.0,0.0,0.75,51,0.03538641706109047,0.9502712477396021
bbh+gpqa+ifeval+math+musr,0.125,1.0,0.0,0.0,0.75,52,0.03536493331193924,0.9507233273056057
bbh+gpqa+ifeval+math+musr,0.125,1.0,0.0,0.0,0.75,53,0.03531859815120697,0.9448462929475587
bbh+gpqa+ifeval+math+musr,0.125,1.0,0.0,0.0,0.75,54,0.0353202149271965,0.9556962025316456
bbh+gpqa+ifeval+math+musr,0.125,1.0,0.0,0.0,0.75,55,0.03533295542001724,0.9462025316455696
bbh+gpqa+ifeval+math+musr,0.125,1.0,0.0,0.0,0.75,56,0.03530871868133545,0.939873417721519
bbh+gpqa+ifeval+math+musr,0.125,1.0,0.0,0.0,0.75,57,0.0353262759745121,0.9520795660036167
bbh+gpqa+ifeval+math+musr,0.125,1.0,0.0,0.0,0.75,58,0.03528834506869316,0.9498191681735986
bbh+gpqa+ifeval+math+musr,0.125,1.0,0.0,0.0,0.75,59,0.035302773118019104,0.9579566003616636
bbh+gpqa+ifeval+math+musr,0.125,1.0,0.0,0.0,0.75,60,0.03534945473074913,0.9466546112115732
bbh+gpqa+ifeval+math+musr,0.125,1.0,0.0,0.0,0.75,61,0.03531784936785698,0.9511754068716094
bbh+gpqa+ifeval+math+musr,0.125,1.0,0.0,0.0,0.75,62,0.03530503064393997,0.9475587703435805
bbh+gpqa+ifeval+math+musr,0.125,1.0,0.0,0.0,0.75,63,0.035306986421346664,0.9525316455696202
bbh+gpqa+ifeval+math+musr,0.125,1.0,0.0,0.0,0.75,64,0.035333532840013504,0.9471066907775768
bbh+gpqa+ifeval+math+musr,0.125,1.0,0.0,0.0,0.75,65,0.03533459082245827,0.9475587703435805
bbh+gpqa+ifeval+math+musr,0.125,1.0,0.0,0.0,0.75,66,0.035314109176397324,0.9416817359855334
bbh+gpqa+ifeval+math+musr,0.125,1.0,0.0,0.0,0.75,67,0.03535199910402298,0.9570524412296564
bbh+gpqa+ifeval+math+musr,0.125,1.0,0.0,0.0,0.75,68,0.03534991666674614,0.945750452079566
bbh+gpqa+ifeval+math+musr,0.125,1.0,0.0,0.0,0.75,69,0.03532670438289642,0.951627486437613
bbh+gpqa+ifeval+math+musr,0.125,1.0,0.0,0.0,0.75,70,0.035326793789863586,0.9511754068716094
bbh+gpqa+ifeval+math+musr,0.125,1.0,0.0,0.0,0.75,71,0.035273727029561996,0.9507233273056057
bbh+gpqa+ifeval+math+musr,0.125,1.0,0.0,0.0,0.75,72,0.035336174070835114,0.951627486437613
bbh+gpqa+ifeval+math+musr,0.125,1.0,0.0,0.0,0.75,73,0.03534862771630287,0.9475587703435805
bbh+gpqa+ifeval+math+musr,0.125,1.0,0.0,0.0,0.75,74,0.03528521955013275,0.9471066907775768
bbh+gpqa+ifeval+math+musr,0.125,1.0,0.0,0.0,0.75,75,0.035302530974149704,0.9520795660036167
bbh+gpqa+ifeval+math+musr,0.125,1.0,0.0,0.0,0.75,76,0.035281356424093246,0.9439421338155515
bbh+gpqa+ifeval+math+musr,0.125,1.0,0.0,0.0,0.75,77,0.035334374755620956,0.9543399638336347
bbh+gpqa+ifeval+math+musr,0.125,1.0,0.0,0.0,0.75,78,0.03527892753481865,0.9452983725135623
bbh+gpqa+ifeval+math+musr,0.125,1.0,0.0,0.0,0.75,79,0.035356104373931885,0.9570524412296564
bbh+gpqa+ifeval+math+musr,0.125,1.0,0.0,0.0,0.75,80,0.03536472097039223,0.951627486437613
bbh+gpqa+ifeval+math+musr,0.125,1.0,0.0,0.0,0.75,81,0.0352650061249733,0.9602169981916817
bbh+gpqa+ifeval+math+musr,0.125,1.0,0.0,0.0,0.75,82,0.03535450994968414,0.9566003616636528
bbh+gpqa+ifeval+math+musr,0.125,1.0,0.0,0.0,0.75,83,0.035260047763586044,0.9425858951175407
bbh+gpqa+ifeval+math+musr,0.125,1.0,0.0,0.0,0.75,84,0.035354241728782654,0.9579566003616636
bbh+gpqa+ifeval+math+musr,0.125,1.0,0.0,0.0,0.75,85,0.03527993708848953,0.9561482820976491
bbh+gpqa+ifeval+math+musr,0.125,1.0,0.0,0.0,0.75,86,0.035312797874212265,0.9471066907775768
bbh+gpqa+ifeval+math+musr,0.125,1.0,0.0,0.0,0.75,87,0.035342026501894,0.9475587703435805
bbh+gpqa+ifeval+math+musr,0.125,1.0,0.0,0.0,0.75,88,0.03529835492372513,0.9489150090415913
bbh+gpqa+ifeval+math+musr,0.125,1.0,0.0,0.0,0.75,89,0.035384539514780045,0.9552441229656419
bbh+gpqa+ifeval+math+musr,0.125,1.0,0.0,0.0,0.75,90,0.03528628498315811,0.9484629294755876
bbh+gpqa+ifeval+math+musr,0.125,1.0,0.0,0.0,0.75,91,0.035349827259778976,0.9452983725135623
bbh+gpqa+ifeval+math+musr,0.125,1.0,0.0,0.0,0.75,92,0.03532583266496658,0.9416817359855334
bbh+gpqa+ifeval+math+musr,0.125,1.0,0.0,0.0,0.75,93,0.035377584397792816,0.9439421338155515
bbh+gpqa+ifeval+math+musr,0.125,1.0,0.0,0.0,0.75,94,0.03532521426677704,0.9421338155515371
bbh+gpqa+ifeval+math+musr,0.125,1.0,0.0,0.0,0.75,95,0.03530515357851982,0.9443942133815552
bbh+gpqa+ifeval+math+musr,0.125,1.0,0.0,0.0,0.75,96,0.03530099615454674,0.9511754068716094
bbh+gpqa+ifeval+math+musr,0.125,1.0,0.0,0.0,0.75,97,0.03534506633877754,0.9493670886075949
bbh+gpqa+ifeval+math+musr,0.125,1.0,0.0,0.0,0.75,98,0.035291437059640884,0.9425858951175407
bbh+gpqa+ifeval+math+musr,0.125,1.0,0.0,0.0,0.75,99,0.0353286974132061,0.9570524412296564
bbh+gpqa+ifeval+math+musr,0.15,1.0,0.0,0.0,0.75,0,0.03166686370968819,0.9529837251356238
bbh+gpqa+ifeval+math+musr,0.15,1.0,0.0,0.0,0.75,1,0.03166867420077324,0.9412296564195298
bbh+gpqa+ifeval+math+musr,0.15,1.0,0.0,0.0,0.75,2,0.03163807466626167,0.9439421338155515
bbh+gpqa+ifeval+math+musr,0.15,1.0,0.0,0.0,0.75,3,0.03168538212776184,0.9439421338155515
bbh+gpqa+ifeval+math+musr,0.15,1.0,0.0,0.0,0.75,4,0.031682852655649185,0.9443942133815552
bbh+gpqa+ifeval+math+musr,0.15,1.0,0.0,0.0,0.75,5,0.03173697739839554,0.9552441229656419
bbh+gpqa+ifeval+math+musr,0.15,1.0,0.0,0.0,0.75,6,0.03169863298535347,0.9448462929475587
bbh+gpqa+ifeval+math+musr,0.15,1.0,0.0,0.0,0.75,7,0.03165602684020996,0.9475587703435805
bbh+gpqa+ifeval+math+musr,0.15,1.0,0.0,0.0,0.75,8,0.03165120631456375,0.9471066907775768
bbh+gpqa+ifeval+math+musr,0.15,1.0,0.0,0.0,0.75,9,0.03165484219789505,0.9597649186256781
bbh+gpqa+ifeval+math+musr,0.15,1.0,0.0,0.0,0.75,10,0.03168940171599388,0.9425858951175407
bbh+gpqa+ifeval+math+musr,0.15,1.0,0.0,0.0,0.75,11,0.031726494431495667,0.9498191681735986
bbh+gpqa+ifeval+math+musr,0.15,1.0,0.0,0.0,0.75,12,0.031708355993032455,0.9507233273056057
bbh+gpqa+ifeval+math+musr,0.15,1.0,0.0,0.0,0.75,13,0.03170955181121826,0.9475587703435805
bbh+gpqa+ifeval+math+musr,0.15,1.0,0.0,0.0,0.75,14,0.03166404739022255,0.9416817359855334
bbh+gpqa+ifeval+math+musr,0.15,1.0,0.0,0.0,0.75,15,0.031669508665800095,0.9511754068716094
bbh+gpqa+ifeval+math+musr,0.15,1.0,0.0,0.0,0.75,16,0.03170183300971985,0.9430379746835442
bbh+gpqa+ifeval+math+musr,0.15,1.0,0.0,0.0,0.75,17,0.03163943812251091,0.9466546112115732
bbh+gpqa+ifeval+math+musr,0.15,1.0,0.0,0.0,0.75,18,0.031662717461586,0.9498191681735986
bbh+gpqa+ifeval+math+musr,0.15,1.0,0.0,0.0,0.75,19,0.031668905168771744,0.9511754068716094
bbh+gpqa+ifeval+math+musr,0.15,1.0,0.0,0.0,0.75,20,0.03167012333869934,0.9507233273056057
bbh+gpqa+ifeval+math+musr,0.15,1.0,0.0,0.0,0.75,21,0.031636953353881836,0.9529837251356238
bbh+gpqa+ifeval+math+musr,0.15,1.0,0.0,0.0,0.75,22,0.031671274453401566,0.9471066907775768
bbh+gpqa+ifeval+math+musr,0.15,1.0,0.0,0.0,0.75,23,0.03168024122714996,0.9547920433996383
bbh+gpqa+ifeval+math+musr,0.15,1.0,0.0,0.0,0.75,24,0.031670164316892624,0.9493670886075949
bbh+gpqa+ifeval+math+musr,0.15,1.0,0.0,0.0,0.75,25,0.03164754807949066,0.9525316455696202
bbh+gpqa+ifeval+math+musr,0.15,1.0,0.0,0.0,0.75,26,0.031627483665943146,0.9452983725135623
bbh+gpqa+ifeval+math+musr,0.15,1.0,0.0,0.0,0.75,27,0.03168126195669174,0.9471066907775768
bbh+gpqa+ifeval+math+musr,0.15,1.0,0.0,0.0,0.75,28,0.03167297691106796,0.9439421338155515
bbh+gpqa+ifeval+math+musr,0.15,1.0,0.0,0.0,0.75,29,0.031697727739810944,0.9425858951175407
bbh+gpqa+ifeval+math+musr,0.15,1.0,0.0,0.0,0.75,30,0.031662631779909134,0.9502712477396021
bbh+gpqa+ifeval+math+musr,0.15,1.0,0.0,0.0,0.75,31,0.03170930966734886,0.9543399638336347
bbh+gpqa+ifeval+math+musr,0.15,1.0,0.0,0.0,0.75,32,0.03166337311267853,0.9498191681735986
bbh+gpqa+ifeval+math+musr,0.15,1.0,0.0,0.0,0.75,33,0.03170759975910187,0.9448462929475587
bbh+gpqa+ifeval+math+musr,0.15,1.0,0.0,0.0,0.75,34,0.03169183060526848,0.9489150090415913
bbh+gpqa+ifeval+math+musr,0.15,1.0,0.0,0.0,0.75,35,0.031665582209825516,0.945750452079566
bbh+gpqa+ifeval+math+musr,0.15,1.0,0.0,0.0,0.75,36,0.03168850764632225,0.9561482820976491
bbh+gpqa+ifeval+math+musr,0.15,1.0,0.0,0.0,0.75,37,0.03168758004903793,0.9462025316455696
bbh+gpqa+ifeval+math+musr,0.15,1.0,0.0,0.0,0.75,38,0.03167146071791649,0.9489150090415913
bbh+gpqa+ifeval+math+musr,0.15,1.0,0.0,0.0,0.75,39,0.03172625973820686,0.9566003616636528
bbh+gpqa+ifeval+math+musr,0.15,1.0,0.0,0.0,0.75,40,0.03167114779353142,0.9566003616636528
bbh+gpqa+ifeval+math+musr,0.15,1.0,0.0,0.0,0.75,41,0.031650204211473465,0.9448462929475587
bbh+gpqa+ifeval+math+musr,0.15,1.0,0.0,0.0,0.75,42,0.03168730437755585,0.953887884267631
bbh+gpqa+ifeval+math+musr,0.15,1.0,0.0,0.0,0.75,43,0.031684454530477524,0.9448462929475587
bbh+gpqa+ifeval+math+musr,0.15,1.0,0.0,0.0,0.75,44,0.03168746083974838,0.9498191681735986
bbh+gpqa+ifeval+math+musr,0.15,1.0,0.0,0.0,0.75,45,0.03165486082434654,0.9439421338155515
bbh+gpqa+ifeval+math+musr,0.15,1.0,0.0,0.0,0.75,46,0.03167283907532692,0.9556962025316456
bbh+gpqa+ifeval+math+musr,0.15,1.0,0.0,0.0,0.75,47,0.031666312366724014,0.9480108499095841
bbh+gpqa+ifeval+math+musr,0.15,1.0,0.0,0.0,0.75,48,0.03170718625187874,0.9561482820976491
bbh+gpqa+ifeval+math+musr,0.15,1.0,0.0,0.0,0.75,49,0.031705792993307114,0.9502712477396021
bbh+gpqa+ifeval+math+musr,0.15,1.0,0.0,0.0,0.75,50,0.03169187530875206,0.9489150090415913
bbh+gpqa+ifeval+math+musr,0.15,1.0,0.0,0.0,0.75,51,0.03172757476568222,0.953887884267631
bbh+gpqa+ifeval+math+musr,0.15,1.0,0.0,0.0,0.75,52,0.031710509210824966,0.9452983725135623
bbh+gpqa+ifeval+math+musr,0.15,1.0,0.0,0.0,0.75,53,0.0316721610724926,0.9407775768535261
bbh+gpqa+ifeval+math+musr,0.15,1.0,0.0,0.0,0.75,54,0.03167928755283356,0.9502712477396021
bbh+gpqa+ifeval+math+musr,0.15,1.0,0.0,0.0,0.75,55,0.03168603405356407,0.9430379746835442
bbh+gpqa+ifeval+math+musr,0.15,1.0,0.0,0.0,0.75,56,0.03167479857802391,0.9443942133815552
bbh+gpqa+ifeval+math+musr,0.15,1.0,0.0,0.0,0.75,57,0.03168877214193344,0.953887884267631
bbh+gpqa+ifeval+math+musr,0.15,1.0,0.0,0.0,0.75,58,0.03166003152728081,0.9475587703435805
bbh+gpqa+ifeval+math+musr,0.15,1.0,0.0,0.0,0.75,59,0.0316668339073658,0.9525316455696202
bbh+gpqa+ifeval+math+musr,0.15,1.0,0.0,0.0,0.75,60,0.03171420842409134,0.9471066907775768
bbh+gpqa+ifeval+math+musr,0.15,1.0,0.0,0.0,0.75,61,0.0316799134016037,0.9480108499095841
bbh+gpqa+ifeval+math+musr,0.15,1.0,0.0,0.0,0.75,62,0.03167595714330673,0.9511754068716094
bbh+gpqa+ifeval+math+musr,0.15,1.0,0.0,0.0,0.75,63,0.031667742878198624,0.9484629294755876
bbh+gpqa+ifeval+math+musr,0.15,1.0,0.0,0.0,0.75,64,0.031689029186964035,0.9471066907775768
bbh+gpqa+ifeval+math+musr,0.15,1.0,0.0,0.0,0.75,65,0.03169654309749603,0.9475587703435805
bbh+gpqa+ifeval+math+musr,0.15,1.0,0.0,0.0,0.75,66,0.03167496249079704,0.9480108499095841
bbh+gpqa+ifeval+math+musr,0.15,1.0,0.0,0.0,0.75,67,0.031703125685453415,0.9552441229656419
bbh+gpqa+ifeval+math+musr,0.15,1.0,0.0,0.0,0.75,68,0.0316944383084774,0.9484629294755876
bbh+gpqa+ifeval+math+musr,0.15,1.0,0.0,0.0,0.75,69,0.03169170394539833,0.9466546112115732
bbh+gpqa+ifeval+math+musr,0.15,1.0,0.0,0.0,0.75,70,0.0316772386431694,0.9507233273056057
bbh+gpqa+ifeval+math+musr,0.15,1.0,0.0,0.0,0.75,71,0.03164791315793991,0.9502712477396021
bbh+gpqa+ifeval+math+musr,0.15,1.0,0.0,0.0,0.75,72,0.0316971056163311,0.9489150090415913
bbh+gpqa+ifeval+math+musr,0.15,1.0,0.0,0.0,0.75,73,0.03170418366789818,0.945750452079566
bbh+gpqa+ifeval+math+musr,0.15,1.0,0.0,0.0,0.75,74,0.03165049105882645,0.9480108499095841
bbh+gpqa+ifeval+math+musr,0.15,1.0,0.0,0.0,0.75,75,0.03166681155562401,0.9502712477396021
bbh+gpqa+ifeval+math+musr,0.15,1.0,0.0,0.0,0.75,76,0.03164397552609444,0.9448462929475587
bbh+gpqa+ifeval+math+musr,0.15,1.0,0.0,0.0,0.75,77,0.03168382868170738,0.9525316455696202
bbh+gpqa+ifeval+math+musr,0.15,1.0,0.0,0.0,0.75,78,0.031642913818359375,0.9502712477396021
bbh+gpqa+ifeval+math+musr,0.15,1.0,0.0,0.0,0.75,79,0.03170831874012947,0.9471066907775768
bbh+gpqa+ifeval+math+musr,0.15,1.0,0.0,0.0,0.75,80,0.031709350645542145,0.9543399638336347
bbh+gpqa+ifeval+math+musr,0.15,1.0,0.0,0.0,0.75,81,0.03163743019104004,0.9602169981916817
bbh+gpqa+ifeval+math+musr,0.15,1.0,0.0,0.0,0.75,82,0.031700633466243744,0.9642857142857143
bbh+gpqa+ifeval+math+musr,0.15,1.0,0.0,0.0,0.75,83,0.03163779526948929,0.9511754068716094
bbh+gpqa+ifeval+math+musr,0.15,1.0,0.0,0.0,0.75,84,0.03171418607234955,0.9520795660036167
bbh+gpqa+ifeval+math+musr,0.15,1.0,0.0,0.0,0.75,85,0.031640663743019104,0.9579566003616636
bbh+gpqa+ifeval+math+musr,0.15,1.0,0.0,0.0,0.75,86,0.03167233616113663,0.9452983725135623
bbh+gpqa+ifeval+math+musr,0.15,1.0,0.0,0.0,0.75,87,0.031697243452072144,0.9452983725135623
bbh+gpqa+ifeval+math+musr,0.15,1.0,0.0,0.0,0.75,88,0.03166317567229271,0.9511754068716094
bbh+gpqa+ifeval+math+musr,0.15,1.0,0.0,0.0,0.75,89,0.03172285482287407,0.9547920433996383
bbh+gpqa+ifeval+math+musr,0.15,1.0,0.0,0.0,0.75,90,0.03165613114833832,0.9529837251356238
bbh+gpqa+ifeval+math+musr,0.15,1.0,0.0,0.0,0.75,91,0.03170016407966614,0.9380650994575045
bbh+gpqa+ifeval+math+musr,0.15,1.0,0.0,0.0,0.75,92,0.031683359295129776,0.9462025316455696
bbh+gpqa+ifeval+math+musr,0.15,1.0,0.0,0.0,0.75,93,0.03173365071415901,0.9416817359855334
bbh+gpqa+ifeval+math+musr,0.15,1.0,0.0,0.0,0.75,94,0.031689178198575974,0.9434900542495479
bbh+gpqa+ifeval+math+musr,0.15,1.0,0.0,0.0,0.75,95,0.03166242316365242,0.9439421338155515
bbh+gpqa+ifeval+math+musr,0.15,1.0,0.0,0.0,0.75,96,0.031658340245485306,0.945750452079566
bbh+gpqa+ifeval+math+musr,0.15,1.0,0.0,0.0,0.75,97,0.03170245885848999,0.9452983725135623
bbh+gpqa+ifeval+math+musr,0.15,1.0,0.0,0.0,0.75,98,0.03166493773460388,0.9502712477396021
bbh+gpqa+ifeval+math+musr,0.15,1.0,0.0,0.0,0.75,99,0.031686026602983475,0.9529837251356238
bbh+gpqa+ifeval+math+musr,0.175,1.0,0.0,0.0,0.75,0,0.028924517333507538,0.9502712477396021
bbh+gpqa+ifeval+math+musr,0.175,1.0,0.0,0.0,0.75,1,0.02891836129128933,0.9493670886075949
bbh+gpqa+ifeval+math+musr,0.175,1.0,0.0,0.0,0.75,2,0.02891458198428154,0.9462025316455696
bbh+gpqa+ifeval+math+musr,0.175,1.0,0.0,0.0,0.75,3,0.028938453644514084,0.9475587703435805
bbh+gpqa+ifeval+math+musr,0.175,1.0,0.0,0.0,0.75,4,0.028936317190527916,0.9475587703435805
bbh+gpqa+ifeval+math+musr,0.175,1.0,0.0,0.0,0.75,5,0.02897660993039608,0.9471066907775768
bbh+gpqa+ifeval+math+musr,0.175,1.0,0.0,0.0,0.75,6,0.028946561738848686,0.9498191681735986
bbh+gpqa+ifeval+math+musr,0.175,1.0,0.0,0.0,0.75,7,0.02890685573220253,0.9349005424954792
bbh+gpqa+ifeval+math+musr,0.175,1.0,0.0,0.0,0.75,8,0.02890920080244541,0.9529837251356238
bbh+gpqa+ifeval+math+musr,0.175,1.0,0.0,0.0,0.75,9,0.02891320176422596,0.9584086799276672
bbh+gpqa+ifeval+math+musr,0.175,1.0,0.0,0.0,0.75,10,0.028935590758919716,0.945750452079566
bbh+gpqa+ifeval+math+musr,0.175,1.0,0.0,0.0,0.75,11,0.02897004224359989,0.9529837251356238
bbh+gpqa+ifeval+math+musr,0.175,1.0,0.0,0.0,0.75,12,0.02896011248230934,0.9502712477396021
bbh+gpqa+ifeval+math+musr,0.175,1.0,0.0,0.0,0.75,13,0.028963424265384674,0.9471066907775768
bbh+gpqa+ifeval+math+musr,0.175,1.0,0.0,0.0,0.75,14,0.02891528233885765,0.9416817359855334
bbh+gpqa+ifeval+math+musr,0.175,1.0,0.0,0.0,0.75,15,0.028923308476805687,0.951627486437613
bbh+gpqa+ifeval+math+musr,0.175,1.0,0.0,0.0,0.75,16,0.02894958294928074,0.9439421338155515
bbh+gpqa+ifeval+math+musr,0.175,1.0,0.0,0.0,0.75,17,0.028902120888233185,0.9443942133815552
bbh+gpqa+ifeval+math+musr,0.175,1.0,0.0,0.0,0.75,18,0.02892720140516758,0.9511754068716094
bbh+gpqa+ifeval+math+musr,0.175,1.0,0.0,0.0,0.75,19,0.028913946822285652,0.9502712477396021
bbh+gpqa+ifeval+math+musr,0.175,1.0,0.0,0.0,0.75,20,0.028921999037265778,0.9493670886075949
bbh+gpqa+ifeval+math+musr,0.175,1.0,0.0,0.0,0.75,21,0.028898129239678383,0.9520795660036167
bbh+gpqa+ifeval+math+musr,0.175,1.0,0.0,0.0,0.75,22,0.028927531093358994,0.9489150090415913
bbh+gpqa+ifeval+math+musr,0.175,1.0,0.0,0.0,0.75,23,0.02893649786710739,0.951627486437613
bbh+gpqa+ifeval+math+musr,0.175,1.0,0.0,0.0,0.75,24,0.028926722705364227,0.9543399638336347
bbh+gpqa+ifeval+math+musr,0.175,1.0,0.0,0.0,0.75,25,0.02890009805560112,0.9502712477396021
bbh+gpqa+ifeval+math+musr,0.175,1.0,0.0,0.0,0.75,26,0.02889419160783291,0.9466546112115732
bbh+gpqa+ifeval+math+musr,0.175,1.0,0.0,0.0,0.75,27,0.028930168598890305,0.9520795660036167
bbh+gpqa+ifeval+math+musr,0.175,1.0,0.0,0.0,0.75,28,0.02892865613102913,0.9462025316455696
bbh+gpqa+ifeval+math+musr,0.175,1.0,0.0,0.0,0.75,29,0.028956085443496704,0.9416817359855334
bbh+gpqa+ifeval+math+musr,0.175,1.0,0.0,0.0,0.75,30,0.028907814994454384,0.9507233273056057
bbh+gpqa+ifeval+math+musr,0.175,1.0,0.0,0.0,0.75,31,0.028960686177015305,0.9498191681735986
bbh+gpqa+ifeval+math+musr,0.175,1.0,0.0,0.0,0.75,32,0.02892649918794632,0.9493670886075949
bbh+gpqa+ifeval+math+musr,0.175,1.0,0.0,0.0,0.75,33,0.028956178575754166,0.9462025316455696
bbh+gpqa+ifeval+math+musr,0.175,1.0,0.0,0.0,0.75,34,0.028950020670890808,0.9484629294755876
bbh+gpqa+ifeval+math+musr,0.175,1.0,0.0,0.0,0.75,35,0.028923431411385536,0.9430379746835442
bbh+gpqa+ifeval+math+musr,0.175,1.0,0.0,0.0,0.75,36,0.028941426426172256,0.95750452079566
bbh+gpqa+ifeval+math+musr,0.175,1.0,0.0,0.0,0.75,37,0.028945399448275566,0.945750452079566
bbh+gpqa+ifeval+math+musr,0.175,1.0,0.0,0.0,0.75,38,0.028930427506566048,0.9507233273056057
bbh+gpqa+ifeval+math+musr,0.175,1.0,0.0,0.0,0.75,39,0.028971944004297256,0.9529837251356238
bbh+gpqa+ifeval+math+musr,0.175,1.0,0.0,0.0,0.75,40,0.028929278254508972,0.9584086799276672
bbh+gpqa+ifeval+math+musr,0.175,1.0,0.0,0.0,0.75,41,0.028909986838698387,0.945750452079566
bbh+gpqa+ifeval+math+musr,0.175,1.0,0.0,0.0,0.75,42,0.028938421979546547,0.9579566003616636
bbh+gpqa+ifeval+math+musr,0.175,1.0,0.0,0.0,0.75,43,0.02893993631005287,0.9480108499095841
bbh+gpqa+ifeval+math+musr,0.175,1.0,0.0,0.0,0.75,44,0.02894379198551178,0.9561482820976491
bbh+gpqa+ifeval+math+musr,0.175,1.0,0.0,0.0,0.75,45,0.028912127017974854,0.9425858951175407
bbh+gpqa+ifeval+math+musr,0.175,1.0,0.0,0.0,0.75,46,0.028927840292453766,0.953887884267631
bbh+gpqa+ifeval+math+musr,0.175,1.0,0.0,0.0,0.75,47,0.028925204649567604,0.9425858951175407
bbh+gpqa+ifeval+math+musr,0.175,1.0,0.0,0.0,0.75,48,0.02895350381731987,0.9543399638336347
bbh+gpqa+ifeval+math+musr,0.175,1.0,0.0,0.0,0.75,49,0.02895475924015045,0.9480108499095841
bbh+gpqa+ifeval+math+musr,0.175,1.0,0.0,0.0,0.75,50,0.028940187767148018,0.9434900542495479
bbh+gpqa+ifeval+math+musr,0.175,1.0,0.0,0.0,0.75,51,0.028961436823010445,0.9498191681735986
bbh+gpqa+ifeval+math+musr,0.175,1.0,0.0,0.0,0.75,52,0.028956077992916107,0.9480108499095841
bbh+gpqa+ifeval+math+musr,0.175,1.0,0.0,0.0,0.75,53,0.028925767168402672,0.9430379746835442
bbh+gpqa+ifeval+math+musr,0.175,1.0,0.0,0.0,0.75,54,0.028935782611370087,0.9507233273056057
bbh+gpqa+ifeval+math+musr,0.175,1.0,0.0,0.0,0.75,55,0.02893988788127899,0.9407775768535261
bbh+gpqa+ifeval+math+musr,0.175,1.0,0.0,0.0,0.75,56,0.02893093042075634,0.9466546112115732
bbh+gpqa+ifeval+math+musr,0.175,1.0,0.0,0.0,0.75,57,0.02894601970911026,0.9543399638336347
bbh+gpqa+ifeval+math+musr,0.175,1.0,0.0,0.0,0.75,58,0.028923356905579567,0.9498191681735986
bbh+gpqa+ifeval+math+musr,0.175,1.0,0.0,0.0,0.75,59,0.02892063744366169,0.9462025316455696
bbh+gpqa+ifeval+math+musr,0.175,1.0,0.0,0.0,0.75,60,0.028968770056962967,0.9466546112115732
bbh+gpqa+ifeval+math+musr,0.175,1.0,0.0,0.0,0.75,61,0.028932198882102966,0.9502712477396021
bbh+gpqa+ifeval+math+musr,0.175,1.0,0.0,0.0,0.75,62,0.028937149792909622,0.9552441229656419
bbh+gpqa+ifeval+math+musr,0.175,1.0,0.0,0.0,0.75,63,0.028926264494657516,0.9556962025316456
bbh+gpqa+ifeval+math+musr,0.175,1.0,0.0,0.0,0.75,64,0.028960824012756348,0.9556962025316456
bbh+gpqa+ifeval+math+musr,0.175,1.0,0.0,0.0,0.75,65,0.02894752472639084,0.9480108499095841
bbh+gpqa+ifeval+math+musr,0.175,1.0,0.0,0.0,0.75,66,0.028927067294716835,0.9480108499095841
bbh+gpqa+ifeval+math+musr,0.175,1.0,0.0,0.0,0.75,67,0.028953222557902336,0.9547920433996383
bbh+gpqa+ifeval+math+musr,0.175,1.0,0.0,0.0,0.75,68,0.028947647660970688,0.951627486437613
bbh+gpqa+ifeval+math+musr,0.175,1.0,0.0,0.0,0.75,69,0.02894311584532261,0.9443942133815552
bbh+gpqa+ifeval+math+musr,0.175,1.0,0.0,0.0,0.75,70,0.02892218343913555,0.9484629294755876
bbh+gpqa+ifeval+math+musr,0.175,1.0,0.0,0.0,0.75,71,0.028909970074892044,0.9547920433996383
bbh+gpqa+ifeval+math+musr,0.175,1.0,0.0,0.0,0.75,72,0.028943192213773727,0.9493670886075949
bbh+gpqa+ifeval+math+musr,0.175,1.0,0.0,0.0,0.75,73,0.02895866520702839,0.945750452079566
bbh+gpqa+ifeval+math+musr,0.175,1.0,0.0,0.0,0.75,74,0.028916915878653526,0.9498191681735986
bbh+gpqa+ifeval+math+musr,0.175,1.0,0.0,0.0,0.75,75,0.02893757075071335,0.9547920433996383
bbh+gpqa+ifeval+math+musr,0.175,1.0,0.0,0.0,0.75,76,0.02891411818563938,0.9520795660036167
bbh+gpqa+ifeval+math+musr,0.175,1.0,0.0,0.0,0.75,77,0.028934648260474205,0.9570524412296564
bbh+gpqa+ifeval+math+musr,0.175,1.0,0.0,0.0,0.75,78,0.028904102742671967,0.9534358047016275
bbh+gpqa+ifeval+math+musr,0.175,1.0,0.0,0.0,0.75,79,0.02895919606089592,0.9502712477396021
bbh+gpqa+ifeval+math+musr,0.175,1.0,0.0,0.0,0.75,80,0.02896113134920597,0.9511754068716094
bbh+gpqa+ifeval+math+musr,0.175,1.0,0.0,0.0,0.75,81,0.02891220897436142,0.9566003616636528
bbh+gpqa+ifeval+math+musr,0.175,1.0,0.0,0.0,0.75,82,0.02895013801753521,0.9615732368896925
bbh+gpqa+ifeval+math+musr,0.175,1.0,0.0,0.0,0.75,83,0.0288954209536314,0.945750452079566
bbh+gpqa+ifeval+math+musr,0.175,1.0,0.0,0.0,0.75,84,0.02895422838628292,0.9597649186256781
bbh+gpqa+ifeval+math+musr,0.175,1.0,0.0,0.0,0.75,85,0.02890080213546753,0.9543399638336347
bbh+gpqa+ifeval+math+musr,0.175,1.0,0.0,0.0,0.75,86,0.028928223997354507,0.9475587703435805
bbh+gpqa+ifeval+math+musr,0.175,1.0,0.0,0.0,0.75,87,0.02894885092973709,0.9466546112115732
bbh+gpqa+ifeval+math+musr,0.175,1.0,0.0,0.0,0.75,88,0.028928522020578384,0.9443942133815552
bbh+gpqa+ifeval+math+musr,0.175,1.0,0.0,0.0,0.75,89,0.028968801721930504,0.9511754068716094
bbh+gpqa+ifeval+math+musr,0.175,1.0,0.0,0.0,0.75,90,0.028910180553793907,0.951627486437613
bbh+gpqa+ifeval+math+musr,0.175,1.0,0.0,0.0,0.75,91,0.028951717540621758,0.9439421338155515
bbh+gpqa+ifeval+math+musr,0.175,1.0,0.0,0.0,0.75,92,0.028941480442881584,0.9475587703435805
bbh+gpqa+ifeval+math+musr,0.175,1.0,0.0,0.0,0.75,93,0.028980789706110954,0.9511754068716094
bbh+gpqa+ifeval+math+musr,0.175,1.0,0.0,0.0,0.75,94,0.02894427813589573,0.9380650994575045
bbh+gpqa+ifeval+math+musr,0.175,1.0,0.0,0.0,0.75,95,0.028920724987983704,0.9498191681735986
bbh+gpqa+ifeval+math+musr,0.175,1.0,0.0,0.0,0.75,96,0.028915798291563988,0.9471066907775768
bbh+gpqa+ifeval+math+musr,0.175,1.0,0.0,0.0,0.75,97,0.02895316667854786,0.9556962025316456
bbh+gpqa+ifeval+math+musr,0.175,1.0,0.0,0.0,0.75,98,0.02892412431538105,0.9484629294755876
bbh+gpqa+ifeval+math+musr,0.175,1.0,0.0,0.0,0.75,99,0.028943536803126335,0.9511754068716094
bbh+gpqa+ifeval+math+musr,0.2,1.0,0.0,0.0,0.75,0,0.026761936023831367,0.9588607594936709
bbh+gpqa+ifeval+math+musr,0.2,1.0,0.0,0.0,0.75,1,0.02674652449786663,0.9529837251356238
bbh+gpqa+ifeval+math+musr,0.2,1.0,0.0,0.0,0.75,2,0.026743872091174126,0.9452983725135623
bbh+gpqa+ifeval+math+musr,0.2,1.0,0.0,0.0,0.75,3,0.026777483522892,0.9471066907775768
bbh+gpqa+ifeval+math+musr,0.2,1.0,0.0,0.0,0.75,4,0.02677062712609768,0.9489150090415913
bbh+gpqa+ifeval+math+musr,0.2,1.0,0.0,0.0,0.75,5,0.02680821903049946,0.9529837251356238
bbh+gpqa+ifeval+math+musr,0.2,1.0,0.0,0.0,0.75,6,0.026773717254400253,0.9502712477396021
bbh+gpqa+ifeval+math+musr,0.2,1.0,0.0,0.0,0.75,7,0.02674323506653309,0.9480108499095841
bbh+gpqa+ifeval+math+musr,0.2,1.0,0.0,0.0,0.75,8,0.026748770847916603,0.9507233273056057
bbh+gpqa+ifeval+math+musr,0.2,1.0,0.0,0.0,0.75,9,0.02675507962703705,0.9552441229656419
bbh+gpqa+ifeval+math+musr,0.2,1.0,0.0,0.0,0.75,10,0.026784392073750496,0.9498191681735986
bbh+gpqa+ifeval+math+musr,0.2,1.0,0.0,0.0,0.75,11,0.02679453417658806,0.9489150090415913
bbh+gpqa+ifeval+math+musr,0.2,1.0,0.0,0.0,0.75,12,0.02679390273988247,0.9552441229656419
bbh+gpqa+ifeval+math+musr,0.2,1.0,0.0,0.0,0.75,13,0.026793764904141426,0.9439421338155515
bbh+gpqa+ifeval+math+musr,0.2,1.0,0.0,0.0,0.75,14,0.02675178274512291,0.9412296564195298
bbh+gpqa+ifeval+math+musr,0.2,1.0,0.0,0.0,0.75,15,0.026759082451462746,0.9543399638336347
bbh+gpqa+ifeval+math+musr,0.2,1.0,0.0,0.0,0.75,16,0.02677927352488041,0.9421338155515371
bbh+gpqa+ifeval+math+musr,0.2,1.0,0.0,0.0,0.75,17,0.02673930674791336,0.9407775768535261
bbh+gpqa+ifeval+math+musr,0.2,1.0,0.0,0.0,0.75,18,0.02676178701221943,0.9412296564195298
bbh+gpqa+ifeval+math+musr,0.2,1.0,0.0,0.0,0.75,19,0.02674891985952854,0.9511754068716094
bbh+gpqa+ifeval+math+musr,0.2,1.0,0.0,0.0,0.75,20,0.02676328830420971,0.9556962025316456
bbh+gpqa+ifeval+math+musr,0.2,1.0,0.0,0.0,0.75,21,0.026744253933429718,0.9588607594936709
bbh+gpqa+ifeval+math+musr,0.2,1.0,0.0,0.0,0.75,22,0.026765186339616776,0.9434900542495479
bbh+gpqa+ifeval+math+musr,0.2,1.0,0.0,0.0,0.75,23,0.026766708120703697,0.9534358047016275
bbh+gpqa+ifeval+math+musr,0.2,1.0,0.0,0.0,0.75,24,0.026762837544083595,0.9507233273056057
bbh+gpqa+ifeval+math+musr,0.2,1.0,0.0,0.0,0.75,25,0.026734039187431335,0.9493670886075949
bbh+gpqa+ifeval+math+musr,0.2,1.0,0.0,0.0,0.75,26,0.026730336248874664,0.9448462929475587
bbh+gpqa+ifeval+math+musr,0.2,1.0,0.0,0.0,0.75,27,0.02676619589328766,0.953887884267631
bbh+gpqa+ifeval+math+musr,0.2,1.0,0.0,0.0,0.75,28,0.02676129899919033,0.9389692585895117
bbh+gpqa+ifeval+math+musr,0.2,1.0,0.0,0.0,0.75,29,0.026788299903273582,0.9448462929475587
bbh+gpqa+ifeval+math+musr,0.2,1.0,0.0,0.0,0.75,30,0.02674451842904091,0.951627486437613
bbh+gpqa+ifeval+math+musr,0.2,1.0,0.0,0.0,0.75,31,0.026793675497174263,0.9502712477396021
bbh+gpqa+ifeval+math+musr,0.2,1.0,0.0,0.0,0.75,32,0.026759956032037735,0.9475587703435805
bbh+gpqa+ifeval+math+musr,0.2,1.0,0.0,0.0,0.75,33,0.02679005078971386,0.9439421338155515
bbh+gpqa+ifeval+math+musr,0.2,1.0,0.0,0.0,0.75,34,0.026783838868141174,0.9498191681735986
bbh+gpqa+ifeval+math+musr,0.2,1.0,0.0,0.0,0.75,35,0.026760553941130638,0.9448462929475587
bbh+gpqa+ifeval+math+musr,0.2,1.0,0.0,0.0,0.75,36,0.02677694335579872,0.9507233273056057
bbh+gpqa+ifeval+math+musr,0.2,1.0,0.0,0.0,0.75,37,0.026783917099237442,0.9407775768535261
bbh+gpqa+ifeval+math+musr,0.2,1.0,0.0,0.0,0.75,38,0.0267593152821064,0.9480108499095841
bbh+gpqa+ifeval+math+musr,0.2,1.0,0.0,0.0,0.75,39,0.026798592880368233,0.9556962025316456
bbh+gpqa+ifeval+math+musr,0.2,1.0,0.0,0.0,0.75,40,0.026766562834382057,0.9570524412296564
bbh+gpqa+ifeval+math+musr,0.2,1.0,0.0,0.0,0.75,41,0.02674664743244648,0.9466546112115732
bbh+gpqa+ifeval+math+musr,0.2,1.0,0.0,0.0,0.75,42,0.026776250451803207,0.9556962025316456
bbh+gpqa+ifeval+math+musr,0.2,1.0,0.0,0.0,0.75,43,0.026767879724502563,0.9471066907775768
bbh+gpqa+ifeval+math+musr,0.2,1.0,0.0,0.0,0.75,44,0.026769772171974182,0.9493670886075949
bbh+gpqa+ifeval+math+musr,0.2,1.0,0.0,0.0,0.75,45,0.026753272861242294,0.9552441229656419
bbh+gpqa+ifeval+math+musr,0.2,1.0,0.0,0.0,0.75,46,0.026762796565890312,0.9520795660036167
bbh+gpqa+ifeval+math+musr,0.2,1.0,0.0,0.0,0.75,47,0.026763906702399254,0.9525316455696202
bbh+gpqa+ifeval+math+musr,0.2,1.0,0.0,0.0,0.75,48,0.026780884712934494,0.9566003616636528
bbh+gpqa+ifeval+math+musr,0.2,1.0,0.0,0.0,0.75,49,0.026783987879753113,0.9466546112115732
bbh+gpqa+ifeval+math+musr,0.2,1.0,0.0,0.0,0.75,50,0.026777176186442375,0.9403254972875226
bbh+gpqa+ifeval+math+musr,0.2,1.0,0.0,0.0,0.75,51,0.026792051270604134,0.953887884267631
bbh+gpqa+ifeval+math+musr,0.2,1.0,0.0,0.0,0.75,52,0.026780368760228157,0.9484629294755876
bbh+gpqa+ifeval+math+musr,0.2,1.0,0.0,0.0,0.75,53,0.026761019602417946,0.9452983725135623
bbh+gpqa+ifeval+math+musr,0.2,1.0,0.0,0.0,0.75,54,0.02677117846906185,0.9480108499095841
bbh+gpqa+ifeval+math+musr,0.2,1.0,0.0,0.0,0.75,55,0.02676800824701786,0.9466546112115732
bbh+gpqa+ifeval+math+musr,0.2,1.0,0.0,0.0,0.75,56,0.026760339736938477,0.9434900542495479
bbh+gpqa+ifeval+math+musr,0.2,1.0,0.0,0.0,0.75,57,0.026785144582390785,0.9534358047016275
bbh+gpqa+ifeval+math+musr,0.2,1.0,0.0,0.0,0.75,58,0.026756539940834045,0.9484629294755876
bbh+gpqa+ifeval+math+musr,0.2,1.0,0.0,0.0,0.75,59,0.026761798188090324,0.9520795660036167
bbh+gpqa+ifeval+math+musr,0.2,1.0,0.0,0.0,0.75,60,0.02680273912847042,0.9480108499095841
bbh+gpqa+ifeval+math+musr,0.2,1.0,0.0,0.0,0.75,61,0.02677151747047901,0.9498191681735986
bbh+gpqa+ifeval+math+musr,0.2,1.0,0.0,0.0,0.75,62,0.026768356561660767,0.9525316455696202
bbh+gpqa+ifeval+math+musr,0.2,1.0,0.0,0.0,0.75,63,0.026757249608635902,0.9556962025316456
bbh+gpqa+ifeval+math+musr,0.2,1.0,0.0,0.0,0.75,64,0.026786811649799347,0.9552441229656419
bbh+gpqa+ifeval+math+musr,0.2,1.0,0.0,0.0,0.75,65,0.02677893452346325,0.9534358047016275
bbh+gpqa+ifeval+math+musr,0.2,1.0,0.0,0.0,0.75,66,0.026760270819067955,0.9475587703435805
bbh+gpqa+ifeval+math+musr,0.2,1.0,0.0,0.0,0.75,67,0.026783203706145287,0.9534358047016275
bbh+gpqa+ifeval+math+musr,0.2,1.0,0.0,0.0,0.75,68,0.02678230032324791,0.9588607594936709
bbh+gpqa+ifeval+math+musr,0.2,1.0,0.0,0.0,0.75,69,0.02677665837109089,0.9484629294755876
bbh+gpqa+ifeval+math+musr,0.2,1.0,0.0,0.0,0.75,70,0.02675975300371647,0.9480108499095841
bbh+gpqa+ifeval+math+musr,0.2,1.0,0.0,0.0,0.75,71,0.026746485382318497,0.9493670886075949
bbh+gpqa+ifeval+math+musr,0.2,1.0,0.0,0.0,0.75,72,0.026778914034366608,0.9561482820976491
bbh+gpqa+ifeval+math+musr,0.2,1.0,0.0,0.0,0.75,73,0.02678661234676838,0.9430379746835442
bbh+gpqa+ifeval+math+musr,0.2,1.0,0.0,0.0,0.75,74,0.02675262838602066,0.9502712477396021
bbh+gpqa+ifeval+math+musr,0.2,1.0,0.0,0.0,0.75,75,0.026775352656841278,0.9529837251356238
bbh+gpqa+ifeval+math+musr,0.2,1.0,0.0,0.0,0.75,76,0.026748105883598328,0.9584086799276672
bbh+gpqa+ifeval+math+musr,0.2,1.0,0.0,0.0,0.75,77,0.026770098134875298,0.9511754068716094
bbh+gpqa+ifeval+math+musr,0.2,1.0,0.0,0.0,0.75,78,0.02673867717385292,0.9498191681735986
bbh+gpqa+ifeval+math+musr,0.2,1.0,0.0,0.0,0.75,79,0.026789311319589615,0.951627486437613
bbh+gpqa+ifeval+math+musr,0.2,1.0,0.0,0.0,0.75,80,0.02679344080388546,0.9511754068716094
bbh+gpqa+ifeval+math+musr,0.2,1.0,0.0,0.0,0.75,81,0.026760680601000786,0.9561482820976491
bbh+gpqa+ifeval+math+musr,0.2,1.0,0.0,0.0,0.75,82,0.02677975408732891,0.95750452079566
bbh+gpqa+ifeval+math+musr,0.2,1.0,0.0,0.0,0.75,83,0.026730092242360115,0.9489150090415913
bbh+gpqa+ifeval+math+musr,0.2,1.0,0.0,0.0,0.75,84,0.026780053973197937,0.9547920433996383
bbh+gpqa+ifeval+math+musr,0.2,1.0,0.0,0.0,0.75,85,0.02673806995153427,0.9534358047016275
bbh+gpqa+ifeval+math+musr,0.2,1.0,0.0,0.0,0.75,86,0.026767592877149582,0.9448462929475587
bbh+gpqa+ifeval+math+musr,0.2,1.0,0.0,0.0,0.75,87,0.026777127757668495,0.9452983725135623
bbh+gpqa+ifeval+math+musr,0.2,1.0,0.0,0.0,0.75,88,0.026763396337628365,0.9498191681735986
bbh+gpqa+ifeval+math+musr,0.2,1.0,0.0,0.0,0.75,89,0.026793651282787323,0.9525316455696202
bbh+gpqa+ifeval+math+musr,0.2,1.0,0.0,0.0,0.75,90,0.026751788333058357,0.9498191681735986
bbh+gpqa+ifeval+math+musr,0.2,1.0,0.0,0.0,0.75,91,0.026776432991027832,0.9407775768535261
bbh+gpqa+ifeval+math+musr,0.2,1.0,0.0,0.0,0.75,92,0.026781760156154633,0.9462025316455696
bbh+gpqa+ifeval+math+musr,0.2,1.0,0.0,0.0,0.75,93,0.026805581524968147,0.9507233273056057
bbh+gpqa+ifeval+math+musr,0.2,1.0,0.0,0.0,0.75,94,0.026780493557453156,0.9430379746835442
bbh+gpqa+ifeval+math+musr,0.2,1.0,0.0,0.0,0.75,95,0.02676546201109886,0.9484629294755876
bbh+gpqa+ifeval+math+musr,0.2,1.0,0.0,0.0,0.75,96,0.026752131059765816,0.9462025316455696
bbh+gpqa+ifeval+math+musr,0.2,1.0,0.0,0.0,0.75,97,0.026780541986227036,0.9534358047016275
bbh+gpqa+ifeval+math+musr,0.2,1.0,0.0,0.0,0.75,98,0.02675887756049633,0.9507233273056057
bbh+gpqa+ifeval+math+musr,0.2,1.0,0.0,0.0,0.75,99,0.02677006646990776,0.9489150090415913
bbh+gpqa+ifeval+math+musr,0.225,1.0,0.0,0.0,0.75,0,0.02499350719153881,0.9534358047016275
bbh+gpqa+ifeval+math+musr,0.225,1.0,0.0,0.0,0.75,1,0.024973275139927864,0.9566003616636528
bbh+gpqa+ifeval+math+musr,0.225,1.0,0.0,0.0,0.75,2,0.02497737854719162,0.9448462929475587
bbh+gpqa+ifeval+math+musr,0.225,1.0,0.0,0.0,0.75,3,0.02500516176223755,0.9520795660036167
bbh+gpqa+ifeval+math+musr,0.225,1.0,0.0,0.0,0.75,4,0.025003958493471146,0.9502712477396021
bbh+gpqa+ifeval+math+musr,0.225,1.0,0.0,0.0,0.75,5,0.02502916380763054,0.9584086799276672
bbh+gpqa+ifeval+math+musr,0.225,1.0,0.0,0.0,0.75,6,0.025007709860801697,0.9502712477396021
bbh+gpqa+ifeval+math+musr,0.225,1.0,0.0,0.0,0.75,7,0.024979539215564728,0.939873417721519
bbh+gpqa+ifeval+math+musr,0.225,1.0,0.0,0.0,0.75,8,0.024985339492559433,0.9471066907775768
bbh+gpqa+ifeval+math+musr,0.225,1.0,0.0,0.0,0.75,9,0.024987468495965004,0.9584086799276672
bbh+gpqa+ifeval+math+musr,0.225,1.0,0.0,0.0,0.75,10,0.0250132717192173,0.953887884267631
bbh+gpqa+ifeval+math+musr,0.225,1.0,0.0,0.0,0.75,11,0.025020034983754158,0.9525316455696202
bbh+gpqa+ifeval+math+musr,0.225,1.0,0.0,0.0,0.75,12,0.025019334629178047,0.9547920433996383
bbh+gpqa+ifeval+math+musr,0.225,1.0,0.0,0.0,0.75,13,0.025018317624926567,0.9484629294755876
bbh+gpqa+ifeval+math+musr,0.225,1.0,0.0,0.0,0.75,14,0.024985747411847115,0.9385171790235081
bbh+gpqa+ifeval+math+musr,0.225,1.0,0.0,0.0,0.75,15,0.0249961968511343,0.9588607594936709
bbh+gpqa+ifeval+math+musr,0.225,1.0,0.0,0.0,0.75,16,0.0250050351023674,0.9439421338155515
bbh+gpqa+ifeval+math+musr,0.225,1.0,0.0,0.0,0.75,17,0.02497098408639431,0.945750452079566
bbh+gpqa+ifeval+math+musr,0.225,1.0,0.0,0.0,0.75,18,0.024996517226099968,0.9493670886075949
bbh+gpqa+ifeval+math+musr,0.225,1.0,0.0,0.0,0.75,19,0.024976814165711403,0.9525316455696202
bbh+gpqa+ifeval+math+musr,0.225,1.0,0.0,0.0,0.75,20,0.024996401742100716,0.9570524412296564
bbh+gpqa+ifeval+math+musr,0.225,1.0,0.0,0.0,0.75,21,0.024975253269076347,0.9593128390596745
bbh+gpqa+ifeval+math+musr,0.225,1.0,0.0,0.0,0.75,22,0.024998655542731285,0.9434900542495479
bbh+gpqa+ifeval+math+musr,0.225,1.0,0.0,0.0,0.75,23,0.024998217821121216,0.9543399638336347
bbh+gpqa+ifeval+math+musr,0.225,1.0,0.0,0.0,0.75,24,0.024988805875182152,0.9480108499095841
bbh+gpqa+ifeval+math+musr,0.225,1.0,0.0,0.0,0.75,25,0.024961328133940697,0.95750452079566
bbh+gpqa+ifeval+math+musr,0.225,1.0,0.0,0.0,0.75,26,0.024966727942228317,0.9525316455696202
bbh+gpqa+ifeval+math+musr,0.225,1.0,0.0,0.0,0.75,27,0.024995626881718636,0.9525316455696202
bbh+gpqa+ifeval+math+musr,0.225,1.0,0.0,0.0,0.75,28,0.024996863678097725,0.9466546112115732
bbh+gpqa+ifeval+math+musr,0.225,1.0,0.0,0.0,0.75,29,0.025021135807037354,0.9443942133815552
bbh+gpqa+ifeval+math+musr,0.225,1.0,0.0,0.0,0.75,30,0.024974025785923004,0.9593128390596745
bbh+gpqa+ifeval+math+musr,0.225,1.0,0.0,0.0,0.75,31,0.02502116933465004,0.9507233273056057
bbh+gpqa+ifeval+math+musr,0.225,1.0,0.0,0.0,0.75,32,0.02499006688594818,0.9480108499095841
bbh+gpqa+ifeval+math+musr,0.225,1.0,0.0,0.0,0.75,33,0.025010425597429276,0.9498191681735986
bbh+gpqa+ifeval+math+musr,0.225,1.0,0.0,0.0,0.75,34,0.025006700307130814,0.9493670886075949
bbh+gpqa+ifeval+math+musr,0.225,1.0,0.0,0.0,0.75,35,0.02499459683895111,0.9520795660036167
bbh+gpqa+ifeval+math+musr,0.225,1.0,0.0,0.0,0.75,36,0.02500891499221325,0.9484629294755876
bbh+gpqa+ifeval+math+musr,0.225,1.0,0.0,0.0,0.75,37,0.025011030957102776,0.9439421338155515
bbh+gpqa+ifeval+math+musr,0.225,1.0,0.0,0.0,0.75,38,0.024997957050800323,0.953887884267631
bbh+gpqa+ifeval+math+musr,0.225,1.0,0.0,0.0,0.75,39,0.025017976760864258,0.951627486437613
bbh+gpqa+ifeval+math+musr,0.225,1.0,0.0,0.0,0.75,40,0.02498900145292282,0.9579566003616636
bbh+gpqa+ifeval+math+musr,0.225,1.0,0.0,0.0,0.75,41,0.024977628141641617,0.9507233273056057
bbh+gpqa+ifeval+math+musr,0.225,1.0,0.0,0.0,0.75,42,0.02500912733376026,0.9529837251356238
bbh+gpqa+ifeval+math+musr,0.225,1.0,0.0,0.0,0.75,43,0.0249939002096653,0.9480108499095841
bbh+gpqa+ifeval+math+musr,0.225,1.0,0.0,0.0,0.75,44,0.02500159852206707,0.9439421338155515
bbh+gpqa+ifeval+math+musr,0.225,1.0,0.0,0.0,0.75,45,0.02498549222946167,0.9570524412296564
bbh+gpqa+ifeval+math+musr,0.225,1.0,0.0,0.0,0.75,46,0.024995381012558937,0.951627486437613
bbh+gpqa+ifeval+math+musr,0.225,1.0,0.0,0.0,0.75,47,0.024994542822241783,0.9498191681735986
bbh+gpqa+ifeval+math+musr,0.225,1.0,0.0,0.0,0.75,48,0.02501208335161209,0.9552441229656419
bbh+gpqa+ifeval+math+musr,0.225,1.0,0.0,0.0,0.75,49,0.025016717612743378,0.9475587703435805
bbh+gpqa+ifeval+math+musr,0.225,1.0,0.0,0.0,0.75,50,0.02500833198428154,0.9407775768535261
bbh+gpqa+ifeval+math+musr,0.225,1.0,0.0,0.0,0.75,51,0.025020938366651535,0.9489150090415913
bbh+gpqa+ifeval+math+musr,0.225,1.0,0.0,0.0,0.75,52,0.0250104833394289,0.9448462929475587
bbh+gpqa+ifeval+math+musr,0.225,1.0,0.0,0.0,0.75,53,0.02499091625213623,0.9475587703435805
bbh+gpqa+ifeval+math+musr,0.225,1.0,0.0,0.0,0.75,54,0.025000981986522675,0.9493670886075949
bbh+gpqa+ifeval+math+musr,0.225,1.0,0.0,0.0,0.75,55,0.02499648742377758,0.9471066907775768
bbh+gpqa+ifeval+math+musr,0.225,1.0,0.0,0.0,0.75,56,0.02498440630733967,0.945750452079566
bbh+gpqa+ifeval+math+musr,0.225,1.0,0.0,0.0,0.75,57,0.025013867765665054,0.9489150090415913
bbh+gpqa+ifeval+math+musr,0.225,1.0,0.0,0.0,0.75,58,0.02498778887093067,0.9511754068716094
bbh+gpqa+ifeval+math+musr,0.225,1.0,0.0,0.0,0.75,59,0.024997487664222717,0.9448462929475587
bbh+gpqa+ifeval+math+musr,0.225,1.0,0.0,0.0,0.75,60,0.025025170296430588,0.9547920433996383
bbh+gpqa+ifeval+math+musr,0.225,1.0,0.0,0.0,0.75,61,0.02500149980187416,0.9466546112115732
bbh+gpqa+ifeval+math+musr,0.225,1.0,0.0,0.0,0.75,62,0.025002995505928993,0.9520795660036167
bbh+gpqa+ifeval+math+musr,0.225,1.0,0.0,0.0,0.75,63,0.02498597465455532,0.9561482820976491
bbh+gpqa+ifeval+math+musr,0.225,1.0,0.0,0.0,0.75,64,0.02501685731112957,0.9507233273056057
bbh+gpqa+ifeval+math+musr,0.225,1.0,0.0,0.0,0.75,65,0.025011487305164337,0.953887884267631
bbh+gpqa+ifeval+math+musr,0.225,1.0,0.0,0.0,0.75,66,0.024991583079099655,0.9489150090415913
bbh+gpqa+ifeval+math+musr,0.225,1.0,0.0,0.0,0.75,67,0.0250125490128994,0.9584086799276672
bbh+gpqa+ifeval+math+musr,0.225,1.0,0.0,0.0,0.75,68,0.025015059858560562,0.9498191681735986
bbh+gpqa+ifeval+math+musr,0.225,1.0,0.0,0.0,0.75,69,0.02500917948782444,0.9498191681735986
bbh+gpqa+ifeval+math+musr,0.225,1.0,0.0,0.0,0.75,70,0.02499033510684967,0.9498191681735986
bbh+gpqa+ifeval+math+musr,0.225,1.0,0.0,0.0,0.75,71,0.02498265728354454,0.9484629294755876
bbh+gpqa+ifeval+math+musr,0.225,1.0,0.0,0.0,0.75,72,0.025005368515849113,0.9543399638336347
bbh+gpqa+ifeval+math+musr,0.225,1.0,0.0,0.0,0.75,73,0.025018369778990746,0.9412296564195298
bbh+gpqa+ifeval+math+musr,0.225,1.0,0.0,0.0,0.75,74,0.02498256042599678,0.9480108499095841
bbh+gpqa+ifeval+math+musr,0.225,1.0,0.0,0.0,0.75,75,0.025007037445902824,0.953887884267631
bbh+gpqa+ifeval+math+musr,0.225,1.0,0.0,0.0,0.75,76,0.02498461864888668,0.953887884267631
bbh+gpqa+ifeval+math+musr,0.225,1.0,0.0,0.0,0.75,77,0.025001076981425285,0.9493670886075949
bbh+gpqa+ifeval+math+musr,0.225,1.0,0.0,0.0,0.75,78,0.024970408529043198,0.9502712477396021
bbh+gpqa+ifeval+math+musr,0.225,1.0,0.0,0.0,0.75,79,0.025020359084010124,0.9543399638336347
bbh+gpqa+ifeval+math+musr,0.225,1.0,0.0,0.0,0.75,80,0.02502111718058586,0.9484629294755876
bbh+gpqa+ifeval+math+musr,0.225,1.0,0.0,0.0,0.75,81,0.024987520650029182,0.9602169981916817
bbh+gpqa+ifeval+math+musr,0.225,1.0,0.0,0.0,0.75,82,0.025013916194438934,0.9588607594936709
bbh+gpqa+ifeval+math+musr,0.225,1.0,0.0,0.0,0.75,83,0.024967994540929794,0.9484629294755876
bbh+gpqa+ifeval+math+musr,0.225,1.0,0.0,0.0,0.75,84,0.025006745010614395,0.9547920433996383
bbh+gpqa+ifeval+math+musr,0.225,1.0,0.0,0.0,0.75,85,0.02496824599802494,0.9566003616636528
bbh+gpqa+ifeval+math+musr,0.225,1.0,0.0,0.0,0.75,86,0.02499561384320259,0.9443942133815552
bbh+gpqa+ifeval+math+musr,0.225,1.0,0.0,0.0,0.75,87,0.02501588873565197,0.9493670886075949
bbh+gpqa+ifeval+math+musr,0.225,1.0,0.0,0.0,0.75,88,0.024998817592859268,0.9507233273056057
bbh+gpqa+ifeval+math+musr,0.225,1.0,0.0,0.0,0.75,89,0.025013543665409088,0.9511754068716094
bbh+gpqa+ifeval+math+musr,0.225,1.0,0.0,0.0,0.75,90,0.024981951341032982,0.9502712477396021
bbh+gpqa+ifeval+math+musr,0.225,1.0,0.0,0.0,0.75,91,0.02501005306839943,0.9403254972875226
bbh+gpqa+ifeval+math+musr,0.225,1.0,0.0,0.0,0.75,92,0.02501218393445015,0.9471066907775768
bbh+gpqa+ifeval+math+musr,0.225,1.0,0.0,0.0,0.75,93,0.025023706257343292,0.9502712477396021
bbh+gpqa+ifeval+math+musr,0.225,1.0,0.0,0.0,0.75,94,0.025011224672198296,0.9376130198915009
bbh+gpqa+ifeval+math+musr,0.225,1.0,0.0,0.0,0.75,95,0.024998290464282036,0.9529837251356238
bbh+gpqa+ifeval+math+musr,0.225,1.0,0.0,0.0,0.75,96,0.024986444041132927,0.945750452079566
bbh+gpqa+ifeval+math+musr,0.225,1.0,0.0,0.0,0.75,97,0.025005538016557693,0.9534358047016275
bbh+gpqa+ifeval+math+musr,0.225,1.0,0.0,0.0,0.75,98,0.024993598461151123,0.9529837251356238
bbh+gpqa+ifeval+math+musr,0.225,1.0,0.0,0.0,0.75,99,0.025002069771289825,0.9480108499095841
bbh+gpqa+ifeval+math+musr,0.25,1.0,0.0,0.0,0.75,0,0.023527352139353752,0.9520795660036167
bbh+gpqa+ifeval+math+musr,0.25,1.0,0.0,0.0,0.75,1,0.023508591577410698,0.9561482820976491
bbh+gpqa+ifeval+math+musr,0.25,1.0,0.0,0.0,0.75,2,0.023507999256253242,0.9434900542495479
bbh+gpqa+ifeval+math+musr,0.25,1.0,0.0,0.0,0.75,3,0.023538904264569283,0.9502712477396021
bbh+gpqa+ifeval+math+musr,0.25,1.0,0.0,0.0,0.75,4,0.023534953594207764,0.9443942133815552
bbh+gpqa+ifeval+math+musr,0.25,1.0,0.0,0.0,0.75,5,0.023555923253297806,0.9529837251356238
bbh+gpqa+ifeval+math+musr,0.25,1.0,0.0,0.0,0.75,6,0.02354125678539276,0.9511754068716094
bbh+gpqa+ifeval+math+musr,0.25,1.0,0.0,0.0,0.75,7,0.02351071499288082,0.93625678119349
bbh+gpqa+ifeval+math+musr,0.25,1.0,0.0,0.0,0.75,8,0.023517275229096413,0.9480108499095841
bbh+gpqa+ifeval+math+musr,0.25,1.0,0.0,0.0,0.75,9,0.02352539636194706,0.9561482820976491
bbh+gpqa+ifeval+math+musr,0.25,1.0,0.0,0.0,0.75,10,0.023545660078525543,0.9525316455696202
bbh+gpqa+ifeval+math+musr,0.25,1.0,0.0,0.0,0.75,11,0.02354988269507885,0.9511754068716094
bbh+gpqa+ifeval+math+musr,0.25,1.0,0.0,0.0,0.75,12,0.023548182100057602,0.9570524412296564
bbh+gpqa+ifeval+math+musr,0.25,1.0,0.0,0.0,0.75,13,0.02354457415640354,0.945750452079566
bbh+gpqa+ifeval+math+musr,0.25,1.0,0.0,0.0,0.75,14,0.023520827293395996,0.9416817359855334
bbh+gpqa+ifeval+math+musr,0.25,1.0,0.0,0.0,0.75,15,0.023530375212430954,0.9570524412296564
bbh+gpqa+ifeval+math+musr,0.25,1.0,0.0,0.0,0.75,16,0.02353924885392189,0.939873417721519
bbh+gpqa+ifeval+math+musr,0.25,1.0,0.0,0.0,0.75,17,0.023506300523877144,0.9502712477396021
bbh+gpqa+ifeval+math+musr,0.25,1.0,0.0,0.0,0.75,18,0.02353484369814396,0.9511754068716094
bbh+gpqa+ifeval+math+musr,0.25,1.0,0.0,0.0,0.75,19,0.02351485937833786,0.953887884267631
bbh+gpqa+ifeval+math+musr,0.25,1.0,0.0,0.0,0.75,20,0.023527653887867928,0.953887884267631
bbh+gpqa+ifeval+math+musr,0.25,1.0,0.0,0.0,0.75,21,0.02351226657629013,0.961121157323689
bbh+gpqa+ifeval+math+musr,0.25,1.0,0.0,0.0,0.75,22,0.023535503074526787,0.945750452079566
bbh+gpqa+ifeval+math+musr,0.25,1.0,0.0,0.0,0.75,23,0.023531474173069,0.9570524412296564
bbh+gpqa+ifeval+math+musr,0.25,1.0,0.0,0.0,0.75,24,0.023526912555098534,0.9529837251356238
bbh+gpqa+ifeval+math+musr,0.25,1.0,0.0,0.0,0.75,25,0.023499950766563416,0.9498191681735986
bbh+gpqa+ifeval+math+musr,0.25,1.0,0.0,0.0,0.75,26,0.023506037890911102,0.9471066907775768
bbh+gpqa+ifeval+math+musr,0.25,1.0,0.0,0.0,0.75,27,0.02352418564260006,0.9502712477396021
bbh+gpqa+ifeval+math+musr,0.25,1.0,0.0,0.0,0.75,28,0.023529620841145515,0.945750452079566
bbh+gpqa+ifeval+math+musr,0.25,1.0,0.0,0.0,0.75,29,0.023550396785140038,0.9452983725135623
bbh+gpqa+ifeval+math+musr,0.25,1.0,0.0,0.0,0.75,30,0.023507900536060333,0.9566003616636528
bbh+gpqa+ifeval+math+musr,0.25,1.0,0.0,0.0,0.75,31,0.023548832163214684,0.9412296564195298
bbh+gpqa+ifeval+math+musr,0.25,1.0,0.0,0.0,0.75,32,0.023524964228272438,0.9493670886075949
bbh+gpqa+ifeval+math+musr,0.25,1.0,0.0,0.0,0.75,33,0.023541219532489777,0.9498191681735986
bbh+gpqa+ifeval+math+musr,0.25,1.0,0.0,0.0,0.75,34,0.023539837449789047,0.9547920433996383
bbh+gpqa+ifeval+math+musr,0.25,1.0,0.0,0.0,0.75,35,0.0235248114913702,0.9480108499095841
bbh+gpqa+ifeval+math+musr,0.25,1.0,0.0,0.0,0.75,36,0.02353620156645775,0.9484629294755876
bbh+gpqa+ifeval+math+musr,0.25,1.0,0.0,0.0,0.75,37,0.023543253540992737,0.9471066907775768
bbh+gpqa+ifeval+math+musr,0.25,1.0,0.0,0.0,0.75,38,0.02352987416088581,0.951627486437613
bbh+gpqa+ifeval+math+musr,0.25,1.0,0.0,0.0,0.75,39,0.02354489266872406,0.9520795660036167
bbh+gpqa+ifeval+math+musr,0.25,1.0,0.0,0.0,0.75,40,0.02352612465620041,0.9561482820976491
bbh+gpqa+ifeval+math+musr,0.25,1.0,0.0,0.0,0.75,41,0.023512523621320724,0.9448462929475587
bbh+gpqa+ifeval+math+musr,0.25,1.0,0.0,0.0,0.75,42,0.023542633280158043,0.9502712477396021
bbh+gpqa+ifeval+math+musr,0.25,1.0,0.0,0.0,0.75,43,0.023524044081568718,0.951627486437613
bbh+gpqa+ifeval+math+musr,0.25,1.0,0.0,0.0,0.75,44,0.023539934307336807,0.9502712477396021
bbh+gpqa+ifeval+math+musr,0.25,1.0,0.0,0.0,0.75,45,0.023519182577729225,0.9547920433996383
bbh+gpqa+ifeval+math+musr,0.25,1.0,0.0,0.0,0.75,46,0.0235268697142601,0.9466546112115732
bbh+gpqa+ifeval+math+musr,0.25,1.0,0.0,0.0,0.75,47,0.02352900058031082,0.9561482820976491
bbh+gpqa+ifeval+math+musr,0.25,1.0,0.0,0.0,0.75,48,0.02354016713798046,0.9547920433996383
bbh+gpqa+ifeval+math+musr,0.25,1.0,0.0,0.0,0.75,49,0.023546922951936722,0.9489150090415913
bbh+gpqa+ifeval+math+musr,0.25,1.0,0.0,0.0,0.75,50,0.02353760413825512,0.9452983725135623
bbh+gpqa+ifeval+math+musr,0.25,1.0,0.0,0.0,0.75,51,0.023551680147647858,0.9534358047016275
bbh+gpqa+ifeval+math+musr,0.25,1.0,0.0,0.0,0.75,52,0.023543864488601685,0.9466546112115732
bbh+gpqa+ifeval+math+musr,0.25,1.0,0.0,0.0,0.75,53,0.023523593321442604,0.9416817359855334
bbh+gpqa+ifeval+math+musr,0.25,1.0,0.0,0.0,0.75,54,0.02353433147072792,0.9498191681735986
bbh+gpqa+ifeval+math+musr,0.25,1.0,0.0,0.0,0.75,55,0.023534413427114487,0.9475587703435805
bbh+gpqa+ifeval+math+musr,0.25,1.0,0.0,0.0,0.75,56,0.02351517602801323,0.9466546112115732
bbh+gpqa+ifeval+math+musr,0.25,1.0,0.0,0.0,0.75,57,0.023544512689113617,0.9511754068716094
bbh+gpqa+ifeval+math+musr,0.25,1.0,0.0,0.0,0.75,58,0.023520708084106445,0.9502712477396021
bbh+gpqa+ifeval+math+musr,0.25,1.0,0.0,0.0,0.75,59,0.023532209917902946,0.945750452079566
bbh+gpqa+ifeval+math+musr,0.25,1.0,0.0,0.0,0.75,60,0.023557346314191818,0.9552441229656419
bbh+gpqa+ifeval+math+musr,0.25,1.0,0.0,0.0,0.75,61,0.023530371487140656,0.9475587703435805
bbh+gpqa+ifeval+math+musr,0.25,1.0,0.0,0.0,0.75,62,0.023535430431365967,0.9511754068716094
bbh+gpqa+ifeval+math+musr,0.25,1.0,0.0,0.0,0.75,63,0.023519126698374748,0.9547920433996383
bbh+gpqa+ifeval+math+musr,0.25,1.0,0.0,0.0,0.75,64,0.023545805364847183,0.9443942133815552
bbh+gpqa+ifeval+math+musr,0.25,1.0,0.0,0.0,0.75,65,0.02354203537106514,0.9520795660036167
bbh+gpqa+ifeval+math+musr,0.25,1.0,0.0,0.0,0.75,66,0.02353401854634285,0.9466546112115732
bbh+gpqa+ifeval+math+musr,0.25,1.0,0.0,0.0,0.75,67,0.02354293502867222,0.9502712477396021
bbh+gpqa+ifeval+math+musr,0.25,1.0,0.0,0.0,0.75,68,0.023547062650322914,0.9525316455696202
bbh+gpqa+ifeval+math+musr,0.25,1.0,0.0,0.0,0.75,69,0.023536143824458122,0.9525316455696202
bbh+gpqa+ifeval+math+musr,0.25,1.0,0.0,0.0,0.75,70,0.023530015721917152,0.951627486437613
bbh+gpqa+ifeval+math+musr,0.25,1.0,0.0,0.0,0.75,71,0.023523805662989616,0.951627486437613
bbh+gpqa+ifeval+math+musr,0.25,1.0,0.0,0.0,0.75,72,0.0235357116907835,0.9534358047016275
bbh+gpqa+ifeval+math+musr,0.25,1.0,0.0,0.0,0.75,73,0.023546792566776276,0.9430379746835442
bbh+gpqa+ifeval+math+musr,0.25,1.0,0.0,0.0,0.75,74,0.023517698049545288,0.9525316455696202
bbh+gpqa+ifeval+math+musr,0.25,1.0,0.0,0.0,0.75,75,0.023539304733276367,0.9507233273056057
bbh+gpqa+ifeval+math+musr,0.25,1.0,0.0,0.0,0.75,76,0.023523306474089622,0.9561482820976491
bbh+gpqa+ifeval+math+musr,0.25,1.0,0.0,0.0,0.75,77,0.023532239720225334,0.9489150090415913
bbh+gpqa+ifeval+math+musr,0.25,1.0,0.0,0.0,0.75,78,0.023500898852944374,0.9511754068716094
bbh+gpqa+ifeval+math+musr,0.25,1.0,0.0,0.0,0.75,79,0.023556148633360863,0.953887884267631
bbh+gpqa+ifeval+math+musr,0.25,1.0,0.0,0.0,0.75,80,0.02355366200208664,0.9498191681735986
bbh+gpqa+ifeval+math+musr,0.25,1.0,0.0,0.0,0.75,81,0.023520881310105324,0.9566003616636528
bbh+gpqa+ifeval+math+musr,0.25,1.0,0.0,0.0,0.75,82,0.023545773699879646,0.9552441229656419
bbh+gpqa+ifeval+math+musr,0.25,1.0,0.0,0.0,0.75,83,0.023502860218286514,0.9412296564195298
bbh+gpqa+ifeval+math+musr,0.25,1.0,0.0,0.0,0.75,84,0.023531140759587288,0.953887884267631
bbh+gpqa+ifeval+math+musr,0.25,1.0,0.0,0.0,0.75,85,0.023509949445724487,0.9534358047016275
bbh+gpqa+ifeval+math+musr,0.25,1.0,0.0,0.0,0.75,86,0.02352827973663807,0.945750452079566
bbh+gpqa+ifeval+math+musr,0.25,1.0,0.0,0.0,0.75,87,0.023542089387774467,0.9556962025316456
bbh+gpqa+ifeval+math+musr,0.25,1.0,0.0,0.0,0.75,88,0.023534879088401794,0.9502712477396021
bbh+gpqa+ifeval+math+musr,0.25,1.0,0.0,0.0,0.75,89,0.023539353162050247,0.9493670886075949
bbh+gpqa+ifeval+math+musr,0.25,1.0,0.0,0.0,0.75,90,0.023521827533841133,0.9471066907775768
bbh+gpqa+ifeval+math+musr,0.25,1.0,0.0,0.0,0.75,91,0.02353573590517044,0.9443942133815552
bbh+gpqa+ifeval+math+musr,0.25,1.0,0.0,0.0,0.75,92,0.023546399548649788,0.9493670886075949
bbh+gpqa+ifeval+math+musr,0.25,1.0,0.0,0.0,0.75,93,0.023553308099508286,0.9529837251356238
bbh+gpqa+ifeval+math+musr,0.25,1.0,0.0,0.0,0.75,94,0.02354086935520172,0.9489150090415913
bbh+gpqa+ifeval+math+musr,0.25,1.0,0.0,0.0,0.75,95,0.023532897233963013,0.9480108499095841
bbh+gpqa+ifeval+math+musr,0.25,1.0,0.0,0.0,0.75,96,0.02351819910109043,0.9498191681735986
bbh+gpqa+ifeval+math+musr,0.25,1.0,0.0,0.0,0.75,97,0.023537658154964447,0.9529837251356238
bbh+gpqa+ifeval+math+musr,0.25,1.0,0.0,0.0,0.75,98,0.023523209616541862,0.9584086799276672
bbh+gpqa+ifeval+math+musr,0.25,1.0,0.0,0.0,0.75,99,0.023531896993517876,0.9525316455696202
