dataset,n_full_obs,mcar_obs_prob,prop_budget,tau,seed,mean_width,coverage
mmlu-pro,None,1.0,0.025,0.05,33,0.0794239491224289,0.8820605512878446
mmlu-pro,None,1.0,0.025,0.05,34,0.08092723786830902,0.8888386805241754
mmlu-pro,None,1.0,0.025,0.05,35,0.08172933757305145,0.8892905558065974
mmlu-pro,None,1.0,0.025,0.05,36,0.08137623220682144,0.8960686850429281
mmlu-pro,None,1.0,0.025,0.05,37,0.08010531961917877,0.8820605512878446
mmlu-pro,None,1.0,0.025,0.05,38,0.08051154017448425,0.8910980569362856
mmlu-pro,None,1.0,0.025,0.05,39,0.0793805792927742,0.8847718029823769
mmlu-pro,None,1.0,0.025,0.05,40,0.08060501515865326,0.886127428829643
mmlu-pro,None,1.0,0.025,0.05,41,0.08034346997737885,0.8843199276999548
mmlu-pro,None,1.0,0.025,0.05,42,0.08150725066661835,0.8874830546769092
mmlu-pro,None,1.0,0.025,0.05,43,0.0811614915728569,0.885223678264799
mmlu-pro,None,1.0,0.025,0.05,44,0.08123350143432617,0.8888386805241754
mmlu-pro,None,1.0,0.025,0.05,45,0.08082013577222824,0.8834161771351108
mmlu-pro,None,1.0,0.025,0.05,46,0.07807645946741104,0.8897424310890195
mmlu-pro,None,1.0,0.025,0.05,47,0.07902342081069946,0.8838680524175327
mmlu-pro,None,1.0,0.025,0.05,48,0.07953348010778427,0.8847718029823769
mmlu-pro,None,1.0,0.025,0.05,49,0.08162504434585571,0.8897424310890195
mmlu-pro,None,1.0,0.025,0.05,50,0.08034391701221466,0.8834161771351108
mmlu-pro,None,1.0,0.025,0.05,51,0.07998555153608322,0.8843199276999548
mmlu-pro,None,1.0,0.025,0.05,52,0.07904793322086334,0.885223678264799
mmlu-pro,None,1.0,0.025,0.05,53,0.0797235369682312,0.8798011748757343
mmlu-pro,None,1.0,0.025,0.05,54,0.07823290675878525,0.8671486669679169
mmlu-pro,None,1.0,0.025,0.05,55,0.08040568977594376,0.885223678264799
mmlu-pro,None,1.0,0.025,0.05,56,0.08021655678749084,0.8716674197921374
mmlu-pro,None,1.0,0.025,0.05,57,0.08008333295583725,0.885675553547221
mmlu-pro,None,1.0,0.025,0.05,58,0.08088807016611099,0.8906461816538636
mmlu-pro,None,1.0,0.025,0.05,59,0.07936110347509384,0.8793492995933123
mmlu-pro,None,1.0,0.025,0.05,60,0.07919921725988388,0.8865793041120651
mmlu-pro,None,1.0,0.025,0.05,61,0.07683596760034561,0.8671486669679169
mmlu-pro,None,1.0,0.025,0.05,62,0.07898782938718796,0.859918662449164
mmlu-pro,None,1.0,0.025,0.05,63,0.07988051325082779,0.8847718029823769
mmlu-pro,None,1.0,0.025,0.05,64,0.0818253606557846,0.8784455490284682
mmlu-pro,None,1.0,0.025,0.05,65,0.08010699599981308,0.8807049254405784
mmlu-pro,None,1.0,0.025,0.25,33,0.07059421390295029,0.9322187076366923
mmlu-pro,None,1.0,0.025,0.25,34,0.07064182311296463,0.9344780840488026
mmlu-pro,None,1.0,0.025,0.25,35,0.07078298181295395,0.9399005874378672
mmlu-pro,None,1.0,0.025,0.25,36,0.070501908659935,0.9299593312245821
mmlu-pro,None,1.0,0.025,0.25,37,0.07040923833847046,0.9371893357433349
mmlu-pro,None,1.0,0.025,0.25,38,0.07093147188425064,0.9331224582015364
mmlu-pro,None,1.0,0.025,0.25,39,0.07020676881074905,0.9403524627202893
mmlu-pro,None,1.0,0.025,0.25,40,0.07072741538286209,0.9240849525530954
mmlu-pro,None,1.0,0.025,0.25,41,0.07072072476148605,0.9326705829191143
mmlu-pro,None,1.0,0.025,0.25,42,0.0706566721200943,0.9367374604609128
mmlu-pro,None,1.0,0.025,0.25,43,0.07066762447357178,0.9331224582015364
mmlu-pro,None,1.0,0.025,0.25,44,0.07077987492084503,0.9317668323542703
mmlu-pro,None,1.0,0.025,0.25,45,0.07098770886659622,0.9317668323542703
mmlu-pro,None,1.0,0.025,0.25,46,0.0704229399561882,0.9349299593312246
mmlu-pro,None,1.0,0.025,0.25,47,0.0709051564335823,0.9299593312245821
mmlu-pro,None,1.0,0.025,0.25,48,0.07067336142063141,0.9286037053773158
mmlu-pro,None,1.0,0.025,0.25,49,0.07122150808572769,0.938996836873023
mmlu-pro,None,1.0,0.025,0.25,50,0.07066420465707779,0.9317668323542703
mmlu-pro,None,1.0,0.025,0.25,51,0.07080689072608948,0.9245368278355174
mmlu-pro,None,1.0,0.025,0.25,52,0.07056307047605515,0.9349299593312246
mmlu-pro,None,1.0,0.025,0.25,53,0.0709359347820282,0.9362855851784908
mmlu-pro,None,1.0,0.025,0.25,54,0.07062583416700363,0.9335743334839585
mmlu-pro,None,1.0,0.025,0.25,55,0.07122528553009033,0.9240849525530954
mmlu-pro,None,1.0,0.025,0.25,56,0.07045107334852219,0.9263443289652057
mmlu-pro,None,1.0,0.025,0.25,57,0.07056915760040283,0.9335743334839585
mmlu-pro,None,1.0,0.025,0.25,58,0.07080177217721939,0.9362855851784908
mmlu-pro,None,1.0,0.025,0.25,59,0.07048909366130829,0.9263443289652057
mmlu-pro,None,1.0,0.025,0.25,60,0.07038140296936035,0.9258924536827836
mmlu-pro,None,1.0,0.025,0.25,61,0.07036323845386505,0.9290555806597379
mmlu-pro,None,1.0,0.025,0.25,62,0.07042073458433151,0.9281518300948939
mmlu-pro,None,1.0,0.025,0.25,63,0.07064934074878693,0.9326705829191143
mmlu-pro,None,1.0,0.025,0.25,64,0.07162992656230927,0.9349299593312246
mmlu-pro,None,1.0,0.025,0.25,65,0.07003897428512573,0.9245368278355174
mmlu-pro,None,1.0,0.025,0.5,33,0.06818722188472748,0.9358337098960687
mmlu-pro,None,1.0,0.025,0.5,34,0.06855618208646774,0.9453230908269318
mmlu-pro,None,1.0,0.025,0.5,35,0.06865785270929337,0.9435155896972436
mmlu-pro,None,1.0,0.025,0.5,36,0.06830994784832001,0.9426118391323995
mmlu-pro,None,1.0,0.025,0.5,37,0.06847188621759415,0.9403524627202893
mmlu-pro,None,1.0,0.025,0.5,38,0.06862964481115341,0.946678716674198
mmlu-pro,None,1.0,0.025,0.5,39,0.06859789043664932,0.9507455942159965
mmlu-pro,None,1.0,0.025,0.5,40,0.06857778131961823,0.9421599638499775
mmlu-pro,None,1.0,0.025,0.5,41,0.06847769767045975,0.9448712155445097
mmlu-pro,None,1.0,0.025,0.5,42,0.0685049295425415,0.9444193402620877
mmlu-pro,None,1.0,0.025,0.5,43,0.06846302002668381,0.9403524627202893
mmlu-pro,None,1.0,0.025,0.5,44,0.06832059472799301,0.9308630817894261
mmlu-pro,None,1.0,0.025,0.5,45,0.06870204210281372,0.9394487121554451
mmlu-pro,None,1.0,0.025,0.5,46,0.06847415864467621,0.9417080885675554
mmlu-pro,None,1.0,0.025,0.5,47,0.06826996803283691,0.9426118391323995
mmlu-pro,None,1.0,0.025,0.5,48,0.06830120831727982,0.947582467239042
mmlu-pro,None,1.0,0.025,0.5,49,0.06863032281398773,0.94713059195662
mmlu-pro,None,1.0,0.025,0.5,50,0.06857325881719589,0.9403524627202893
mmlu-pro,None,1.0,0.025,0.5,51,0.0682804137468338,0.9331224582015364
mmlu-pro,None,1.0,0.025,0.5,52,0.06791910529136658,0.9326705829191143
mmlu-pro,None,1.0,0.025,0.5,53,0.0683021992444992,0.9444193402620877
mmlu-pro,None,1.0,0.025,0.5,54,0.0684513971209526,0.947582467239042
mmlu-pro,None,1.0,0.025,0.5,55,0.0689268484711647,0.9412562132851333
mmlu-pro,None,1.0,0.025,0.5,56,0.0685822069644928,0.9417080885675554
mmlu-pro,None,1.0,0.025,0.5,57,0.0683542937040329,0.9313149570718482
mmlu-pro,None,1.0,0.025,0.5,58,0.06882528215646744,0.9358337098960687
mmlu-pro,None,1.0,0.025,0.5,59,0.06827018409967422,0.9353818346136467
mmlu-pro,None,1.0,0.025,0.5,60,0.06847307831048965,0.9462268413917759
mmlu-pro,None,1.0,0.025,0.5,61,0.06834866851568222,0.938996836873023
mmlu-pro,None,1.0,0.025,0.5,62,0.06843317300081253,0.9421599638499775
mmlu-pro,None,1.0,0.025,0.5,63,0.06851712614297867,0.9507455942159965
mmlu-pro,None,1.0,0.025,0.5,64,0.0687355175614357,0.9430637144148215
mmlu-pro,None,1.0,0.025,0.5,65,0.06833627074956894,0.9353818346136467
mmlu-pro,None,1.0,0.025,0.75,33,0.07062845677137375,0.9417080885675554
mmlu-pro,None,1.0,0.025,0.75,34,0.07081496715545654,0.9493899683687302
mmlu-pro,None,1.0,0.025,0.75,35,0.07082730531692505,0.947582467239042
mmlu-pro,None,1.0,0.025,0.75,36,0.07055006176233292,0.9448712155445097
mmlu-pro,None,1.0,0.025,0.75,37,0.07069678604602814,0.9426118391323995
mmlu-pro,None,1.0,0.025,0.75,38,0.07065699994564056,0.9435155896972436
mmlu-pro,None,1.0,0.025,0.75,39,0.07089705020189285,0.9462268413917759
mmlu-pro,None,1.0,0.025,0.75,40,0.07078523933887482,0.9385449615906011
mmlu-pro,None,1.0,0.025,0.75,41,0.07060976326465607,0.9507455942159965
mmlu-pro,None,1.0,0.025,0.75,42,0.07069127261638641,0.9444193402620877
mmlu-pro,None,1.0,0.025,0.75,43,0.07055912166833878,0.9525530953456847
mmlu-pro,None,1.0,0.025,0.75,44,0.07047164440155029,0.947582467239042
mmlu-pro,None,1.0,0.025,0.75,45,0.07059049606323242,0.9498418436511523
mmlu-pro,None,1.0,0.025,0.75,46,0.07065121829509735,0.9439674649796657
mmlu-pro,None,1.0,0.025,0.75,47,0.07036814093589783,0.9435155896972436
mmlu-pro,None,1.0,0.025,0.75,48,0.07071112841367722,0.9453230908269318
mmlu-pro,None,1.0,0.025,0.75,49,0.07071250677108765,0.9502937189335744
mmlu-pro,None,1.0,0.025,0.75,50,0.07067593932151794,0.9516493447808405
mmlu-pro,None,1.0,0.025,0.75,51,0.07063420116901398,0.9412562132851333
mmlu-pro,None,1.0,0.025,0.75,52,0.07035080343484879,0.9403524627202893
mmlu-pro,None,1.0,0.025,0.75,53,0.07071410864591599,0.947582467239042
mmlu-pro,None,1.0,0.025,0.75,54,0.07087071985006332,0.9453230908269318
mmlu-pro,None,1.0,0.025,0.75,55,0.0709855705499649,0.9439674649796657
mmlu-pro,None,1.0,0.025,0.75,56,0.07072471082210541,0.9403524627202893
mmlu-pro,None,1.0,0.025,0.75,57,0.07044060528278351,0.9439674649796657
mmlu-pro,None,1.0,0.025,0.75,58,0.07071274518966675,0.9444193402620877
mmlu-pro,None,1.0,0.025,0.75,59,0.07059168070554733,0.9480343425214641
mmlu-pro,None,1.0,0.025,0.75,60,0.07046318799257278,0.9462268413917759
mmlu-pro,None,1.0,0.025,0.75,61,0.07051395624876022,0.9399005874378672
mmlu-pro,None,1.0,0.025,0.75,62,0.07057622820138931,0.9322187076366923
mmlu-pro,None,1.0,0.025,0.75,63,0.07065784931182861,0.9421599638499775
mmlu-pro,None,1.0,0.025,0.75,64,0.07065119594335556,0.9493899683687302
mmlu-pro,None,1.0,0.025,0.75,65,0.07056576758623123,0.9403524627202893
mmlu-pro,None,1.0,0.05,0.05,33,0.05019700527191162,0.902846814279259
mmlu-pro,None,1.0,0.05,0.05,34,0.05073725804686546,0.9195661997288749
mmlu-pro,None,1.0,0.05,0.05,35,0.05088144168257713,0.9195661997288749
mmlu-pro,None,1.0,0.05,0.05,36,0.05085800960659981,0.9195661997288749
mmlu-pro,None,1.0,0.05,0.05,37,0.050305526703596115,0.9096249435155898
mmlu-pro,None,1.0,0.05,0.05,38,0.05044407770037651,0.9060099412562134
mmlu-pro,None,1.0,0.05,0.05,39,0.04999490827322006,0.9204699502937189
mmlu-pro,None,1.0,0.05,0.05,40,0.05046942085027695,0.9136918210573882
mmlu-pro,None,1.0,0.05,0.05,41,0.05024624988436699,0.9042024401265251
mmlu-pro,None,1.0,0.05,0.05,42,0.05089735612273216,0.9204699502937189
mmlu-pro,None,1.0,0.05,0.05,43,0.0508008673787117,0.9105286940804338
mmlu-pro,None,1.0,0.05,0.05,44,0.05054176598787308,0.9132399457749661
mmlu-pro,None,1.0,0.05,0.05,45,0.05047900974750519,0.9042024401265251
mmlu-pro,None,1.0,0.05,0.05,46,0.04946957901120186,0.9159511974694985
mmlu-pro,None,1.0,0.05,0.05,47,0.04984954372048378,0.9109805693628559
mmlu-pro,None,1.0,0.05,0.05,48,0.049979522824287415,0.9100768187980118
mmlu-pro,None,1.0,0.05,0.05,49,0.05079881101846695,0.9168549480343425
mmlu-pro,None,1.0,0.05,0.05,50,0.05066473037004471,0.911432444645278
mmlu-pro,None,1.0,0.05,0.05,51,0.05014536529779434,0.9105286940804338
mmlu-pro,None,1.0,0.05,0.05,52,0.04952045902609825,0.9023949389968369
mmlu-pro,None,1.0,0.05,0.05,53,0.04980268329381943,0.9087211929507456
mmlu-pro,None,1.0,0.05,0.05,54,0.04902943596243858,0.9060099412562134
mmlu-pro,None,1.0,0.05,0.05,55,0.049982380121946335,0.9001355625847266
mmlu-pro,None,1.0,0.05,0.05,56,0.05035233497619629,0.8987799367374605
mmlu-pro,None,1.0,0.05,0.05,57,0.05026841163635254,0.912336195210122
mmlu-pro,None,1.0,0.05,0.05,58,0.050810806453228,0.9037505648441031
mmlu-pro,None,1.0,0.05,0.05,59,0.05003849416971207,0.9159511974694985
mmlu-pro,None,1.0,0.05,0.05,60,0.049617741256952286,0.9069136918210574
mmlu-pro,None,1.0,0.05,0.05,61,0.04873180761933327,0.8965205603253502
mmlu-pro,None,1.0,0.05,0.05,62,0.04931548237800598,0.8901943063714415
mmlu-pro,None,1.0,0.05,0.05,63,0.05005403235554695,0.9060099412562134
mmlu-pro,None,1.0,0.05,0.05,64,0.05095328018069267,0.903298689561681
mmlu-pro,None,1.0,0.05,0.05,65,0.05007028579711914,0.9042024401265251
mmlu-pro,None,1.0,0.05,0.25,33,0.044152941554784775,0.9385449615906011
mmlu-pro,None,1.0,0.05,0.25,34,0.04413456469774246,0.9444193402620877
mmlu-pro,None,1.0,0.05,0.25,35,0.044088851660490036,0.9516493447808405
mmlu-pro,None,1.0,0.05,0.25,36,0.043944161385297775,0.9344780840488026
mmlu-pro,None,1.0,0.05,0.25,37,0.04396634176373482,0.9435155896972436
mmlu-pro,None,1.0,0.05,0.25,38,0.04416418820619583,0.9331224582015364
mmlu-pro,None,1.0,0.05,0.25,39,0.04392996430397034,0.9525530953456847
mmlu-pro,None,1.0,0.05,0.25,40,0.044079385697841644,0.9263443289652057
mmlu-pro,None,1.0,0.05,0.25,41,0.044040244072675705,0.94713059195662
mmlu-pro,None,1.0,0.05,0.25,42,0.044009383767843246,0.9453230908269318
mmlu-pro,None,1.0,0.05,0.25,43,0.04409722983837128,0.9317668323542703
mmlu-pro,None,1.0,0.05,0.25,44,0.04418525844812393,0.9439674649796657
mmlu-pro,None,1.0,0.05,0.25,45,0.04416537284851074,0.9353818346136467
mmlu-pro,None,1.0,0.05,0.25,46,0.04391840472817421,0.9480343425214641
mmlu-pro,None,1.0,0.05,0.25,47,0.04414284601807594,0.9344780840488026
mmlu-pro,None,1.0,0.05,0.25,48,0.04411577805876732,0.9385449615906011
mmlu-pro,None,1.0,0.05,0.25,49,0.044274087995290756,0.9435155896972436
mmlu-pro,None,1.0,0.05,0.25,50,0.04417882487177849,0.9480343425214641
mmlu-pro,None,1.0,0.05,0.25,51,0.044130828231573105,0.9335743334839585
mmlu-pro,None,1.0,0.05,0.25,52,0.043980672955513,0.9421599638499775
mmlu-pro,None,1.0,0.05,0.25,53,0.04406530037522316,0.9367374604609128
mmlu-pro,None,1.0,0.05,0.25,54,0.04404756426811218,0.9394487121554451
mmlu-pro,None,1.0,0.05,0.25,55,0.04413687437772751,0.9281518300948939
mmlu-pro,None,1.0,0.05,0.25,56,0.04392315819859505,0.9308630817894261
mmlu-pro,None,1.0,0.05,0.25,57,0.04395142197608948,0.9430637144148215
mmlu-pro,None,1.0,0.05,0.25,58,0.044239357113838196,0.947582467239042
mmlu-pro,None,1.0,0.05,0.25,59,0.04399862140417099,0.9399005874378672
mmlu-pro,None,1.0,0.05,0.25,60,0.04389370232820511,0.9412562132851333
mmlu-pro,None,1.0,0.05,0.25,61,0.04386322200298309,0.9403524627202893
mmlu-pro,None,1.0,0.05,0.25,62,0.043927039951086044,0.9362855851784908
mmlu-pro,None,1.0,0.05,0.25,63,0.043986059725284576,0.9376412110257569
mmlu-pro,None,1.0,0.05,0.25,64,0.044425640255212784,0.9371893357433349
mmlu-pro,None,1.0,0.05,0.25,65,0.04377482458949089,0.9367374604609128
mmlu-pro,None,1.0,0.05,0.5,33,0.043069496750831604,0.9417080885675554
mmlu-pro,None,1.0,0.05,0.5,34,0.043210119009017944,0.9498418436511523
mmlu-pro,None,1.0,0.05,0.5,35,0.04324646666646004,0.9507455942159965
mmlu-pro,None,1.0,0.05,0.5,36,0.042987972497940063,0.9376412110257569
mmlu-pro,None,1.0,0.05,0.5,37,0.043113674968481064,0.9417080885675554
mmlu-pro,None,1.0,0.05,0.5,38,0.04314084351062775,0.9430637144148215
mmlu-pro,None,1.0,0.05,0.5,39,0.043204959481954575,0.9525530953456847
mmlu-pro,None,1.0,0.05,0.5,40,0.0432162880897522,0.9448712155445097
mmlu-pro,None,1.0,0.05,0.5,41,0.04312034696340561,0.9498418436511523
mmlu-pro,None,1.0,0.05,0.5,42,0.04318613559007645,0.9444193402620877
mmlu-pro,None,1.0,0.05,0.5,43,0.043142110109329224,0.9408043380027112
mmlu-pro,None,1.0,0.05,0.5,44,0.04317593201994896,0.9484862178038862
mmlu-pro,None,1.0,0.05,0.5,45,0.04318450763821602,0.9417080885675554
mmlu-pro,None,1.0,0.05,0.5,46,0.043069589883089066,0.9417080885675554
mmlu-pro,None,1.0,0.05,0.5,47,0.04305732250213623,0.9408043380027112
mmlu-pro,None,1.0,0.05,0.5,48,0.043047454208135605,0.9435155896972436
mmlu-pro,None,1.0,0.05,0.5,49,0.043243199586868286,0.9462268413917759
mmlu-pro,None,1.0,0.05,0.5,50,0.043206702917814255,0.9430637144148215
mmlu-pro,None,1.0,0.05,0.5,51,0.043091580271720886,0.9399005874378672
mmlu-pro,None,1.0,0.05,0.5,52,0.042869485914707184,0.9453230908269318
mmlu-pro,None,1.0,0.05,0.5,53,0.04306800290942192,0.9457749661093539
mmlu-pro,None,1.0,0.05,0.5,54,0.043116938322782516,0.938996836873023
mmlu-pro,None,1.0,0.05,0.5,55,0.04333081468939781,0.9367374604609128
mmlu-pro,None,1.0,0.05,0.5,56,0.043150998651981354,0.9399005874378672
mmlu-pro,None,1.0,0.05,0.5,57,0.04300578683614731,0.9457749661093539
mmlu-pro,None,1.0,0.05,0.5,58,0.043313875794410706,0.9480343425214641
mmlu-pro,None,1.0,0.05,0.5,59,0.043062206357717514,0.9516493447808405
mmlu-pro,None,1.0,0.05,0.5,60,0.04312116652727127,0.9552643470402169
mmlu-pro,None,1.0,0.05,0.5,61,0.04306374490261078,0.9430637144148215
mmlu-pro,None,1.0,0.05,0.5,62,0.04312247782945633,0.9371893357433349
mmlu-pro,None,1.0,0.05,0.5,63,0.043161939829587936,0.9552643470402169
mmlu-pro,None,1.0,0.05,0.5,64,0.043203506618738174,0.94713059195662
mmlu-pro,None,1.0,0.05,0.5,65,0.04308903217315674,0.9484862178038862
mmlu-pro,None,1.0,0.05,0.75,33,0.04506202042102814,0.9435155896972436
mmlu-pro,None,1.0,0.05,0.75,34,0.04512329399585724,0.9543605964753729
mmlu-pro,None,1.0,0.05,0.75,35,0.04514385759830475,0.9448712155445097
mmlu-pro,None,1.0,0.05,0.75,36,0.0449729822576046,0.9439674649796657
mmlu-pro,None,1.0,0.05,0.75,37,0.04505001753568649,0.9453230908269318
mmlu-pro,None,1.0,0.05,0.75,38,0.045007895678281784,0.9353818346136467
mmlu-pro,None,1.0,0.05,0.75,39,0.04512150585651398,0.955716222322639
mmlu-pro,None,1.0,0.05,0.75,40,0.04513163864612579,0.9489380930863082
mmlu-pro,None,1.0,0.05,0.75,41,0.045045915991067886,0.955716222322639
mmlu-pro,None,1.0,0.05,0.75,42,0.045098476111888885,0.9457749661093539
mmlu-pro,None,1.0,0.05,0.75,43,0.045042283833026886,0.9430637144148215
mmlu-pro,None,1.0,0.05,0.75,44,0.04502943530678749,0.9539087211929508
mmlu-pro,None,1.0,0.05,0.75,45,0.04498674347996712,0.9530049706281066
mmlu-pro,None,1.0,0.05,0.75,46,0.04497744143009186,0.9498418436511523
mmlu-pro,None,1.0,0.05,0.75,47,0.04493355751037598,0.9493899683687302
mmlu-pro,None,1.0,0.05,0.75,48,0.04504310339689255,0.9457749661093539
mmlu-pro,None,1.0,0.05,0.75,49,0.04509003087878227,0.9539087211929508
mmlu-pro,None,1.0,0.05,0.75,50,0.0451057106256485,0.9521012200632626
mmlu-pro,None,1.0,0.05,0.75,51,0.04506414756178856,0.9376412110257569
mmlu-pro,None,1.0,0.05,0.75,52,0.0449291355907917,0.9349299593312246
mmlu-pro,None,1.0,0.05,0.75,53,0.045105308294296265,0.9516493447808405
mmlu-pro,None,1.0,0.05,0.75,54,0.045095037668943405,0.9453230908269318
mmlu-pro,None,1.0,0.05,0.75,55,0.04518338292837143,0.9448712155445097
mmlu-pro,None,1.0,0.05,0.75,56,0.04506799951195717,0.9480343425214641
mmlu-pro,None,1.0,0.05,0.75,57,0.04494813457131386,0.947582467239042
mmlu-pro,None,1.0,0.05,0.75,58,0.04510130360722542,0.947582467239042
mmlu-pro,None,1.0,0.05,0.75,59,0.045039739459753036,0.947582467239042
mmlu-pro,None,1.0,0.05,0.75,60,0.044983264058828354,0.9525530953456847
mmlu-pro,None,1.0,0.05,0.75,61,0.04497099295258522,0.9511974694984184
mmlu-pro,None,1.0,0.05,0.75,62,0.0450153574347496,0.9444193402620877
mmlu-pro,None,1.0,0.05,0.75,63,0.04508853331208229,0.9453230908269318
mmlu-pro,None,1.0,0.05,0.75,64,0.04503100737929344,0.94713059195662
mmlu-pro,None,1.0,0.05,0.75,65,0.045024700462818146,0.9489380930863082
mmlu-pro,None,1.0,0.075,0.05,33,0.03770623728632927,0.9145955716222323
mmlu-pro,None,1.0,0.075,0.05,34,0.03806152939796448,0.9245368278355174
mmlu-pro,None,1.0,0.075,0.05,35,0.03800496459007263,0.9240849525530954
mmlu-pro,None,1.0,0.075,0.05,36,0.038069047033786774,0.9267962042476277
mmlu-pro,None,1.0,0.075,0.05,37,0.03768957406282425,0.9222774514234072
mmlu-pro,None,1.0,0.075,0.05,38,0.03793150931596756,0.9186624491640307
mmlu-pro,None,1.0,0.075,0.05,39,0.03774551302194595,0.9245368278355174
mmlu-pro,None,1.0,0.075,0.05,40,0.037802986800670624,0.92950745594216
mmlu-pro,None,1.0,0.075,0.05,41,0.03774530440568924,0.9182105738816088
mmlu-pro,None,1.0,0.075,0.05,42,0.038271281868219376,0.9281518300948939
mmlu-pro,None,1.0,0.075,0.05,43,0.03789403289556503,0.9145955716222323
mmlu-pro,None,1.0,0.075,0.05,44,0.03810318931937218,0.9267962042476277
mmlu-pro,None,1.0,0.075,0.05,45,0.03797217085957527,0.9177586985991867
mmlu-pro,None,1.0,0.075,0.05,46,0.03730875626206398,0.9154993221870764
mmlu-pro,None,1.0,0.075,0.05,47,0.03745097666978836,0.9195661997288749
mmlu-pro,None,1.0,0.075,0.05,48,0.03775050491094589,0.9154993221870764
mmlu-pro,None,1.0,0.075,0.05,49,0.03810996934771538,0.9299593312245821
mmlu-pro,None,1.0,0.075,0.05,50,0.038072776049375534,0.9236330772706733
mmlu-pro,None,1.0,0.075,0.05,51,0.03757954761385918,0.9177586985991867
mmlu-pro,None,1.0,0.075,0.05,52,0.03739804029464722,0.9046543154089471
mmlu-pro,None,1.0,0.075,0.05,53,0.037494685500860214,0.9132399457749661
mmlu-pro,None,1.0,0.075,0.05,54,0.03701934590935707,0.9091730682331677
mmlu-pro,None,1.0,0.075,0.05,55,0.03756287693977356,0.9145955716222323
mmlu-pro,None,1.0,0.075,0.05,56,0.03784502297639847,0.9010393131495708
mmlu-pro,None,1.0,0.075,0.05,57,0.03779435157775879,0.9236330772706733
mmlu-pro,None,1.0,0.075,0.05,58,0.038175541907548904,0.9245368278355174
mmlu-pro,None,1.0,0.075,0.05,59,0.03762537240982056,0.920921825576141
mmlu-pro,None,1.0,0.075,0.05,60,0.03737635910511017,0.9154993221870764
mmlu-pro,None,1.0,0.075,0.05,61,0.036681391298770905,0.9042024401265251
mmlu-pro,None,1.0,0.075,0.05,62,0.03726188465952873,0.9118843199277
mmlu-pro,None,1.0,0.075,0.05,63,0.03755391389131546,0.9164030727519205
mmlu-pro,None,1.0,0.075,0.05,64,0.03816000372171402,0.9096249435155898
mmlu-pro,None,1.0,0.075,0.05,65,0.03752223774790764,0.9141436963398103
mmlu-pro,None,1.0,0.075,0.25,33,0.03322632610797882,0.9412562132851333
mmlu-pro,None,1.0,0.075,0.25,34,0.03327999636530876,0.94713059195662
mmlu-pro,None,1.0,0.075,0.25,35,0.03323693946003914,0.9489380930863082
mmlu-pro,None,1.0,0.075,0.25,36,0.03318274766206741,0.9417080885675554
mmlu-pro,None,1.0,0.075,0.25,37,0.03316352516412735,0.947582467239042
mmlu-pro,None,1.0,0.075,0.25,38,0.033307358622550964,0.9362855851784908
mmlu-pro,None,1.0,0.075,0.25,39,0.033201441168785095,0.9498418436511523
mmlu-pro,None,1.0,0.075,0.25,40,0.03320726007223129,0.9367374604609128
mmlu-pro,None,1.0,0.075,0.25,41,0.03326985612511635,0.9426118391323995
mmlu-pro,None,1.0,0.075,0.25,42,0.03324880823493004,0.9484862178038862
mmlu-pro,None,1.0,0.075,0.25,43,0.033205047249794006,0.9358337098960687
mmlu-pro,None,1.0,0.075,0.25,44,0.03334294259548187,0.9462268413917759
mmlu-pro,None,1.0,0.075,0.25,45,0.033310409635305405,0.9394487121554451
mmlu-pro,None,1.0,0.075,0.25,46,0.0331232026219368,0.9417080885675554
mmlu-pro,None,1.0,0.075,0.25,47,0.03325727954506874,0.9426118391323995
mmlu-pro,None,1.0,0.075,0.25,48,0.03327248990535736,0.9408043380027112
mmlu-pro,None,1.0,0.075,0.25,49,0.03341221064329147,0.9498418436511523
mmlu-pro,None,1.0,0.075,0.25,50,0.03330901637673378,0.9502937189335744
mmlu-pro,None,1.0,0.075,0.25,51,0.03324730694293976,0.9358337098960687
mmlu-pro,None,1.0,0.075,0.25,52,0.03321792930364609,0.9421599638499775
mmlu-pro,None,1.0,0.075,0.25,53,0.033237431198358536,0.9421599638499775
mmlu-pro,None,1.0,0.075,0.25,54,0.03322654590010643,0.9358337098960687
mmlu-pro,None,1.0,0.075,0.25,55,0.03328578546643257,0.9385449615906011
mmlu-pro,None,1.0,0.075,0.25,56,0.033111557364463806,0.9317668323542703
mmlu-pro,None,1.0,0.075,0.25,57,0.03319815173745155,0.9453230908269318
mmlu-pro,None,1.0,0.075,0.25,58,0.03337777033448219,0.9430637144148215
mmlu-pro,None,1.0,0.075,0.25,59,0.0332038551568985,0.9448712155445097
mmlu-pro,None,1.0,0.075,0.25,60,0.033161941915750504,0.94713059195662
mmlu-pro,None,1.0,0.075,0.25,61,0.03307082876563072,0.9448712155445097
mmlu-pro,None,1.0,0.075,0.25,62,0.033160462975502014,0.9358337098960687
mmlu-pro,None,1.0,0.075,0.25,63,0.03319341689348221,0.9367374604609128
mmlu-pro,None,1.0,0.075,0.25,64,0.03348517417907715,0.9394487121554451
mmlu-pro,None,1.0,0.075,0.25,65,0.033051714301109314,0.9358337098960687
mmlu-pro,None,1.0,0.075,0.5,33,0.03272722661495209,0.9484862178038862
mmlu-pro,None,1.0,0.075,0.5,34,0.03279026597738266,0.9507455942159965
mmlu-pro,None,1.0,0.075,0.5,35,0.032850027084350586,0.9489380930863082
mmlu-pro,None,1.0,0.075,0.5,36,0.032714396715164185,0.9421599638499775
mmlu-pro,None,1.0,0.075,0.5,37,0.032753825187683105,0.9399005874378672
mmlu-pro,None,1.0,0.075,0.5,38,0.03279208019375801,0.9417080885675554
mmlu-pro,None,1.0,0.075,0.5,39,0.03284525126218796,0.9530049706281066
mmlu-pro,None,1.0,0.075,0.5,40,0.032828640192747116,0.9484862178038862
mmlu-pro,None,1.0,0.075,0.5,41,0.03277215361595154,0.9552643470402169
mmlu-pro,None,1.0,0.075,0.5,42,0.032839395105838776,0.9552643470402169
mmlu-pro,None,1.0,0.075,0.5,43,0.03276858106255531,0.9412562132851333
mmlu-pro,None,1.0,0.075,0.5,44,0.032815199345350266,0.9417080885675554
mmlu-pro,None,1.0,0.075,0.5,45,0.03281690180301666,0.9376412110257569
mmlu-pro,None,1.0,0.075,0.5,46,0.032718904316425323,0.9412562132851333
mmlu-pro,None,1.0,0.075,0.5,47,0.03270065784454346,0.9484862178038862
mmlu-pro,None,1.0,0.075,0.5,48,0.03275083750486374,0.9462268413917759
mmlu-pro,None,1.0,0.075,0.5,49,0.032857492566108704,0.94713059195662
mmlu-pro,None,1.0,0.075,0.5,50,0.0328044630587101,0.9480343425214641
mmlu-pro,None,1.0,0.075,0.5,51,0.032746270298957825,0.9430637144148215
mmlu-pro,None,1.0,0.075,0.5,52,0.032644663006067276,0.9435155896972436
mmlu-pro,None,1.0,0.075,0.5,53,0.032716963440179825,0.9453230908269318
mmlu-pro,None,1.0,0.075,0.5,54,0.032794155180454254,0.9435155896972436
mmlu-pro,None,1.0,0.075,0.5,55,0.03287743404507637,0.9444193402620877
mmlu-pro,None,1.0,0.075,0.5,56,0.03276369348168373,0.9435155896972436
mmlu-pro,None,1.0,0.075,0.5,57,0.03272101283073425,0.9457749661093539
mmlu-pro,None,1.0,0.075,0.5,58,0.03292495757341385,0.946678716674198
mmlu-pro,None,1.0,0.075,0.5,59,0.03271045908331871,0.9480343425214641
mmlu-pro,None,1.0,0.075,0.5,60,0.03277761489152908,0.9534568459105287
mmlu-pro,None,1.0,0.075,0.5,61,0.032680146396160126,0.9489380930863082
mmlu-pro,None,1.0,0.075,0.5,62,0.03278658539056778,0.9448712155445097
mmlu-pro,None,1.0,0.075,0.5,63,0.032806187868118286,0.9498418436511523
mmlu-pro,None,1.0,0.075,0.5,64,0.03283596411347389,0.9493899683687302
mmlu-pro,None,1.0,0.075,0.5,65,0.0327591709792614,0.9448712155445097
mmlu-pro,None,1.0,0.075,0.75,33,0.034494947642087936,0.9412562132851333
mmlu-pro,None,1.0,0.075,0.75,34,0.03449326381087303,0.9498418436511523
mmlu-pro,None,1.0,0.075,0.75,35,0.034525755792856216,0.9575237234523272
mmlu-pro,None,1.0,0.075,0.75,36,0.034443870186805725,0.9421599638499775
mmlu-pro,None,1.0,0.075,0.75,37,0.034461282193660736,0.9417080885675554
mmlu-pro,None,1.0,0.075,0.75,38,0.03445015475153923,0.9367374604609128
mmlu-pro,None,1.0,0.075,0.75,39,0.034529492259025574,0.947582467239042
mmlu-pro,None,1.0,0.075,0.75,40,0.03453359007835388,0.9448712155445097
mmlu-pro,None,1.0,0.075,0.75,41,0.034482646733522415,0.955716222322639
mmlu-pro,None,1.0,0.075,0.75,42,0.03452984243631363,0.94713059195662
mmlu-pro,None,1.0,0.075,0.75,43,0.0344642736017704,0.9430637144148215
mmlu-pro,None,1.0,0.075,0.75,44,0.03448348492383957,0.9511974694984184
mmlu-pro,None,1.0,0.075,0.75,45,0.0344688855111599,0.9480343425214641
mmlu-pro,None,1.0,0.075,0.75,46,0.03442865237593651,0.9484862178038862
mmlu-pro,None,1.0,0.075,0.75,47,0.03438177704811096,0.956168097605061
mmlu-pro,None,1.0,0.075,0.75,48,0.03447843715548515,0.9444193402620877
mmlu-pro,None,1.0,0.075,0.75,49,0.034508876502513885,0.9484862178038862
mmlu-pro,None,1.0,0.075,0.75,50,0.03449282422661781,0.9521012200632626
mmlu-pro,None,1.0,0.075,0.75,51,0.034482233226299286,0.9439674649796657
mmlu-pro,None,1.0,0.075,0.75,52,0.034399084746837616,0.9371893357433349
mmlu-pro,None,1.0,0.075,0.75,53,0.034481145441532135,0.9511974694984184
mmlu-pro,None,1.0,0.075,0.75,54,0.03452440723776817,0.9448712155445097
mmlu-pro,None,1.0,0.075,0.75,55,0.03455977514386177,0.9493899683687302
mmlu-pro,None,1.0,0.075,0.75,56,0.034456390887498856,0.9457749661093539
mmlu-pro,None,1.0,0.075,0.75,57,0.03441840782761574,0.9530049706281066
mmlu-pro,None,1.0,0.075,0.75,58,0.03454087674617767,0.9453230908269318
mmlu-pro,None,1.0,0.075,0.75,59,0.03446299955248833,0.9502937189335744
mmlu-pro,None,1.0,0.075,0.75,60,0.03444311395287514,0.9453230908269318
mmlu-pro,None,1.0,0.075,0.75,61,0.034401848912239075,0.9498418436511523
mmlu-pro,None,1.0,0.075,0.75,62,0.03446657583117485,0.9399005874378672
mmlu-pro,None,1.0,0.075,0.75,63,0.03449936956167221,0.94713059195662
mmlu-pro,None,1.0,0.075,0.75,64,0.03445782512426376,0.9444193402620877
mmlu-pro,None,1.0,0.075,0.75,65,0.034475505352020264,0.9530049706281066
mmlu-pro,None,1.0,0.1,0.05,33,0.03056494891643524,0.9182105738816088
mmlu-pro,None,1.0,0.1,0.05,34,0.030896496027708054,0.9258924536827836
mmlu-pro,None,1.0,0.1,0.05,35,0.03089568205177784,0.9308630817894261
mmlu-pro,None,1.0,0.1,0.05,36,0.030870886519551277,0.9281518300948939
mmlu-pro,None,1.0,0.1,0.05,37,0.030772101134061813,0.9191143244464528
mmlu-pro,None,1.0,0.1,0.05,38,0.030831657350063324,0.9168549480343425
mmlu-pro,None,1.0,0.1,0.05,39,0.030741019174456596,0.9340262087663805
mmlu-pro,None,1.0,0.1,0.05,40,0.0306932982057333,0.9254405784003615
mmlu-pro,None,1.0,0.1,0.05,41,0.030648887157440186,0.9191143244464528
mmlu-pro,None,1.0,0.1,0.05,42,0.031085330992937088,0.9263443289652057
mmlu-pro,None,1.0,0.1,0.05,43,0.030710943043231964,0.920921825576141
mmlu-pro,None,1.0,0.1,0.05,44,0.030895495787262917,0.9340262087663805
mmlu-pro,None,1.0,0.1,0.05,45,0.0307611171156168,0.9236330772706733
mmlu-pro,None,1.0,0.1,0.05,46,0.030380848795175552,0.9182105738816088
mmlu-pro,None,1.0,0.1,0.05,47,0.030435573309659958,0.9308630817894261
mmlu-pro,None,1.0,0.1,0.05,48,0.030630232766270638,0.9127880704925441
mmlu-pro,None,1.0,0.1,0.05,49,0.030834536999464035,0.9281518300948939
mmlu-pro,None,1.0,0.1,0.05,50,0.030876217409968376,0.9263443289652057
mmlu-pro,None,1.0,0.1,0.05,51,0.030630026012659073,0.920018075011297
mmlu-pro,None,1.0,0.1,0.05,52,0.03035879135131836,0.9132399457749661
mmlu-pro,None,1.0,0.1,0.05,53,0.030393507331609726,0.9304112065070042
mmlu-pro,None,1.0,0.1,0.05,54,0.03007764369249344,0.9087211929507456
mmlu-pro,None,1.0,0.1,0.05,55,0.030601227656006813,0.920921825576141
mmlu-pro,None,1.0,0.1,0.05,56,0.03063797950744629,0.9064618165386353
mmlu-pro,None,1.0,0.1,0.05,57,0.030594587326049805,0.9191143244464528
mmlu-pro,None,1.0,0.1,0.05,58,0.030883263796567917,0.9249887031179395
mmlu-pro,None,1.0,0.1,0.05,59,0.03054237924516201,0.9168549480343425
mmlu-pro,None,1.0,0.1,0.05,60,0.030370468273758888,0.9231812019882513
mmlu-pro,None,1.0,0.1,0.05,61,0.029967544600367546,0.911432444645278
mmlu-pro,None,1.0,0.1,0.05,62,0.030329639092087746,0.9218255761409851
mmlu-pro,None,1.0,0.1,0.05,63,0.030602794140577316,0.920018075011297
mmlu-pro,None,1.0,0.1,0.05,64,0.031079111620783806,0.9055580659737913
mmlu-pro,None,1.0,0.1,0.05,65,0.030477510765194893,0.9127880704925441
mmlu-pro,None,1.0,0.1,0.25,33,0.027074474841356277,0.9444193402620877
mmlu-pro,None,1.0,0.1,0.25,34,0.02719542197883129,0.9421599638499775
mmlu-pro,None,1.0,0.1,0.25,35,0.02713775634765625,0.9444193402620877
mmlu-pro,None,1.0,0.1,0.25,36,0.027072178199887276,0.9412562132851333
mmlu-pro,None,1.0,0.1,0.25,37,0.02710234932601452,0.9417080885675554
mmlu-pro,None,1.0,0.1,0.25,38,0.02718936838209629,0.9367374604609128
mmlu-pro,None,1.0,0.1,0.25,39,0.02711685746908188,0.9480343425214641
mmlu-pro,None,1.0,0.1,0.25,40,0.0271002110093832,0.9376412110257569
mmlu-pro,None,1.0,0.1,0.25,41,0.027141129598021507,0.9444193402620877
mmlu-pro,None,1.0,0.1,0.25,42,0.02713557332754135,0.947582467239042
mmlu-pro,None,1.0,0.1,0.25,43,0.027087008580565453,0.9335743334839585
mmlu-pro,None,1.0,0.1,0.25,44,0.027201589196920395,0.94713059195662
mmlu-pro,None,1.0,0.1,0.25,45,0.027160968631505966,0.9371893357433349
mmlu-pro,None,1.0,0.1,0.25,46,0.027036424726247787,0.9394487121554451
mmlu-pro,None,1.0,0.1,0.25,47,0.027123061940073967,0.9421599638499775
mmlu-pro,None,1.0,0.1,0.25,48,0.027122600004076958,0.938093086308179
mmlu-pro,None,1.0,0.1,0.25,49,0.027238350361585617,0.9493899683687302
mmlu-pro,None,1.0,0.1,0.25,50,0.027213627472519875,0.9480343425214641
mmlu-pro,None,1.0,0.1,0.25,51,0.027179352939128876,0.9426118391323995
mmlu-pro,None,1.0,0.1,0.25,52,0.027122177183628082,0.9435155896972436
mmlu-pro,None,1.0,0.1,0.25,53,0.02710769884288311,0.9435155896972436
mmlu-pro,None,1.0,0.1,0.25,54,0.027134904637932777,0.9362855851784908
mmlu-pro,None,1.0,0.1,0.25,55,0.027164824306964874,0.9408043380027112
mmlu-pro,None,1.0,0.1,0.25,56,0.027024444192647934,0.9353818346136467
mmlu-pro,None,1.0,0.1,0.25,57,0.02712102048099041,0.946678716674198
mmlu-pro,None,1.0,0.1,0.25,58,0.02720920369029045,0.9457749661093539
mmlu-pro,None,1.0,0.1,0.25,59,0.02710813470184803,0.9426118391323995
mmlu-pro,None,1.0,0.1,0.25,60,0.02708445116877556,0.947582467239042
mmlu-pro,None,1.0,0.1,0.25,61,0.027027547359466553,0.947582467239042
mmlu-pro,None,1.0,0.1,0.25,62,0.027063285931944847,0.9385449615906011
mmlu-pro,None,1.0,0.1,0.25,63,0.02709995023906231,0.9394487121554451
mmlu-pro,None,1.0,0.1,0.25,64,0.027288315817713737,0.9417080885675554
mmlu-pro,None,1.0,0.1,0.25,65,0.026973625645041466,0.9340262087663805
mmlu-pro,None,1.0,0.1,0.5,33,0.026844503358006477,0.9408043380027112
mmlu-pro,None,1.0,0.1,0.5,34,0.026936864480376244,0.9493899683687302
mmlu-pro,None,1.0,0.1,0.5,35,0.02693830616772175,0.9462268413917759
mmlu-pro,None,1.0,0.1,0.5,36,0.02684713341295719,0.9417080885675554
mmlu-pro,None,1.0,0.1,0.5,37,0.026902178302407265,0.9439674649796657
mmlu-pro,None,1.0,0.1,0.5,38,0.02693731151521206,0.9430637144148215
mmlu-pro,None,1.0,0.1,0.5,39,0.026960333809256554,0.9570718481699051
mmlu-pro,None,1.0,0.1,0.5,40,0.026924453675746918,0.9493899683687302
mmlu-pro,None,1.0,0.1,0.5,41,0.02690456435084343,0.9552643470402169
mmlu-pro,None,1.0,0.1,0.5,42,0.026951536536216736,0.9521012200632626
mmlu-pro,None,1.0,0.1,0.5,43,0.02688690274953842,0.9412562132851333
mmlu-pro,None,1.0,0.1,0.5,44,0.02693040668964386,0.9399005874378672
mmlu-pro,None,1.0,0.1,0.5,45,0.026933716610074043,0.9399005874378672
mmlu-pro,None,1.0,0.1,0.5,46,0.02686109021306038,0.9462268413917759
mmlu-pro,None,1.0,0.1,0.5,47,0.02683536894619465,0.9462268413917759
mmlu-pro,None,1.0,0.1,0.5,48,0.026880962774157524,0.9412562132851333
mmlu-pro,None,1.0,0.1,0.5,49,0.02694350853562355,0.9462268413917759
mmlu-pro,None,1.0,0.1,0.5,50,0.026949219405651093,0.9525530953456847
mmlu-pro,None,1.0,0.1,0.5,51,0.026895686984062195,0.9457749661093539
mmlu-pro,None,1.0,0.1,0.5,52,0.026823414489626884,0.9421599638499775
mmlu-pro,None,1.0,0.1,0.5,53,0.026861587539315224,0.9502937189335744
mmlu-pro,None,1.0,0.1,0.5,54,0.026920504868030548,0.9430637144148215
mmlu-pro,None,1.0,0.1,0.5,55,0.02696874365210533,0.9480343425214641
mmlu-pro,None,1.0,0.1,0.5,56,0.02688787691295147,0.9444193402620877
mmlu-pro,None,1.0,0.1,0.5,57,0.026865337044000626,0.9448712155445097
mmlu-pro,None,1.0,0.1,0.5,58,0.027011433616280556,0.9498418436511523
mmlu-pro,None,1.0,0.1,0.5,59,0.026853853836655617,0.9484862178038862
mmlu-pro,None,1.0,0.1,0.5,60,0.026908408850431442,0.9534568459105287
mmlu-pro,None,1.0,0.1,0.5,61,0.026838982477784157,0.9412562132851333
mmlu-pro,None,1.0,0.1,0.5,62,0.026913920417428017,0.9426118391323995
mmlu-pro,None,1.0,0.1,0.5,63,0.026942351832985878,0.9426118391323995
mmlu-pro,None,1.0,0.1,0.5,64,0.026943031698465347,0.947582467239042
mmlu-pro,None,1.0,0.1,0.5,65,0.0268927663564682,0.9439674649796657
mmlu-pro,None,1.0,0.1,0.75,33,0.028441932052373886,0.9394487121554451
mmlu-pro,None,1.0,0.1,0.75,34,0.02847842127084732,0.9530049706281066
mmlu-pro,None,1.0,0.1,0.75,35,0.028475454077124596,0.9480343425214641
mmlu-pro,None,1.0,0.1,0.75,36,0.028422372415661812,0.9426118391323995
mmlu-pro,None,1.0,0.1,0.75,37,0.028438402339816093,0.9448712155445097
mmlu-pro,None,1.0,0.1,0.75,38,0.028444811701774597,0.9399005874378672
mmlu-pro,None,1.0,0.1,0.75,39,0.028490083292126656,0.9584274740171713
mmlu-pro,None,1.0,0.1,0.75,40,0.028490660712122917,0.9421599638499775
mmlu-pro,None,1.0,0.1,0.75,41,0.028455253690481186,0.9462268413917759
mmlu-pro,None,1.0,0.1,0.75,42,0.02850145474076271,0.946678716674198
mmlu-pro,None,1.0,0.1,0.75,43,0.02842598967254162,0.9426118391323995
mmlu-pro,None,1.0,0.1,0.75,44,0.02845962904393673,0.9498418436511523
mmlu-pro,None,1.0,0.1,0.75,45,0.02844400703907013,0.9453230908269318
mmlu-pro,None,1.0,0.1,0.75,46,0.02841036394238472,0.946678716674198
mmlu-pro,None,1.0,0.1,0.75,47,0.028372762724757195,0.9575237234523272
mmlu-pro,None,1.0,0.1,0.75,48,0.028451332822442055,0.9399005874378672
mmlu-pro,None,1.0,0.1,0.75,49,0.028469081968069077,0.9484862178038862
mmlu-pro,None,1.0,0.1,0.75,50,0.02848145179450512,0.956168097605061
mmlu-pro,None,1.0,0.1,0.75,51,0.028454510495066643,0.9453230908269318
mmlu-pro,None,1.0,0.1,0.75,52,0.028409631922841072,0.9417080885675554
mmlu-pro,None,1.0,0.1,0.75,53,0.028455067425966263,0.9507455942159965
mmlu-pro,None,1.0,0.1,0.75,54,0.02848360687494278,0.9444193402620877
mmlu-pro,None,1.0,0.1,0.75,55,0.02852170169353485,0.9489380930863082
mmlu-pro,None,1.0,0.1,0.75,56,0.02842658758163452,0.9430637144148215
mmlu-pro,None,1.0,0.1,0.75,57,0.02841111458837986,0.9444193402620877
mmlu-pro,None,1.0,0.1,0.75,58,0.028501885011792183,0.9484862178038862
mmlu-pro,None,1.0,0.1,0.75,59,0.028431301936507225,0.9489380930863082
mmlu-pro,None,1.0,0.1,0.75,60,0.028422890231013298,0.9502937189335744
mmlu-pro,None,1.0,0.1,0.75,61,0.028405653312802315,0.9516493447808405
mmlu-pro,None,1.0,0.1,0.75,62,0.028450272977352142,0.9435155896972436
mmlu-pro,None,1.0,0.1,0.75,63,0.028465019538998604,0.9426118391323995
mmlu-pro,None,1.0,0.1,0.75,64,0.028435373678803444,0.938996836873023
mmlu-pro,None,1.0,0.1,0.75,65,0.02845129743218422,0.9489380930863082
mmlu-pro,None,1.0,0.125,0.05,33,0.02596583589911461,0.9078174423859016
mmlu-pro,None,1.0,0.125,0.05,34,0.026170557364821434,0.9222774514234072
mmlu-pro,None,1.0,0.125,0.05,35,0.02608184888958931,0.9236330772706733
mmlu-pro,None,1.0,0.125,0.05,36,0.026126349344849586,0.9245368278355174
mmlu-pro,None,1.0,0.125,0.05,37,0.02614472061395645,0.9145955716222323
mmlu-pro,None,1.0,0.125,0.05,38,0.026134323328733444,0.9064618165386353
mmlu-pro,None,1.0,0.125,0.05,39,0.02604573220014572,0.9353818346136467
mmlu-pro,None,1.0,0.125,0.05,40,0.025945842266082764,0.9308630817894261
mmlu-pro,None,1.0,0.125,0.05,41,0.026020068675279617,0.920921825576141
mmlu-pro,None,1.0,0.125,0.05,42,0.026343557983636856,0.9286037053773158
mmlu-pro,None,1.0,0.125,0.05,43,0.026018382981419563,0.9213737008585631
mmlu-pro,None,1.0,0.125,0.05,44,0.02616094797849655,0.9349299593312246
mmlu-pro,None,1.0,0.125,0.05,45,0.026174381375312805,0.9376412110257569
mmlu-pro,None,1.0,0.125,0.05,46,0.025710435584187508,0.9154993221870764
mmlu-pro,None,1.0,0.125,0.05,47,0.025828249752521515,0.9236330772706733
mmlu-pro,None,1.0,0.125,0.05,48,0.025905022397637367,0.9191143244464528
mmlu-pro,None,1.0,0.125,0.05,49,0.02605961263179779,0.9349299593312246
mmlu-pro,None,1.0,0.125,0.05,50,0.026179395616054535,0.9191143244464528
mmlu-pro,None,1.0,0.125,0.05,51,0.025903642177581787,0.9136918210573882
mmlu-pro,None,1.0,0.125,0.05,52,0.02576039731502533,0.912336195210122
mmlu-pro,None,1.0,0.125,0.05,53,0.025767110288143158,0.9218255761409851
mmlu-pro,None,1.0,0.125,0.05,54,0.025569776073098183,0.9132399457749661
mmlu-pro,None,1.0,0.125,0.05,55,0.02597896195948124,0.9218255761409851
mmlu-pro,None,1.0,0.125,0.05,56,0.025997111573815346,0.9014911884319928
mmlu-pro,None,1.0,0.125,0.05,57,0.025935575366020203,0.9213737008585631
mmlu-pro,None,1.0,0.125,0.05,58,0.02616550773382187,0.9267962042476277
mmlu-pro,None,1.0,0.125,0.05,59,0.025887737050652504,0.9195661997288749
mmlu-pro,None,1.0,0.125,0.05,60,0.025808408856391907,0.9173068233167646
mmlu-pro,None,1.0,0.125,0.05,61,0.0255157258361578,0.9236330772706733
mmlu-pro,None,1.0,0.125,0.05,62,0.025745289400219917,0.9204699502937189
mmlu-pro,None,1.0,0.125,0.05,63,0.025989195331931114,0.9136918210573882
mmlu-pro,None,1.0,0.125,0.05,64,0.026303349062800407,0.9091730682331677
mmlu-pro,None,1.0,0.125,0.05,65,0.025879645720124245,0.9109805693628559
mmlu-pro,None,1.0,0.125,0.25,33,0.023049507290124893,0.9394487121554451
mmlu-pro,None,1.0,0.125,0.25,34,0.02315935678780079,0.9444193402620877
mmlu-pro,None,1.0,0.125,0.25,35,0.023079754784703255,0.9421599638499775
mmlu-pro,None,1.0,0.125,0.25,36,0.02302166074514389,0.9426118391323995
mmlu-pro,None,1.0,0.125,0.25,37,0.02308991551399231,0.9371893357433349
mmlu-pro,None,1.0,0.125,0.25,38,0.02313903719186783,0.9367374604609128
mmlu-pro,None,1.0,0.125,0.25,39,0.02308512292802334,0.9502937189335744
mmlu-pro,None,1.0,0.125,0.25,40,0.023060427978634834,0.9417080885675554
mmlu-pro,None,1.0,0.125,0.25,41,0.02312617003917694,0.9362855851784908
mmlu-pro,None,1.0,0.125,0.25,42,0.023095469921827316,0.9430637144148215
mmlu-pro,None,1.0,0.125,0.25,43,0.023076705634593964,0.9412562132851333
mmlu-pro,None,1.0,0.125,0.25,44,0.023138677701354027,0.9462268413917759
mmlu-pro,None,1.0,0.125,0.25,45,0.023142429068684578,0.9399005874378672
mmlu-pro,None,1.0,0.125,0.25,46,0.023017607629299164,0.9439674649796657
mmlu-pro,None,1.0,0.125,0.25,47,0.023117288947105408,0.9444193402620877
mmlu-pro,None,1.0,0.125,0.25,48,0.023083914071321487,0.9412562132851333
mmlu-pro,None,1.0,0.125,0.25,49,0.02314239740371704,0.9493899683687302
mmlu-pro,None,1.0,0.125,0.25,50,0.023178379982709885,0.946678716674198
mmlu-pro,None,1.0,0.125,0.25,51,0.02312733791768551,0.9353818346136467
mmlu-pro,None,1.0,0.125,0.25,52,0.023095320910215378,0.9421599638499775
mmlu-pro,None,1.0,0.125,0.25,53,0.023081237450242043,0.938996836873023
mmlu-pro,None,1.0,0.125,0.25,54,0.023093780502676964,0.938996836873023
mmlu-pro,None,1.0,0.125,0.25,55,0.023132167756557465,0.9371893357433349
mmlu-pro,None,1.0,0.125,0.25,56,0.02303619682788849,0.9353818346136467
mmlu-pro,None,1.0,0.125,0.25,57,0.023066068068146706,0.9426118391323995
mmlu-pro,None,1.0,0.125,0.25,58,0.023143146187067032,0.9493899683687302
mmlu-pro,None,1.0,0.125,0.25,59,0.023082809522747993,0.9462268413917759
mmlu-pro,None,1.0,0.125,0.25,60,0.023065747693181038,0.94713059195662
mmlu-pro,None,1.0,0.125,0.25,61,0.023033391684293747,0.9462268413917759
mmlu-pro,None,1.0,0.125,0.25,62,0.023046549409627914,0.9417080885675554
mmlu-pro,None,1.0,0.125,0.25,63,0.02309642732143402,0.9394487121554451
mmlu-pro,None,1.0,0.125,0.25,64,0.023232655599713326,0.9367374604609128
mmlu-pro,None,1.0,0.125,0.25,65,0.023001914843916893,0.9367374604609128
mmlu-pro,None,1.0,0.125,0.5,33,0.02296612598001957,0.9448712155445097
mmlu-pro,None,1.0,0.125,0.5,34,0.023045949637889862,0.9548124717577949
mmlu-pro,None,1.0,0.125,0.5,35,0.023029504343867302,0.946678716674198
mmlu-pro,None,1.0,0.125,0.5,36,0.022959884256124496,0.9439674649796657
mmlu-pro,None,1.0,0.125,0.5,37,0.023027341812849045,0.9362855851784908
mmlu-pro,None,1.0,0.125,0.5,38,0.02304838038980961,0.9435155896972436
mmlu-pro,None,1.0,0.125,0.5,39,0.023070914670825005,0.9507455942159965
mmlu-pro,None,1.0,0.125,0.5,40,0.02302464097738266,0.946678716674198
mmlu-pro,None,1.0,0.125,0.5,41,0.02304009534418583,0.9507455942159965
mmlu-pro,None,1.0,0.125,0.5,42,0.0230549443513155,0.9489380930863082
mmlu-pro,None,1.0,0.125,0.5,43,0.023024246096611023,0.9430637144148215
mmlu-pro,None,1.0,0.125,0.5,44,0.0230272077023983,0.9498418436511523
mmlu-pro,None,1.0,0.125,0.5,45,0.023044966161251068,0.9412562132851333
mmlu-pro,None,1.0,0.125,0.5,46,0.022983036935329437,0.9484862178038862
mmlu-pro,None,1.0,0.125,0.5,47,0.022978361696004868,0.9530049706281066
mmlu-pro,None,1.0,0.125,0.5,48,0.02299710363149643,0.9521012200632626
mmlu-pro,None,1.0,0.125,0.5,49,0.023034116253256798,0.9489380930863082
mmlu-pro,None,1.0,0.125,0.5,50,0.023064032196998596,0.9498418436511523
mmlu-pro,None,1.0,0.125,0.5,51,0.02302388660609722,0.9399005874378672
mmlu-pro,None,1.0,0.125,0.5,52,0.022964004427194595,0.9344780840488026
mmlu-pro,None,1.0,0.125,0.5,53,0.022980235517024994,0.9502937189335744
mmlu-pro,None,1.0,0.125,0.5,54,0.023027166724205017,0.9408043380027112
mmlu-pro,None,1.0,0.125,0.5,55,0.023076901212334633,0.9484862178038862
mmlu-pro,None,1.0,0.125,0.5,56,0.023014424368739128,0.9462268413917759
mmlu-pro,None,1.0,0.125,0.5,57,0.022976316511631012,0.9403524627202893
mmlu-pro,None,1.0,0.125,0.5,58,0.02309318631887436,0.9457749661093539
mmlu-pro,None,1.0,0.125,0.5,59,0.022988788783550262,0.9502937189335744
mmlu-pro,None,1.0,0.125,0.5,60,0.023025669157505035,0.9516493447808405
mmlu-pro,None,1.0,0.125,0.5,61,0.022978326305747032,0.9444193402620877
mmlu-pro,None,1.0,0.125,0.5,62,0.023027874529361725,0.9489380930863082
mmlu-pro,None,1.0,0.125,0.5,63,0.02305462583899498,0.9426118391323995
mmlu-pro,None,1.0,0.125,0.5,64,0.023052720353007317,0.9408043380027112
mmlu-pro,None,1.0,0.125,0.5,65,0.0230166744440794,0.9489380930863082
mmlu-pro,None,1.0,0.125,0.75,33,0.024449225515127182,0.9435155896972436
mmlu-pro,None,1.0,0.125,0.75,34,0.02447655238211155,0.9534568459105287
mmlu-pro,None,1.0,0.125,0.75,35,0.024469519034028053,0.9525530953456847
mmlu-pro,None,1.0,0.125,0.75,36,0.02442740835249424,0.9412562132851333
mmlu-pro,None,1.0,0.125,0.75,37,0.024454953148961067,0.9394487121554451
mmlu-pro,None,1.0,0.125,0.75,38,0.02445027604699135,0.9353818346136467
mmlu-pro,None,1.0,0.125,0.75,39,0.02448935993015766,0.9575237234523272
mmlu-pro,None,1.0,0.125,0.75,40,0.02448183298110962,0.9408043380027112
mmlu-pro,None,1.0,0.125,0.75,41,0.024472318589687347,0.9462268413917759
mmlu-pro,None,1.0,0.125,0.75,42,0.02449253760278225,0.9439674649796657
mmlu-pro,None,1.0,0.125,0.75,43,0.024446947500109673,0.9480343425214641
mmlu-pro,None,1.0,0.125,0.75,44,0.024459559470415115,0.9548124717577949
mmlu-pro,None,1.0,0.125,0.75,45,0.024455757811665535,0.9498418436511523
mmlu-pro,None,1.0,0.125,0.75,46,0.02441881224513054,0.9489380930863082
mmlu-pro,None,1.0,0.125,0.75,47,0.02440701238811016,0.9552643470402169
mmlu-pro,None,1.0,0.125,0.75,48,0.02445307746529579,0.946678716674198
mmlu-pro,None,1.0,0.125,0.75,49,0.024467360228300095,0.9534568459105287
mmlu-pro,None,1.0,0.125,0.75,50,0.024482883512973785,0.9521012200632626
mmlu-pro,None,1.0,0.125,0.75,51,0.02445852756500244,0.9462268413917759
mmlu-pro,None,1.0,0.125,0.75,52,0.02443445660173893,0.9362855851784908
mmlu-pro,None,1.0,0.125,0.75,53,0.02446017786860466,0.9511974694984184
mmlu-pro,None,1.0,0.125,0.75,54,0.02448197267949581,0.9417080885675554
mmlu-pro,None,1.0,0.125,0.75,55,0.024509171023964882,0.9435155896972436
mmlu-pro,None,1.0,0.125,0.75,56,0.024436132982373238,0.9367374604609128
mmlu-pro,None,1.0,0.125,0.75,57,0.024414872750639915,0.9421599638499775
mmlu-pro,None,1.0,0.125,0.75,58,0.024486975744366646,0.9489380930863082
mmlu-pro,None,1.0,0.125,0.75,59,0.024442823603749275,0.9539087211929508
mmlu-pro,None,1.0,0.125,0.75,60,0.024436326697468758,0.94713059195662
mmlu-pro,None,1.0,0.125,0.75,61,0.024423662573099136,0.947582467239042
mmlu-pro,None,1.0,0.125,0.75,62,0.024449851363897324,0.9448712155445097
mmlu-pro,None,1.0,0.125,0.75,63,0.024465853348374367,0.938996836873023
mmlu-pro,None,1.0,0.125,0.75,64,0.024445679038763046,0.938996836873023
mmlu-pro,None,1.0,0.125,0.75,65,0.024460135027766228,0.9493899683687302
mmlu-pro,None,1.0,0.15,0.05,33,0.02261965535581112,0.9100768187980118
mmlu-pro,None,1.0,0.15,0.05,34,0.022817449644207954,0.920921825576141
mmlu-pro,None,1.0,0.15,0.05,35,0.022774992510676384,0.9227293267058292
mmlu-pro,None,1.0,0.15,0.05,36,0.02274026721715927,0.9258924536827836
mmlu-pro,None,1.0,0.15,0.05,37,0.022673267871141434,0.911432444645278
mmlu-pro,None,1.0,0.15,0.05,38,0.022752396762371063,0.9023949389968369
mmlu-pro,None,1.0,0.15,0.05,39,0.022687315940856934,0.9281518300948939
mmlu-pro,None,1.0,0.15,0.05,40,0.022643137723207474,0.9276999548124718
mmlu-pro,None,1.0,0.15,0.05,41,0.022670650854706764,0.9132399457749661
mmlu-pro,None,1.0,0.15,0.05,42,0.022947469726204872,0.9218255761409851
mmlu-pro,None,1.0,0.15,0.05,43,0.022623660042881966,0.9186624491640307
mmlu-pro,None,1.0,0.15,0.05,44,0.022783812135457993,0.9286037053773158
mmlu-pro,None,1.0,0.15,0.05,45,0.022859957069158554,0.9304112065070042
mmlu-pro,None,1.0,0.15,0.05,46,0.02243213541805744,0.9159511974694985
mmlu-pro,None,1.0,0.15,0.05,47,0.022478854283690453,0.9136918210573882
mmlu-pro,None,1.0,0.15,0.05,48,0.022571805864572525,0.9168549480343425
mmlu-pro,None,1.0,0.15,0.05,49,0.02274072915315628,0.9272480795300497
mmlu-pro,None,1.0,0.15,0.05,50,0.022745076566934586,0.9182105738816088
mmlu-pro,None,1.0,0.15,0.05,51,0.022589508444070816,0.9186624491640307
mmlu-pro,None,1.0,0.15,0.05,52,0.02241171896457672,0.9073655671034795
mmlu-pro,None,1.0,0.15,0.05,53,0.022427629679441452,0.9191143244464528
mmlu-pro,None,1.0,0.15,0.05,54,0.022294797003269196,0.911432444645278
mmlu-pro,None,1.0,0.15,0.05,55,0.02261331118643284,0.9204699502937189
mmlu-pro,None,1.0,0.15,0.05,56,0.022637495771050453,0.9019430637144149
mmlu-pro,None,1.0,0.15,0.05,57,0.02257823385298252,0.9145955716222323
mmlu-pro,None,1.0,0.15,0.05,58,0.022744353860616684,0.9191143244464528
mmlu-pro,None,1.0,0.15,0.05,59,0.022567110136151314,0.9186624491640307
mmlu-pro,None,1.0,0.15,0.05,60,0.02247646450996399,0.9168549480343425
mmlu-pro,None,1.0,0.15,0.05,61,0.022303054109215736,0.9154993221870764
mmlu-pro,None,1.0,0.15,0.05,62,0.022474441677331924,0.9231812019882513
mmlu-pro,None,1.0,0.15,0.05,63,0.022620918229222298,0.9159511974694985
mmlu-pro,None,1.0,0.15,0.05,64,0.022931482642889023,0.9082693176683235
mmlu-pro,None,1.0,0.15,0.05,65,0.022577060386538506,0.920018075011297
mmlu-pro,None,1.0,0.15,0.25,33,0.020157048478722572,0.938093086308179
mmlu-pro,None,1.0,0.15,0.25,34,0.02024003490805626,0.9421599638499775
mmlu-pro,None,1.0,0.15,0.25,35,0.020187707617878914,0.9317668323542703
mmlu-pro,None,1.0,0.15,0.25,36,0.020110253244638443,0.9371893357433349
mmlu-pro,None,1.0,0.15,0.25,37,0.02015494555234909,0.9371893357433349
mmlu-pro,None,1.0,0.15,0.25,38,0.02023419737815857,0.9326705829191143
mmlu-pro,None,1.0,0.15,0.25,39,0.02019052766263485,0.9480343425214641
mmlu-pro,None,1.0,0.15,0.25,40,0.020160788670182228,0.9457749661093539
mmlu-pro,None,1.0,0.15,0.25,41,0.020194945856928825,0.938996836873023
mmlu-pro,None,1.0,0.15,0.25,42,0.020191000774502754,0.9371893357433349
mmlu-pro,None,1.0,0.15,0.25,43,0.02016584388911724,0.9426118391323995
mmlu-pro,None,1.0,0.15,0.25,44,0.020225396379828453,0.947582467239042
mmlu-pro,None,1.0,0.15,0.25,45,0.020225880667567253,0.9426118391323995
mmlu-pro,None,1.0,0.15,0.25,46,0.0201009139418602,0.9408043380027112
mmlu-pro,None,1.0,0.15,0.25,47,0.0201904084533453,0.9394487121554451
mmlu-pro,None,1.0,0.15,0.25,48,0.020175037905573845,0.9403524627202893
mmlu-pro,None,1.0,0.15,0.25,49,0.020233135670423508,0.947582467239042
mmlu-pro,None,1.0,0.15,0.25,50,0.02023869752883911,0.9430637144148215
mmlu-pro,None,1.0,0.15,0.25,51,0.020213628187775612,0.9353818346136467
mmlu-pro,None,1.0,0.15,0.25,52,0.020177282392978668,0.9408043380027112
mmlu-pro,None,1.0,0.15,0.25,53,0.020180491730570793,0.9371893357433349
mmlu-pro,None,1.0,0.15,0.25,54,0.020183464512228966,0.9335743334839585
mmlu-pro,None,1.0,0.15,0.25,55,0.02021998167037964,0.9349299593312246
mmlu-pro,None,1.0,0.15,0.25,56,0.020155398175120354,0.9308630817894261
mmlu-pro,None,1.0,0.15,0.25,57,0.020139269530773163,0.9394487121554451
mmlu-pro,None,1.0,0.15,0.25,58,0.020203284919261932,0.938996836873023
mmlu-pro,None,1.0,0.15,0.25,59,0.020196670666337013,0.9430637144148215
mmlu-pro,None,1.0,0.15,0.25,60,0.020158089697360992,0.9444193402620877
mmlu-pro,None,1.0,0.15,0.25,61,0.02014513500034809,0.9412562132851333
mmlu-pro,None,1.0,0.15,0.25,62,0.020135613158345222,0.9367374604609128
mmlu-pro,None,1.0,0.15,0.25,63,0.020185913890600204,0.9349299593312246
mmlu-pro,None,1.0,0.15,0.25,64,0.020291568711400032,0.9385449615906011
mmlu-pro,None,1.0,0.15,0.25,65,0.020128190517425537,0.9340262087663805
mmlu-pro,None,1.0,0.15,0.5,33,0.020172977820038795,0.9435155896972436
mmlu-pro,None,1.0,0.15,0.5,34,0.020235924050211906,0.9534568459105287
mmlu-pro,None,1.0,0.15,0.5,35,0.02022230066359043,0.9448712155445097
mmlu-pro,None,1.0,0.15,0.5,36,0.02016034908592701,0.9403524627202893
mmlu-pro,None,1.0,0.15,0.5,37,0.02020741067826748,0.9349299593312246
mmlu-pro,None,1.0,0.15,0.5,38,0.02023531123995781,0.9448712155445097
mmlu-pro,None,1.0,0.15,0.5,39,0.020254084840416908,0.9511974694984184
mmlu-pro,None,1.0,0.15,0.5,40,0.020216146484017372,0.9502937189335744
mmlu-pro,None,1.0,0.15,0.5,41,0.020225657150149345,0.9525530953456847
mmlu-pro,None,1.0,0.15,0.5,42,0.02023882232606411,0.946678716674198
mmlu-pro,None,1.0,0.15,0.5,43,0.020211154595017433,0.9457749661093539
mmlu-pro,None,1.0,0.15,0.5,44,0.020218180492520332,0.9453230908269318
mmlu-pro,None,1.0,0.15,0.5,45,0.02022864855825901,0.9421599638499775
mmlu-pro,None,1.0,0.15,0.5,46,0.020174669101834297,0.9408043380027112
mmlu-pro,None,1.0,0.15,0.5,47,0.02017841301858425,0.9493899683687302
mmlu-pro,None,1.0,0.15,0.5,48,0.020194917917251587,0.947582467239042
mmlu-pro,None,1.0,0.15,0.5,49,0.020222697407007217,0.9502937189335744
mmlu-pro,None,1.0,0.15,0.5,50,0.020236652344465256,0.9552643470402169
mmlu-pro,None,1.0,0.15,0.5,51,0.020212871953845024,0.9417080885675554
mmlu-pro,None,1.0,0.15,0.5,52,0.020161399617791176,0.9385449615906011
mmlu-pro,None,1.0,0.15,0.5,53,0.02018962800502777,0.9453230908269318
mmlu-pro,None,1.0,0.15,0.5,54,0.020217953249812126,0.9371893357433349
mmlu-pro,None,1.0,0.15,0.5,55,0.020253261551260948,0.9439674649796657
mmlu-pro,None,1.0,0.15,0.5,56,0.020213589072227478,0.9426118391323995
mmlu-pro,None,1.0,0.15,0.5,57,0.020168008282780647,0.9453230908269318
mmlu-pro,None,1.0,0.15,0.5,58,0.020263776183128357,0.9403524627202893
mmlu-pro,None,1.0,0.15,0.5,59,0.02018880844116211,0.9430637144148215
mmlu-pro,None,1.0,0.15,0.5,60,0.020215904340147972,0.9444193402620877
mmlu-pro,None,1.0,0.15,0.5,61,0.02018417976796627,0.9417080885675554
mmlu-pro,None,1.0,0.15,0.5,62,0.020219232887029648,0.9421599638499775
mmlu-pro,None,1.0,0.15,0.5,63,0.0202292762696743,0.9444193402620877
mmlu-pro,None,1.0,0.15,0.5,64,0.020229864865541458,0.9426118391323995
mmlu-pro,None,1.0,0.15,0.5,65,0.02022070437669754,0.9448712155445097
mmlu-pro,None,1.0,0.15,0.75,33,0.021563323214650154,0.9462268413917759
mmlu-pro,None,1.0,0.15,0.75,34,0.021585024893283844,0.947582467239042
mmlu-pro,None,1.0,0.15,0.75,35,0.021581729874014854,0.946678716674198
mmlu-pro,None,1.0,0.15,0.75,36,0.02153918892145157,0.9430637144148215
mmlu-pro,None,1.0,0.15,0.75,37,0.021560220047831535,0.9408043380027112
mmlu-pro,None,1.0,0.15,0.75,38,0.021566005423665047,0.9417080885675554
mmlu-pro,None,1.0,0.15,0.75,39,0.021594567224383354,0.9521012200632626
mmlu-pro,None,1.0,0.15,0.75,40,0.021584950387477875,0.9444193402620877
mmlu-pro,None,1.0,0.15,0.75,41,0.02157433331012726,0.938093086308179
mmlu-pro,None,1.0,0.15,0.75,42,0.02159528248012066,0.9367374604609128
mmlu-pro,None,1.0,0.15,0.75,43,0.021557865664362907,0.946678716674198
mmlu-pro,None,1.0,0.15,0.75,44,0.021574221551418304,0.9511974694984184
mmlu-pro,None,1.0,0.15,0.75,45,0.021559813991189003,0.9543605964753729
mmlu-pro,None,1.0,0.15,0.75,46,0.021537434309720993,0.9489380930863082
mmlu-pro,None,1.0,0.15,0.75,47,0.02152789942920208,0.9566199728874831
mmlu-pro,None,1.0,0.15,0.75,48,0.02156391181051731,0.94713059195662
mmlu-pro,None,1.0,0.15,0.75,49,0.02157832682132721,0.9525530953456847
mmlu-pro,None,1.0,0.15,0.75,50,0.021585391834378242,0.9502937189335744
mmlu-pro,None,1.0,0.15,0.75,51,0.02156403660774231,0.9502937189335744
mmlu-pro,None,1.0,0.15,0.75,52,0.02155405469238758,0.9358337098960687
mmlu-pro,None,1.0,0.15,0.75,53,0.021572858095169067,0.9484862178038862
mmlu-pro,None,1.0,0.15,0.75,54,0.021591799333691597,0.938996836873023
mmlu-pro,None,1.0,0.15,0.75,55,0.021602094173431396,0.9408043380027112
mmlu-pro,None,1.0,0.15,0.75,56,0.021556762978434563,0.9399005874378672
mmlu-pro,None,1.0,0.15,0.75,57,0.021535322070121765,0.9435155896972436
mmlu-pro,None,1.0,0.15,0.75,58,0.021586446091532707,0.9462268413917759
mmlu-pro,None,1.0,0.15,0.75,59,0.02155601792037487,0.9525530953456847
mmlu-pro,None,1.0,0.15,0.75,60,0.021550942212343216,0.9439674649796657
mmlu-pro,None,1.0,0.15,0.75,61,0.02155054733157158,0.9484862178038862
mmlu-pro,None,1.0,0.15,0.75,62,0.021561134606599808,0.9453230908269318
mmlu-pro,None,1.0,0.15,0.75,63,0.021568328142166138,0.938093086308179
mmlu-pro,None,1.0,0.15,0.75,64,0.02155156619846821,0.9408043380027112
mmlu-pro,None,1.0,0.15,0.75,65,0.021577205508947372,0.9498418436511523
mmlu-pro,None,1.0,0.175,0.05,33,0.020033109933137894,0.9014911884319928
mmlu-pro,None,1.0,0.175,0.05,34,0.02024010196328163,0.9159511974694985
mmlu-pro,None,1.0,0.175,0.05,35,0.020180020481348038,0.9105286940804338
mmlu-pro,None,1.0,0.175,0.05,36,0.020157812163233757,0.9213737008585631
mmlu-pro,None,1.0,0.175,0.05,37,0.020100869238376617,0.9073655671034795
mmlu-pro,None,1.0,0.175,0.05,38,0.020139528438448906,0.9091730682331677
mmlu-pro,None,1.0,0.175,0.05,39,0.02008676528930664,0.9263443289652057
mmlu-pro,None,1.0,0.175,0.05,40,0.02004360221326351,0.9204699502937189
mmlu-pro,None,1.0,0.175,0.05,41,0.020153917372226715,0.9132399457749661
mmlu-pro,None,1.0,0.175,0.05,42,0.02033773809671402,0.9182105738816088
mmlu-pro,None,1.0,0.175,0.05,43,0.02003919519484043,0.9168549480343425
mmlu-pro,None,1.0,0.175,0.05,44,0.02017568051815033,0.9222774514234072
mmlu-pro,None,1.0,0.175,0.05,45,0.020230885595083237,0.9227293267058292
mmlu-pro,None,1.0,0.175,0.05,46,0.01988755539059639,0.9154993221870764
mmlu-pro,None,1.0,0.175,0.05,47,0.019936440512537956,0.9105286940804338
mmlu-pro,None,1.0,0.175,0.05,48,0.02000199817121029,0.9051061906913692
mmlu-pro,None,1.0,0.175,0.05,49,0.020144661888480186,0.9186624491640307
mmlu-pro,None,1.0,0.175,0.05,50,0.02011997625231743,0.9132399457749661
mmlu-pro,None,1.0,0.175,0.05,51,0.020024141296744347,0.9055580659737913
mmlu-pro,None,1.0,0.175,0.05,52,0.01991572044789791,0.8978761861726164
mmlu-pro,None,1.0,0.175,0.05,53,0.0198863185942173,0.9087211929507456
mmlu-pro,None,1.0,0.175,0.05,54,0.019821753725409508,0.9096249435155898
mmlu-pro,None,1.0,0.175,0.05,55,0.020023003220558167,0.9109805693628559
mmlu-pro,None,1.0,0.175,0.05,56,0.02008061669766903,0.8969724356077723
mmlu-pro,None,1.0,0.175,0.05,57,0.020050471648573875,0.9055580659737913
mmlu-pro,None,1.0,0.175,0.05,58,0.02013350836932659,0.9109805693628559
mmlu-pro,None,1.0,0.175,0.05,59,0.02004772052168846,0.9105286940804338
mmlu-pro,None,1.0,0.175,0.05,60,0.01994692161679268,0.9145955716222323
mmlu-pro,None,1.0,0.175,0.05,61,0.01976536400616169,0.9096249435155898
mmlu-pro,None,1.0,0.175,0.05,62,0.019878335297107697,0.9082693176683235
mmlu-pro,None,1.0,0.175,0.05,63,0.020052799955010414,0.9087211929507456
mmlu-pro,None,1.0,0.175,0.05,64,0.02032356709241867,0.9046543154089471
mmlu-pro,None,1.0,0.175,0.05,65,0.020014241337776184,0.9118843199277
mmlu-pro,None,1.0,0.175,0.25,33,0.017905544489622116,0.9317668323542703
mmlu-pro,None,1.0,0.175,0.25,34,0.01797904260456562,0.9385449615906011
mmlu-pro,None,1.0,0.175,0.25,35,0.017919816076755524,0.9240849525530954
mmlu-pro,None,1.0,0.175,0.25,36,0.017874127253890038,0.9362855851784908
mmlu-pro,None,1.0,0.175,0.25,37,0.017914755269885063,0.9349299593312246
mmlu-pro,None,1.0,0.175,0.25,38,0.017986450344324112,0.9317668323542703
mmlu-pro,None,1.0,0.175,0.25,39,0.017939932644367218,0.9448712155445097
mmlu-pro,None,1.0,0.175,0.25,40,0.01790188066661358,0.9358337098960687
mmlu-pro,None,1.0,0.175,0.25,41,0.0179537795484066,0.9444193402620877
mmlu-pro,None,1.0,0.175,0.25,42,0.017947694286704063,0.9308630817894261
mmlu-pro,None,1.0,0.175,0.25,43,0.017916493117809296,0.9367374604609128
mmlu-pro,None,1.0,0.175,0.25,44,0.01797669194638729,0.9453230908269318
mmlu-pro,None,1.0,0.175,0.25,45,0.017975082620978355,0.9353818346136467
mmlu-pro,None,1.0,0.175,0.25,46,0.01786581426858902,0.9399005874378672
mmlu-pro,None,1.0,0.175,0.25,47,0.017930610105395317,0.9362855851784908
mmlu-pro,None,1.0,0.175,0.25,48,0.017927417531609535,0.9299593312245821
mmlu-pro,None,1.0,0.175,0.25,49,0.01797323115170002,0.9394487121554451
mmlu-pro,None,1.0,0.175,0.25,50,0.017965029925107956,0.9426118391323995
mmlu-pro,None,1.0,0.175,0.25,51,0.017958836629986763,0.9317668323542703
mmlu-pro,None,1.0,0.175,0.25,52,0.017926396802067757,0.9358337098960687
mmlu-pro,None,1.0,0.175,0.25,53,0.017936039716005325,0.9276999548124718
mmlu-pro,None,1.0,0.175,0.25,54,0.017935113981366158,0.9290555806597379
mmlu-pro,None,1.0,0.175,0.25,55,0.0179661363363266,0.9331224582015364
mmlu-pro,None,1.0,0.175,0.25,56,0.01790466159582138,0.9186624491640307
mmlu-pro,None,1.0,0.175,0.25,57,0.017908543348312378,0.9322187076366923
mmlu-pro,None,1.0,0.175,0.25,58,0.017937952652573586,0.9349299593312246
mmlu-pro,None,1.0,0.175,0.25,59,0.017947813495993614,0.938093086308179
mmlu-pro,None,1.0,0.175,0.25,60,0.017908850684762,0.9399005874378672
mmlu-pro,None,1.0,0.175,0.25,61,0.017888454720377922,0.9376412110257569
mmlu-pro,None,1.0,0.175,0.25,62,0.01788722351193428,0.9344780840488026
mmlu-pro,None,1.0,0.175,0.25,63,0.017940793186426163,0.9276999548124718
mmlu-pro,None,1.0,0.175,0.25,64,0.018031984567642212,0.9335743334839585
mmlu-pro,None,1.0,0.175,0.25,65,0.017897674813866615,0.9317668323542703
mmlu-pro,None,1.0,0.175,0.5,33,0.01800013892352581,0.9426118391323995
mmlu-pro,None,1.0,0.175,0.5,34,0.018056785687804222,0.9489380930863082
mmlu-pro,None,1.0,0.175,0.5,35,0.01804221421480179,0.9394487121554451
mmlu-pro,None,1.0,0.175,0.5,36,0.01799565739929676,0.9403524627202893
mmlu-pro,None,1.0,0.175,0.5,37,0.018041783943772316,0.9317668323542703
mmlu-pro,None,1.0,0.175,0.5,38,0.018052496016025543,0.9408043380027112
mmlu-pro,None,1.0,0.175,0.5,39,0.018076058477163315,0.9457749661093539
mmlu-pro,None,1.0,0.175,0.5,40,0.0180410947650671,0.9444193402620877
mmlu-pro,None,1.0,0.175,0.5,41,0.018054058775305748,0.9502937189335744
mmlu-pro,None,1.0,0.175,0.5,42,0.01805799826979637,0.9421599638499775
mmlu-pro,None,1.0,0.175,0.5,43,0.018029512837529182,0.9394487121554451
mmlu-pro,None,1.0,0.175,0.5,44,0.018048381432890892,0.9367374604609128
mmlu-pro,None,1.0,0.175,0.5,45,0.018052449449896812,0.9399005874378672
mmlu-pro,None,1.0,0.175,0.5,46,0.018010014668107033,0.9426118391323995
mmlu-pro,None,1.0,0.175,0.5,47,0.018012838438153267,0.9439674649796657
mmlu-pro,None,1.0,0.175,0.5,48,0.018022969365119934,0.9417080885675554
mmlu-pro,None,1.0,0.175,0.5,49,0.018050620332360268,0.9412562132851333
mmlu-pro,None,1.0,0.175,0.5,50,0.01805383898317814,0.9521012200632626
mmlu-pro,None,1.0,0.175,0.5,51,0.01804070733487606,0.938996836873023
mmlu-pro,None,1.0,0.175,0.5,52,0.01799359731376171,0.9394487121554451
mmlu-pro,None,1.0,0.175,0.5,53,0.018026430159807205,0.9385449615906011
mmlu-pro,None,1.0,0.175,0.5,54,0.018050922080874443,0.9408043380027112
mmlu-pro,None,1.0,0.175,0.5,55,0.01807464100420475,0.9399005874378672
mmlu-pro,None,1.0,0.175,0.5,56,0.018037695437669754,0.9385449615906011
mmlu-pro,None,1.0,0.175,0.5,57,0.018005603924393654,0.9394487121554451
mmlu-pro,None,1.0,0.175,0.5,58,0.01807500422000885,0.938093086308179
mmlu-pro,None,1.0,0.175,0.5,59,0.018019257113337517,0.9426118391323995
mmlu-pro,None,1.0,0.175,0.5,60,0.018045436590909958,0.94713059195662
mmlu-pro,None,1.0,0.175,0.5,61,0.01801159605383873,0.9371893357433349
mmlu-pro,None,1.0,0.175,0.5,62,0.018039751797914505,0.9453230908269318
mmlu-pro,None,1.0,0.175,0.5,63,0.01805580034852028,0.9444193402620877
mmlu-pro,None,1.0,0.175,0.5,64,0.018056705594062805,0.9412562132851333
mmlu-pro,None,1.0,0.175,0.5,65,0.01805146038532257,0.9453230908269318
mmlu-pro,None,1.0,0.175,0.75,33,0.019322959706187248,0.9489380930863082
mmlu-pro,None,1.0,0.175,0.75,34,0.019347628578543663,0.9489380930863082
mmlu-pro,None,1.0,0.175,0.75,35,0.019342778250575066,0.9480343425214641
mmlu-pro,None,1.0,0.175,0.75,36,0.019310448318719864,0.9385449615906011
mmlu-pro,None,1.0,0.175,0.75,37,0.019332796335220337,0.9430637144148215
mmlu-pro,None,1.0,0.175,0.75,38,0.019327672198414803,0.9358337098960687
mmlu-pro,None,1.0,0.175,0.75,39,0.019354747608304024,0.9498418436511523
mmlu-pro,None,1.0,0.175,0.75,40,0.019347505643963814,0.9399005874378672
mmlu-pro,None,1.0,0.175,0.75,41,0.019340911880135536,0.9408043380027112
mmlu-pro,None,1.0,0.175,0.75,42,0.019357237964868546,0.9408043380027112
mmlu-pro,None,1.0,0.175,0.75,43,0.019319849088788033,0.9462268413917759
mmlu-pro,None,1.0,0.175,0.75,44,0.019343547523021698,0.947582467239042
mmlu-pro,None,1.0,0.175,0.75,45,0.019329696893692017,0.9507455942159965
mmlu-pro,None,1.0,0.175,0.75,46,0.019308578222990036,0.9484862178038862
mmlu-pro,None,1.0,0.175,0.75,47,0.019299685955047607,0.9457749661093539
mmlu-pro,None,1.0,0.175,0.75,48,0.019326375797390938,0.9426118391323995
mmlu-pro,None,1.0,0.175,0.75,49,0.019339870661497116,0.9430637144148215
mmlu-pro,None,1.0,0.175,0.75,50,0.01934562809765339,0.9525530953456847
mmlu-pro,None,1.0,0.175,0.75,51,0.019330080598592758,0.9480343425214641
mmlu-pro,None,1.0,0.175,0.75,52,0.019322719424962997,0.9399005874378672
mmlu-pro,None,1.0,0.175,0.75,53,0.019341539591550827,0.9444193402620877
mmlu-pro,None,1.0,0.175,0.75,54,0.01935691386461258,0.9426118391323995
mmlu-pro,None,1.0,0.175,0.75,55,0.019361823797225952,0.938996836873023
mmlu-pro,None,1.0,0.175,0.75,56,0.019322801381349564,0.9399005874378672
mmlu-pro,None,1.0,0.175,0.75,57,0.019311703741550446,0.9439674649796657
mmlu-pro,None,1.0,0.175,0.75,58,0.01934371329843998,0.9399005874378672
mmlu-pro,None,1.0,0.175,0.75,59,0.019326340407133102,0.9484862178038862
mmlu-pro,None,1.0,0.175,0.75,60,0.019323715940117836,0.9498418436511523
mmlu-pro,None,1.0,0.175,0.75,61,0.019318493083119392,0.9444193402620877
mmlu-pro,None,1.0,0.175,0.75,62,0.01932557113468647,0.947582467239042
mmlu-pro,None,1.0,0.175,0.75,63,0.019336670637130737,0.9353818346136467
mmlu-pro,None,1.0,0.175,0.75,64,0.019322672858834267,0.9317668323542703
mmlu-pro,None,1.0,0.175,0.75,65,0.019351966679096222,0.9417080885675554
mmlu-pro,None,1.0,0.2,0.05,33,0.017995493486523628,0.8965205603253502
mmlu-pro,None,1.0,0.2,0.05,34,0.018143421038985252,0.9014911884319928
mmlu-pro,None,1.0,0.2,0.05,35,0.01811695471405983,0.9005874378671487
mmlu-pro,None,1.0,0.2,0.05,36,0.01808660477399826,0.9186624491640307
mmlu-pro,None,1.0,0.2,0.05,37,0.018037352710962296,0.8974243108901944
mmlu-pro,None,1.0,0.2,0.05,38,0.018101174384355545,0.8987799367374605
mmlu-pro,None,1.0,0.2,0.05,39,0.018048886209726334,0.9150474469046543
mmlu-pro,None,1.0,0.2,0.05,40,0.017994532361626625,0.9136918210573882
mmlu-pro,None,1.0,0.2,0.05,41,0.01805214025080204,0.9109805693628559
mmlu-pro,None,1.0,0.2,0.05,42,0.01822851225733757,0.9087211929507456
mmlu-pro,None,1.0,0.2,0.05,43,0.0179790947586298,0.9082693176683235
mmlu-pro,None,1.0,0.2,0.05,44,0.018107086420059204,0.9132399457749661
mmlu-pro,None,1.0,0.2,0.05,45,0.018139280378818512,0.912336195210122
mmlu-pro,None,1.0,0.2,0.05,46,0.0178388524800539,0.9096249435155898
mmlu-pro,None,1.0,0.2,0.05,47,0.017880307510495186,0.9001355625847266
mmlu-pro,None,1.0,0.2,0.05,48,0.01795727014541626,0.8974243108901944
mmlu-pro,None,1.0,0.2,0.05,49,0.01803024671971798,0.911432444645278
mmlu-pro,None,1.0,0.2,0.05,50,0.018039528280496597,0.902846814279259
mmlu-pro,None,1.0,0.2,0.05,51,0.01795620284974575,0.9042024401265251
mmlu-pro,None,1.0,0.2,0.05,52,0.017890028655529022,0.8874830546769092
mmlu-pro,None,1.0,0.2,0.05,53,0.01786106824874878,0.9001355625847266
mmlu-pro,None,1.0,0.2,0.05,54,0.01778058521449566,0.9001355625847266
mmlu-pro,None,1.0,0.2,0.05,55,0.017994366586208344,0.9091730682331677
mmlu-pro,None,1.0,0.2,0.05,56,0.018003618344664574,0.8920018075011297
mmlu-pro,None,1.0,0.2,0.05,57,0.017981434240937233,0.9064618165386353
mmlu-pro,None,1.0,0.2,0.05,58,0.018070301041007042,0.9001355625847266
mmlu-pro,None,1.0,0.2,0.05,59,0.01797998696565628,0.903298689561681
mmlu-pro,None,1.0,0.2,0.05,60,0.01788979209959507,0.9087211929507456
mmlu-pro,None,1.0,0.2,0.05,61,0.01776205748319626,0.9014911884319928
mmlu-pro,None,1.0,0.2,0.05,62,0.017836878076195717,0.9105286940804338
mmlu-pro,None,1.0,0.2,0.05,63,0.017974764108657837,0.8969724356077723
mmlu-pro,None,1.0,0.2,0.05,64,0.01819787174463272,0.8969724356077723
mmlu-pro,None,1.0,0.2,0.05,65,0.01796133816242218,0.9073655671034795
mmlu-pro,None,1.0,0.2,0.25,33,0.01609005406498909,0.9272480795300497
mmlu-pro,None,1.0,0.2,0.25,34,0.016154592856764793,0.9322187076366923
mmlu-pro,None,1.0,0.2,0.25,35,0.016110984608530998,0.9195661997288749
mmlu-pro,None,1.0,0.2,0.25,36,0.016071930527687073,0.9258924536827836
mmlu-pro,None,1.0,0.2,0.25,37,0.016103047877550125,0.9272480795300497
mmlu-pro,None,1.0,0.2,0.25,38,0.016173215582966805,0.9263443289652057
mmlu-pro,None,1.0,0.2,0.25,39,0.01613706722855568,0.9340262087663805
mmlu-pro,None,1.0,0.2,0.25,40,0.016094306483864784,0.9331224582015364
mmlu-pro,None,1.0,0.2,0.25,41,0.01613110490143299,0.9335743334839585
mmlu-pro,None,1.0,0.2,0.25,42,0.016119347885251045,0.9299593312245821
mmlu-pro,None,1.0,0.2,0.25,43,0.016100170090794563,0.9344780840488026
mmlu-pro,None,1.0,0.2,0.25,44,0.016152579337358475,0.9385449615906011
mmlu-pro,None,1.0,0.2,0.25,45,0.016156336292624474,0.9322187076366923
mmlu-pro,None,1.0,0.2,0.25,46,0.01605234481394291,0.9326705829191143
mmlu-pro,None,1.0,0.2,0.25,47,0.01613052934408188,0.9367374604609128
mmlu-pro,None,1.0,0.2,0.25,48,0.016119448468089104,0.9286037053773158
mmlu-pro,None,1.0,0.2,0.25,49,0.016148477792739868,0.9313149570718482
mmlu-pro,None,1.0,0.2,0.25,50,0.016152778640389442,0.9358337098960687
mmlu-pro,None,1.0,0.2,0.25,51,0.016146888956427574,0.9308630817894261
mmlu-pro,None,1.0,0.2,0.25,52,0.0161049235612154,0.9353818346136467
mmlu-pro,None,1.0,0.2,0.25,53,0.01612185873091221,0.9249887031179395
mmlu-pro,None,1.0,0.2,0.25,54,0.016119398176670074,0.9218255761409851
mmlu-pro,None,1.0,0.2,0.25,55,0.016151700168848038,0.9331224582015364
mmlu-pro,None,1.0,0.2,0.25,56,0.016086427494883537,0.9141436963398103
mmlu-pro,None,1.0,0.2,0.25,57,0.01609545387327671,0.9267962042476277
mmlu-pro,None,1.0,0.2,0.25,58,0.016118869185447693,0.9299593312245821
mmlu-pro,None,1.0,0.2,0.25,59,0.01613776944577694,0.9286037053773158
mmlu-pro,None,1.0,0.2,0.25,60,0.01609213277697563,0.9358337098960687
mmlu-pro,None,1.0,0.2,0.25,61,0.01607273705303669,0.9308630817894261
mmlu-pro,None,1.0,0.2,0.25,62,0.01608048379421234,0.9299593312245821
mmlu-pro,None,1.0,0.2,0.25,63,0.01613348349928856,0.9249887031179395
mmlu-pro,None,1.0,0.2,0.25,64,0.016201592981815338,0.9258924536827836
mmlu-pro,None,1.0,0.2,0.25,65,0.0160831268876791,0.9245368278355174
mmlu-pro,None,1.0,0.2,0.5,33,0.016247203573584557,0.9317668323542703
mmlu-pro,None,1.0,0.2,0.5,34,0.01629960536956787,0.9421599638499775
mmlu-pro,None,1.0,0.2,0.5,35,0.016294417902827263,0.938093086308179
mmlu-pro,None,1.0,0.2,0.5,36,0.016255516558885574,0.9399005874378672
mmlu-pro,None,1.0,0.2,0.5,37,0.016286466270685196,0.9272480795300497
mmlu-pro,None,1.0,0.2,0.5,38,0.016300451010465622,0.9362855851784908
mmlu-pro,None,1.0,0.2,0.5,39,0.01632395014166832,0.9403524627202893
mmlu-pro,None,1.0,0.2,0.5,40,0.016285646706819534,0.9430637144148215
mmlu-pro,None,1.0,0.2,0.5,41,0.01629520021378994,0.9408043380027112
mmlu-pro,None,1.0,0.2,0.5,42,0.016302010044455528,0.9435155896972436
mmlu-pro,None,1.0,0.2,0.5,43,0.01628142222762108,0.9421599638499775
mmlu-pro,None,1.0,0.2,0.5,44,0.016295382753014565,0.9362855851784908
mmlu-pro,None,1.0,0.2,0.5,45,0.016297481954097748,0.9371893357433349
mmlu-pro,None,1.0,0.2,0.5,46,0.016256676986813545,0.9385449615906011
mmlu-pro,None,1.0,0.2,0.5,47,0.01626654341816902,0.9462268413917759
mmlu-pro,None,1.0,0.2,0.5,48,0.01627560518682003,0.9385449615906011
mmlu-pro,None,1.0,0.2,0.5,49,0.01629568636417389,0.9317668323542703
mmlu-pro,None,1.0,0.2,0.5,50,0.0163042601197958,0.9493899683687302
mmlu-pro,None,1.0,0.2,0.5,51,0.016288910061120987,0.9376412110257569
mmlu-pro,None,1.0,0.2,0.5,52,0.016239533200860023,0.9412562132851333
mmlu-pro,None,1.0,0.2,0.5,53,0.016279006376862526,0.938996836873023
mmlu-pro,None,1.0,0.2,0.5,54,0.016295678913593292,0.9353818346136467
mmlu-pro,None,1.0,0.2,0.5,55,0.016314899548888206,0.9362855851784908
mmlu-pro,None,1.0,0.2,0.5,56,0.01627981662750244,0.9371893357433349
mmlu-pro,None,1.0,0.2,0.5,57,0.016258297488093376,0.9435155896972436
mmlu-pro,None,1.0,0.2,0.5,58,0.01631545089185238,0.938996836873023
mmlu-pro,None,1.0,0.2,0.5,59,0.016275661066174507,0.9358337098960687
mmlu-pro,None,1.0,0.2,0.5,60,0.0162951722741127,0.9480343425214641
mmlu-pro,None,1.0,0.2,0.5,61,0.016264645382761955,0.9313149570718482
mmlu-pro,None,1.0,0.2,0.5,62,0.01628226228058338,0.9331224582015364
mmlu-pro,None,1.0,0.2,0.5,63,0.01629650965332985,0.9399005874378672
mmlu-pro,None,1.0,0.2,0.5,64,0.016300002112984657,0.9358337098960687
mmlu-pro,None,1.0,0.2,0.5,65,0.01629509963095188,0.9394487121554451
mmlu-pro,None,1.0,0.2,0.75,33,0.01752832531929016,0.9417080885675554
mmlu-pro,None,1.0,0.2,0.75,34,0.017549239099025726,0.94713059195662
mmlu-pro,None,1.0,0.2,0.75,35,0.017550820484757423,0.9439674649796657
mmlu-pro,None,1.0,0.2,0.75,36,0.017520945519208908,0.9412562132851333
mmlu-pro,None,1.0,0.2,0.75,37,0.017534544691443443,0.9448712155445097
mmlu-pro,None,1.0,0.2,0.75,38,0.017535613849759102,0.9344780840488026
mmlu-pro,None,1.0,0.2,0.75,39,0.017558634281158447,0.9403524627202893
mmlu-pro,None,1.0,0.2,0.75,40,0.017549876123666763,0.938093086308179
mmlu-pro,None,1.0,0.2,0.75,41,0.017541611567139626,0.9417080885675554
mmlu-pro,None,1.0,0.2,0.75,42,0.017557714134454727,0.9403524627202893
mmlu-pro,None,1.0,0.2,0.75,43,0.017526891082525253,0.9412562132851333
mmlu-pro,None,1.0,0.2,0.75,44,0.017546016722917557,0.9439674649796657
mmlu-pro,None,1.0,0.2,0.75,45,0.017532823607325554,0.9548124717577949
mmlu-pro,None,1.0,0.2,0.75,46,0.017517516389489174,0.9480343425214641
mmlu-pro,None,1.0,0.2,0.75,47,0.017510801553726196,0.9444193402620877
mmlu-pro,None,1.0,0.2,0.75,48,0.017534708604216576,0.9462268413917759
mmlu-pro,None,1.0,0.2,0.75,49,0.01754102297127247,0.9457749661093539
mmlu-pro,None,1.0,0.2,0.75,50,0.017552340403199196,0.9489380930863082
mmlu-pro,None,1.0,0.2,0.75,51,0.017533930018544197,0.9385449615906011
mmlu-pro,None,1.0,0.2,0.75,52,0.017522728070616722,0.9335743334839585
mmlu-pro,None,1.0,0.2,0.75,53,0.017545927315950394,0.9408043380027112
mmlu-pro,None,1.0,0.2,0.75,54,0.01755749247968197,0.9426118391323995
mmlu-pro,None,1.0,0.2,0.75,55,0.01756046526134014,0.9426118391323995
mmlu-pro,None,1.0,0.2,0.75,56,0.01752680353820324,0.9367374604609128
mmlu-pro,None,1.0,0.2,0.75,57,0.017518414184451103,0.9435155896972436
mmlu-pro,None,1.0,0.2,0.75,58,0.017545850947499275,0.9367374604609128
mmlu-pro,None,1.0,0.2,0.75,59,0.017534183338284492,0.9448712155445097
mmlu-pro,None,1.0,0.2,0.75,60,0.017531082034111023,0.9521012200632626
mmlu-pro,None,1.0,0.2,0.75,61,0.017527297139167786,0.9421599638499775
mmlu-pro,None,1.0,0.2,0.75,62,0.017526593059301376,0.9385449615906011
mmlu-pro,None,1.0,0.2,0.75,63,0.017535703256726265,0.9299593312245821
mmlu-pro,None,1.0,0.2,0.75,64,0.0175262913107872,0.9313149570718482
mmlu-pro,None,1.0,0.2,0.75,65,0.017549024894833565,0.9417080885675554
mmlu-pro,None,1.0,0.225,0.05,33,0.016279997304081917,0.885675553547221
mmlu-pro,None,1.0,0.225,0.05,34,0.016430696472525597,0.8978761861726164
mmlu-pro,None,1.0,0.225,0.05,35,0.01639878749847412,0.8870311793944872
mmlu-pro,None,1.0,0.225,0.05,36,0.01634538359940052,0.9105286940804338
mmlu-pro,None,1.0,0.225,0.05,37,0.01633239910006523,0.8951649344780841
mmlu-pro,None,1.0,0.225,0.05,38,0.016358934342861176,0.8910980569362856
mmlu-pro,None,1.0,0.225,0.05,39,0.01633782871067524,0.902846814279259
mmlu-pro,None,1.0,0.225,0.05,40,0.01629922352731228,0.9073655671034795
mmlu-pro,None,1.0,0.225,0.05,41,0.016331475228071213,0.9001355625847266
mmlu-pro,None,1.0,0.225,0.05,42,0.016473397612571716,0.8983280614550384
mmlu-pro,None,1.0,0.225,0.05,43,0.016266798600554466,0.9001355625847266
mmlu-pro,None,1.0,0.225,0.05,44,0.016371168196201324,0.9023949389968369
mmlu-pro,None,1.0,0.225,0.05,45,0.016397306695580482,0.8992318120198826
mmlu-pro,None,1.0,0.225,0.05,46,0.016132809221744537,0.8978761861726164
mmlu-pro,None,1.0,0.225,0.05,47,0.016181616112589836,0.8901943063714415
mmlu-pro,None,1.0,0.225,0.05,48,0.01623406447470188,0.8942611839132399
mmlu-pro,None,1.0,0.225,0.05,49,0.016339659690856934,0.8992318120198826
mmlu-pro,None,1.0,0.225,0.05,50,0.01633610390126705,0.8969724356077723
mmlu-pro,None,1.0,0.225,0.05,51,0.01624814048409462,0.8974243108901944
mmlu-pro,None,1.0,0.225,0.05,52,0.016217252239584923,0.8838680524175327
mmlu-pro,None,1.0,0.225,0.05,53,0.01618504896759987,0.8879349299593312
mmlu-pro,None,1.0,0.225,0.05,54,0.016093285754323006,0.8987799367374605
mmlu-pro,None,1.0,0.225,0.05,55,0.016279026865959167,0.8956168097605062
mmlu-pro,None,1.0,0.225,0.05,56,0.016284223645925522,0.8784455490284682
mmlu-pro,None,1.0,0.225,0.05,57,0.016278507187962532,0.886127428829643
mmlu-pro,None,1.0,0.225,0.05,58,0.016353467479348183,0.8983280614550384
mmlu-pro,None,1.0,0.225,0.05,59,0.016261626034975052,0.8915499322187077
mmlu-pro,None,1.0,0.225,0.05,60,0.016172805801033974,0.9010393131495708
mmlu-pro,None,1.0,0.225,0.05,61,0.016093656420707703,0.8960686850429281
mmlu-pro,None,1.0,0.225,0.05,62,0.016156122088432312,0.8910980569362856
mmlu-pro,None,1.0,0.225,0.05,63,0.016253510490059853,0.8825124265702666
mmlu-pro,None,1.0,0.225,0.05,64,0.016448577865958214,0.8870311793944872
mmlu-pro,None,1.0,0.225,0.05,65,0.016259849071502686,0.8915499322187077
mmlu-pro,None,1.0,0.225,0.25,33,0.014581468887627125,0.912336195210122
mmlu-pro,None,1.0,0.225,0.25,34,0.014635905623435974,0.9258924536827836
mmlu-pro,None,1.0,0.225,0.25,35,0.014610434882342815,0.9136918210573882
mmlu-pro,None,1.0,0.225,0.25,36,0.014555979520082474,0.9191143244464528
mmlu-pro,None,1.0,0.225,0.25,37,0.0145920030772686,0.9173068233167646
mmlu-pro,None,1.0,0.225,0.25,38,0.014651551842689514,0.9204699502937189
mmlu-pro,None,1.0,0.225,0.25,39,0.014637477695941925,0.9263443289652057
mmlu-pro,None,1.0,0.225,0.25,40,0.014582348056137562,0.9304112065070042
mmlu-pro,None,1.0,0.225,0.25,41,0.014626720920205116,0.9267962042476277
mmlu-pro,None,1.0,0.225,0.25,42,0.014596176333725452,0.9204699502937189
mmlu-pro,None,1.0,0.225,0.25,43,0.014584571123123169,0.920921825576141
mmlu-pro,None,1.0,0.225,0.25,44,0.014626366086304188,0.9331224582015364
mmlu-pro,None,1.0,0.225,0.25,45,0.014638691209256649,0.9213737008585631
mmlu-pro,None,1.0,0.225,0.25,46,0.014539132826030254,0.9213737008585631
mmlu-pro,None,1.0,0.225,0.25,47,0.01460849866271019,0.9308630817894261
mmlu-pro,None,1.0,0.225,0.25,48,0.014606056734919548,0.9231812019882513
mmlu-pro,None,1.0,0.225,0.25,49,0.01463361643254757,0.9258924536827836
mmlu-pro,None,1.0,0.225,0.25,50,0.014629144221544266,0.9249887031179395
mmlu-pro,None,1.0,0.225,0.25,51,0.014636901207268238,0.9204699502937189
mmlu-pro,None,1.0,0.225,0.25,52,0.014600799418985844,0.9231812019882513
mmlu-pro,None,1.0,0.225,0.25,53,0.014612582512199879,0.9177586985991867
mmlu-pro,None,1.0,0.225,0.25,54,0.014602094888687134,0.9109805693628559
mmlu-pro,None,1.0,0.225,0.25,55,0.014641908928751945,0.9240849525530954
mmlu-pro,None,1.0,0.225,0.25,56,0.014572982676327229,0.9042024401265251
mmlu-pro,None,1.0,0.225,0.25,57,0.014586569741368294,0.9164030727519205
mmlu-pro,None,1.0,0.225,0.25,58,0.014608576893806458,0.9290555806597379
mmlu-pro,None,1.0,0.225,0.25,59,0.014623778872191906,0.9177586985991867
mmlu-pro,None,1.0,0.225,0.25,60,0.014576940797269344,0.9258924536827836
mmlu-pro,None,1.0,0.225,0.25,61,0.014569488354027271,0.9231812019882513
mmlu-pro,None,1.0,0.225,0.25,62,0.014560495503246784,0.9191143244464528
mmlu-pro,None,1.0,0.225,0.25,63,0.014618647284805775,0.9236330772706733
mmlu-pro,None,1.0,0.225,0.25,64,0.014666332863271236,0.9177586985991867
mmlu-pro,None,1.0,0.225,0.25,65,0.014574387110769749,0.9154993221870764
mmlu-pro,None,1.0,0.225,0.5,33,0.014787434600293636,0.9322187076366923
mmlu-pro,None,1.0,0.225,0.5,34,0.01483643427491188,0.9408043380027112
mmlu-pro,None,1.0,0.225,0.5,35,0.014837835915386677,0.9258924536827836
mmlu-pro,None,1.0,0.225,0.5,36,0.01479631569236517,0.9403524627202893
mmlu-pro,None,1.0,0.225,0.5,37,0.014825133606791496,0.9272480795300497
mmlu-pro,None,1.0,0.225,0.5,38,0.014840723015367985,0.9331224582015364
mmlu-pro,None,1.0,0.225,0.5,39,0.01486185658723116,0.9344780840488026
mmlu-pro,None,1.0,0.225,0.5,40,0.01482686772942543,0.9399005874378672
mmlu-pro,None,1.0,0.225,0.5,41,0.01483494695276022,0.9412562132851333
mmlu-pro,None,1.0,0.225,0.5,42,0.014833749271929264,0.9367374604609128
mmlu-pro,None,1.0,0.225,0.5,43,0.014822998084127903,0.9344780840488026
mmlu-pro,None,1.0,0.225,0.5,44,0.014826592057943344,0.9276999548124718
mmlu-pro,None,1.0,0.225,0.5,45,0.014835305511951447,0.9286037053773158
mmlu-pro,None,1.0,0.225,0.5,46,0.014796631410717964,0.9308630817894261
mmlu-pro,None,1.0,0.225,0.5,47,0.014802364632487297,0.9462268413917759
mmlu-pro,None,1.0,0.225,0.5,48,0.014813549816608429,0.9385449615906011
mmlu-pro,None,1.0,0.225,0.5,49,0.014832021668553352,0.9308630817894261
mmlu-pro,None,1.0,0.225,0.5,50,0.014839944429695606,0.9480343425214641
mmlu-pro,None,1.0,0.225,0.5,51,0.014829637482762337,0.9276999548124718
mmlu-pro,None,1.0,0.225,0.5,52,0.014793964102864265,0.9349299593312246
mmlu-pro,None,1.0,0.225,0.5,53,0.014822895638644695,0.9340262087663805
mmlu-pro,None,1.0,0.225,0.5,54,0.014832807704806328,0.9317668323542703
mmlu-pro,None,1.0,0.225,0.5,55,0.014856154099106789,0.9326705829191143
mmlu-pro,None,1.0,0.225,0.5,56,0.014817467890679836,0.9267962042476277
mmlu-pro,None,1.0,0.225,0.5,57,0.014800266362726688,0.9371893357433349
mmlu-pro,None,1.0,0.225,0.5,58,0.014845923520624638,0.9358337098960687
mmlu-pro,None,1.0,0.225,0.5,59,0.014820541255176067,0.9353818346136467
mmlu-pro,None,1.0,0.225,0.5,60,0.01483144611120224,0.9412562132851333
mmlu-pro,None,1.0,0.225,0.5,61,0.014812253415584564,0.9249887031179395
mmlu-pro,None,1.0,0.225,0.5,62,0.014819622971117496,0.9331224582015364
mmlu-pro,None,1.0,0.225,0.5,63,0.014841067604720592,0.9290555806597379
mmlu-pro,None,1.0,0.225,0.5,64,0.01483101025223732,0.9340262087663805
mmlu-pro,None,1.0,0.225,0.5,65,0.014833936467766762,0.9331224582015364
mmlu-pro,None,1.0,0.225,0.75,33,0.016037194058299065,0.9462268413917759
mmlu-pro,None,1.0,0.225,0.75,34,0.016055695712566376,0.9435155896972436
mmlu-pro,None,1.0,0.225,0.75,35,0.016058092936873436,0.9399005874378672
mmlu-pro,None,1.0,0.225,0.75,36,0.016030622646212578,0.938093086308179
mmlu-pro,None,1.0,0.225,0.75,37,0.016042092815041542,0.9417080885675554
mmlu-pro,None,1.0,0.225,0.75,38,0.016045482829213142,0.9326705829191143
mmlu-pro,None,1.0,0.225,0.75,39,0.016065742820501328,0.9376412110257569
mmlu-pro,None,1.0,0.225,0.75,40,0.01605754904448986,0.938093086308179
mmlu-pro,None,1.0,0.225,0.75,41,0.01605021208524704,0.9426118391323995
mmlu-pro,None,1.0,0.225,0.75,42,0.01605897583067417,0.9417080885675554
mmlu-pro,None,1.0,0.225,0.75,43,0.016039900481700897,0.9367374604609128
mmlu-pro,None,1.0,0.225,0.75,44,0.016049949452280998,0.9417080885675554
mmlu-pro,None,1.0,0.225,0.75,45,0.01604372076690197,0.9539087211929508
mmlu-pro,None,1.0,0.225,0.75,46,0.016029611229896545,0.9480343425214641
mmlu-pro,None,1.0,0.225,0.75,47,0.016019953414797783,0.946678716674198
mmlu-pro,None,1.0,0.225,0.75,48,0.01604262739419937,0.94713059195662
mmlu-pro,None,1.0,0.225,0.75,49,0.016048390418291092,0.9448712155445097
mmlu-pro,None,1.0,0.225,0.75,50,0.016060637310147285,0.9511974694984184
mmlu-pro,None,1.0,0.225,0.75,51,0.01604292169213295,0.9426118391323995
mmlu-pro,None,1.0,0.225,0.75,52,0.016039710491895676,0.9394487121554451
mmlu-pro,None,1.0,0.225,0.75,53,0.0160581786185503,0.9367374604609128
mmlu-pro,None,1.0,0.225,0.75,54,0.016064507886767387,0.9412562132851333
mmlu-pro,None,1.0,0.225,0.75,55,0.016070308163762093,0.9362855851784908
mmlu-pro,None,1.0,0.225,0.75,56,0.0160386823117733,0.9394487121554451
mmlu-pro,None,1.0,0.225,0.75,57,0.016029609367251396,0.9417080885675554
mmlu-pro,None,1.0,0.225,0.75,58,0.016049884259700775,0.9317668323542703
mmlu-pro,None,1.0,0.225,0.75,59,0.01604505442082882,0.9412562132851333
mmlu-pro,None,1.0,0.225,0.75,60,0.01603645272552967,0.9457749661093539
mmlu-pro,None,1.0,0.225,0.75,61,0.016039034351706505,0.9439674649796657
mmlu-pro,None,1.0,0.225,0.75,62,0.01603611372411251,0.9408043380027112
mmlu-pro,None,1.0,0.225,0.75,63,0.016050171107053757,0.92950745594216
mmlu-pro,None,1.0,0.225,0.75,64,0.016033871099352837,0.9304112065070042
mmlu-pro,None,1.0,0.225,0.75,65,0.016058728098869324,0.938093086308179
mmlu-pro,None,1.0,0.25,0.05,33,0.014796420931816101,0.8689561680976051
mmlu-pro,None,1.0,0.25,0.05,34,0.014947348274290562,0.8865793041120651
mmlu-pro,None,1.0,0.25,0.05,35,0.014933417551219463,0.8748305467690918
mmlu-pro,None,1.0,0.25,0.05,36,0.014884009025990963,0.8974243108901944
mmlu-pro,None,1.0,0.25,0.05,37,0.014850527979433537,0.8761861726163579
mmlu-pro,None,1.0,0.25,0.05,38,0.01489713229238987,0.8757342973339358
mmlu-pro,None,1.0,0.25,0.05,39,0.014877398498356342,0.8897424310890195
mmlu-pro,None,1.0,0.25,0.05,40,0.014815366826951504,0.8942611839132399
mmlu-pro,None,1.0,0.25,0.05,41,0.014863726682960987,0.8929055580659738
mmlu-pro,None,1.0,0.25,0.05,42,0.015017375349998474,0.8847718029823769
mmlu-pro,None,1.0,0.25,0.05,43,0.014790006913244724,0.8897424310890195
mmlu-pro,None,1.0,0.25,0.05,44,0.01492484100162983,0.8888386805241754
mmlu-pro,None,1.0,0.25,0.05,45,0.014925196766853333,0.885223678264799
mmlu-pro,None,1.0,0.25,0.05,46,0.014680957421660423,0.8865793041120651
mmlu-pro,None,1.0,0.25,0.05,47,0.014735773205757141,0.877089923181202
mmlu-pro,None,1.0,0.25,0.05,48,0.01478550024330616,0.885223678264799
mmlu-pro,None,1.0,0.25,0.05,49,0.014868124388158321,0.886127428829643
mmlu-pro,None,1.0,0.25,0.05,50,0.014891861006617546,0.8811568007230005
mmlu-pro,None,1.0,0.25,0.05,51,0.01480597909539938,0.885675553547221
mmlu-pro,None,1.0,0.25,0.05,52,0.014778216369450092,0.8725711703569815
mmlu-pro,None,1.0,0.25,0.05,53,0.014765501953661442,0.8757342973339358
mmlu-pro,None,1.0,0.25,0.05,54,0.01465858705341816,0.886127428829643
mmlu-pro,None,1.0,0.25,0.05,55,0.014820212498307228,0.886127428829643
mmlu-pro,None,1.0,0.25,0.05,56,0.014824280515313148,0.8689561680976051
mmlu-pro,None,1.0,0.25,0.05,57,0.014812587760388851,0.8752824220515139
mmlu-pro,None,1.0,0.25,0.05,58,0.014866938814520836,0.885223678264799
mmlu-pro,None,1.0,0.25,0.05,59,0.014800800941884518,0.8829643018526887
mmlu-pro,None,1.0,0.25,0.05,60,0.014733927324414253,0.8838680524175327
mmlu-pro,None,1.0,0.25,0.05,61,0.014646746218204498,0.8807049254405784
mmlu-pro,None,1.0,0.25,0.05,62,0.014720269478857517,0.8734749209218257
mmlu-pro,None,1.0,0.25,0.05,63,0.014791016466915607,0.8707636692272933
mmlu-pro,None,1.0,0.25,0.05,64,0.014959659427404404,0.8716674197921374
mmlu-pro,None,1.0,0.25,0.05,65,0.014813043177127838,0.8816086760054226
mmlu-pro,None,1.0,0.25,0.25,33,0.01327804196625948,0.9023949389968369
mmlu-pro,None,1.0,0.25,0.25,34,0.01333034597337246,0.9100768187980118
mmlu-pro,None,1.0,0.25,0.25,35,0.013312133960425854,0.9069136918210574
mmlu-pro,None,1.0,0.25,0.25,36,0.013256581500172615,0.9073655671034795
mmlu-pro,None,1.0,0.25,0.25,37,0.01328175887465477,0.9055580659737913
mmlu-pro,None,1.0,0.25,0.25,38,0.013343765400350094,0.9091730682331677
mmlu-pro,None,1.0,0.25,0.25,39,0.013343716971576214,0.9141436963398103
mmlu-pro,None,1.0,0.25,0.25,40,0.013278824277222157,0.9182105738816088
mmlu-pro,None,1.0,0.25,0.25,41,0.013330506160855293,0.911432444645278
mmlu-pro,None,1.0,0.25,0.25,42,0.013297596015036106,0.9096249435155898
mmlu-pro,None,1.0,0.25,0.25,43,0.01328617986291647,0.9096249435155898
mmlu-pro,None,1.0,0.25,0.25,44,0.013323605060577393,0.920921825576141
mmlu-pro,None,1.0,0.25,0.25,45,0.013335298746824265,0.9118843199277
mmlu-pro,None,1.0,0.25,0.25,46,0.013240212574601173,0.911432444645278
mmlu-pro,None,1.0,0.25,0.25,47,0.013307629153132439,0.9132399457749661
mmlu-pro,None,1.0,0.25,0.25,48,0.013308046385645866,0.9118843199277
mmlu-pro,None,1.0,0.25,0.25,49,0.013335956260561943,0.9177586985991867
mmlu-pro,None,1.0,0.25,0.25,50,0.013328149914741516,0.9118843199277
mmlu-pro,None,1.0,0.25,0.25,51,0.013346577063202858,0.9091730682331677
mmlu-pro,None,1.0,0.25,0.25,52,0.013305419124662876,0.9055580659737913
mmlu-pro,None,1.0,0.25,0.25,53,0.013309983536601067,0.9037505648441031
mmlu-pro,None,1.0,0.25,0.25,54,0.01330772414803505,0.8974243108901944
mmlu-pro,None,1.0,0.25,0.25,55,0.013332714326679707,0.9100768187980118
mmlu-pro,None,1.0,0.25,0.25,56,0.013279804028570652,0.8951649344780841
mmlu-pro,None,1.0,0.25,0.25,57,0.013291866518557072,0.9064618165386353
mmlu-pro,None,1.0,0.25,0.25,58,0.01330600306391716,0.9132399457749661
mmlu-pro,None,1.0,0.25,0.25,59,0.013319767080247402,0.9046543154089471
mmlu-pro,None,1.0,0.25,0.25,60,0.013279612176120281,0.920921825576141
mmlu-pro,None,1.0,0.25,0.25,61,0.013279040344059467,0.9136918210573882
mmlu-pro,None,1.0,0.25,0.25,62,0.013267336413264275,0.9087211929507456
mmlu-pro,None,1.0,0.25,0.25,63,0.013322197832167149,0.9100768187980118
mmlu-pro,None,1.0,0.25,0.25,64,0.013367507606744766,0.9019430637144149
mmlu-pro,None,1.0,0.25,0.25,65,0.013283983804285526,0.9023949389968369
mmlu-pro,None,1.0,0.25,0.5,33,0.013531150296330452,0.9218255761409851
mmlu-pro,None,1.0,0.25,0.5,34,0.013586496002972126,0.9371893357433349
mmlu-pro,None,1.0,0.25,0.5,35,0.013586954213678837,0.920018075011297
mmlu-pro,None,1.0,0.25,0.5,36,0.01354640070348978,0.9340262087663805
mmlu-pro,None,1.0,0.25,0.5,37,0.013572330586612225,0.9272480795300497
mmlu-pro,None,1.0,0.25,0.5,38,0.013589642010629177,0.9254405784003615
mmlu-pro,None,1.0,0.25,0.5,39,0.013612501323223114,0.9344780840488026
mmlu-pro,None,1.0,0.25,0.5,40,0.013571870513260365,0.938996836873023
mmlu-pro,None,1.0,0.25,0.5,41,0.01358286663889885,0.938996836873023
mmlu-pro,None,1.0,0.25,0.5,42,0.013579074293375015,0.9258924536827836
mmlu-pro,None,1.0,0.25,0.5,43,0.013573609292507172,0.9263443289652057
mmlu-pro,None,1.0,0.25,0.5,44,0.013572797179222107,0.9258924536827836
mmlu-pro,None,1.0,0.25,0.5,45,0.013587377034127712,0.9204699502937189
mmlu-pro,None,1.0,0.25,0.5,46,0.013546452857553959,0.9308630817894261
mmlu-pro,None,1.0,0.25,0.5,47,0.013548151589930058,0.9358337098960687
mmlu-pro,None,1.0,0.25,0.5,48,0.013561103492975235,0.92950745594216
mmlu-pro,None,1.0,0.25,0.5,49,0.013579156249761581,0.9231812019882513
mmlu-pro,None,1.0,0.25,0.5,50,0.01359056681394577,0.9358337098960687
mmlu-pro,None,1.0,0.25,0.5,51,0.013580738566815853,0.9272480795300497
mmlu-pro,None,1.0,0.25,0.5,52,0.01354547031223774,0.920018075011297
mmlu-pro,None,1.0,0.25,0.5,53,0.013570250943303108,0.9290555806597379
mmlu-pro,None,1.0,0.25,0.5,54,0.013579030521214008,0.9240849525530954
mmlu-pro,None,1.0,0.25,0.5,55,0.013599702157080173,0.9258924536827836
mmlu-pro,None,1.0,0.25,0.5,56,0.01356237567961216,0.9182105738816088
mmlu-pro,None,1.0,0.25,0.5,57,0.013550281524658203,0.9322187076366923
mmlu-pro,None,1.0,0.25,0.5,58,0.013589221984148026,0.9308630817894261
mmlu-pro,None,1.0,0.25,0.5,59,0.013569028116762638,0.9249887031179395
mmlu-pro,None,1.0,0.25,0.5,60,0.013577385805547237,0.9340262087663805
mmlu-pro,None,1.0,0.25,0.5,61,0.013561536557972431,0.9218255761409851
mmlu-pro,None,1.0,0.25,0.5,62,0.01356345135718584,0.9263443289652057
mmlu-pro,None,1.0,0.25,0.5,63,0.01359029021114111,0.9218255761409851
mmlu-pro,None,1.0,0.25,0.5,64,0.01357963401824236,0.9267962042476277
mmlu-pro,None,1.0,0.25,0.5,65,0.013584285043179989,0.9322187076366923
mmlu-pro,None,1.0,0.25,0.75,33,0.014763097278773785,0.9408043380027112
mmlu-pro,None,1.0,0.25,0.75,34,0.014788082800805569,0.9403524627202893
mmlu-pro,None,1.0,0.25,0.75,35,0.014786431565880775,0.9340262087663805
mmlu-pro,None,1.0,0.25,0.75,36,0.014762814156711102,0.9367374604609128
mmlu-pro,None,1.0,0.25,0.75,37,0.014772084541618824,0.9412562132851333
mmlu-pro,None,1.0,0.25,0.75,38,0.014775030314922333,0.9326705829191143
mmlu-pro,None,1.0,0.25,0.75,39,0.014794249087572098,0.9371893357433349
mmlu-pro,None,1.0,0.25,0.75,40,0.014780818484723568,0.9335743334839585
mmlu-pro,None,1.0,0.25,0.75,41,0.014778166078031063,0.9399005874378672
mmlu-pro,None,1.0,0.25,0.75,42,0.014782711863517761,0.9362855851784908
mmlu-pro,None,1.0,0.25,0.75,43,0.014770557172596455,0.9317668323542703
mmlu-pro,None,1.0,0.25,0.75,44,0.014777788892388344,0.946678716674198
mmlu-pro,None,1.0,0.25,0.75,45,0.014776268042623997,0.947582467239042
mmlu-pro,None,1.0,0.25,0.75,46,0.014758878387510777,0.9435155896972436
mmlu-pro,None,1.0,0.25,0.75,47,0.014747433364391327,0.9358337098960687
mmlu-pro,None,1.0,0.25,0.75,48,0.014773589558899403,0.946678716674198
mmlu-pro,None,1.0,0.25,0.75,49,0.014778581447899342,0.938996836873023
mmlu-pro,None,1.0,0.25,0.75,50,0.014787731692194939,0.9525530953456847
mmlu-pro,None,1.0,0.25,0.75,51,0.014773218892514706,0.9426118391323995
mmlu-pro,None,1.0,0.25,0.75,52,0.014769140630960464,0.9349299593312246
mmlu-pro,None,1.0,0.25,0.75,53,0.014783728867769241,0.9335743334839585
mmlu-pro,None,1.0,0.25,0.75,54,0.014787928201258183,0.9362855851784908
mmlu-pro,None,1.0,0.25,0.75,55,0.014795592054724693,0.9367374604609128
mmlu-pro,None,1.0,0.25,0.75,56,0.014769086614251137,0.9371893357433349
mmlu-pro,None,1.0,0.25,0.75,57,0.014759795740246773,0.9403524627202893
mmlu-pro,None,1.0,0.25,0.75,58,0.01477743312716484,0.9272480795300497
mmlu-pro,None,1.0,0.25,0.75,59,0.01477503590285778,0.9367374604609128
mmlu-pro,None,1.0,0.25,0.75,60,0.014768318273127079,0.9484862178038862
mmlu-pro,None,1.0,0.25,0.75,61,0.014766667038202286,0.938093086308179
mmlu-pro,None,1.0,0.25,0.75,62,0.014764728955924511,0.9353818346136467
mmlu-pro,None,1.0,0.25,0.75,63,0.01477606501430273,0.9272480795300497
mmlu-pro,None,1.0,0.25,0.75,64,0.014763970859348774,0.92950745594216
mmlu-pro,None,1.0,0.25,0.75,65,0.014788459055125713,0.9322187076366923
